4	1	0	FFFFFF FFFFFF C8DDFF FDCDCD FBFD85 FFFFFF 277E2E 319D3A 289BA6 2DC3C1 BE434C FFFFFF FFFFFF FFFFFF 0 1 1 1 0 1
4	2	0	FFFFFF FFFFFF C8DDFF FDCDCD FBFD85 FFFFFF 277E2E 319D3A 289BA6 2DC3C1 BE434C FFFFFF FFFFFF FFFFFF 0 1 1 1 0 1
4	3	0	FFFFFF FFFFFF C8DDFF FDCDCD FBFD85 FFFFFF 277E2E 319D3A 289BA6 2DC3C1 BE434C FFFFFF FFFFFF FFFFFF 0 1 1 1 0 1
4	4	0	FFFFFF FFFFFF C8DDFF FDCDCD FFE851 FFFFFF AB5D05 DE7B0F AB5D05 DE7B0F 4A3CAC FFFFFF FFFFFF FFFFFF 0 1 1 1 0 1
4	5	0	FFFFFF FFFFFF C8DDFF FDCDCD FFE851 FFFFFF AB5D05 DE7B0F AB5D05 DE7B0F 4A3CAC FFFFFF FFFFFF FFFFFF 0 1 1 1 0 1
4	6	0	FFFFFF FFFFFF C8DDFF FDCDCD FFE851 FFFFFF AB5D05 DE7B0F AB5D05 DE7B0F 4A3CAC FFFFFF FFFFFF FFFFFF 0 1 1 1 0 1
4	7	0	FFFFFF 000000 D3E3FE FECCCC FFFCAA FFFFFF 3167A1 548DCB DDB568 FADCB2 7D563A 000000 000000 000000 0 1 1 1 0 1
4	8	0	FFFFFF 000000 D3E3FE FECCCC FFFCAA FFFFFF 3167A1 548DCB DDB568 FADCB2 7D563A 000000 000000 000000 0 1 1 1 0 1
4	9	0	FFFFFF 000000 D3E3FE FECCCC FFFCAA FFFFFF 3167A1 548DCB DDB568 FADCB2 7D563A 000000 000000 000000 0 1 1 1 0 1
4	10	0	FFFFFF FFFFFF C8DDFF FDCDCD B1FEFE FFFFFF 7D7BBD A094D0 C0B8DF A094D0 CE768B FFFFFF FFFFFF FFFFFF 0 1 1 1 0 1
4	11	0	FFFFFF FFFFFF C8DDFF FDCDCD B1FEFE FFFFFF 7D7BBD A094D0 C0B8DF A094D0 CE768B FFFFFF FFFFFF FFFFFF 0 1 1 1 0 1
4	12	0	FFFFFF FFFFFF C8DDFF FDCDCD B1FEFE FFFFFF 7D7BBD A094D0 C0B8DF A094D0 CE768B FFFFFF FFFFFF FFFFFF 0 1 1 1 0 1
4	13	0	FFFFFF FFFFFF 00DDFE FFB195 FCFF6B FFFFFF FF78AF 2F2F2F FFE84F 2F2F2F 000000 FFFFFF FFFFFF FFFFFF 0 1 1 1 0 1
4	14	0	FFFFFF FFFFFF 00DDFE FFB195 FCFF6B FFFFFF FF78AF 2F2F2F FFE84F 2F2F2F 000000 FFFFFF FFFFFF FFFFFF 0 1 1 1 0 1
4	15	0	FFFFFF FFFFFF 00DDFE FFB195 FCFF6B FFFFFF FF78AF 2F2F2F FFE84F 2F2F2F 000000 FFFFFF FFFFFF FFFFFF 0 1 1 1 0 1
4	16	0	000000 000000 0343B0 B40002 9B6A76 FFFFFF B59099 F1E6BA B59099 F1E6BA AF8748 000000 000000 000000 0 1 1 1 0 1
4	17	0	000000 000000 0343B0 B40002 9B6A76 FFFFFF B59099 F1E6BA B59099 F1E6BA AF8748 000000 000000 000000 0 1 1 1 0 1
4	18	0	000000 000000 0343B0 B40002 9B6A76 FFFFFF B59099 F1E6BA B59099 F1E6BA AF8748 000000 000000 000000 0 1 1 1 0 1
4	19	0	000000 000000 0343B0 B40002 9B6037 FFFFFF D1A07E FFF7B0 D1A07E FFF7B0 BF7700 000000 000000 000000 0 1 1 1 0 1
4	20	0	000000 000000 0343B0 B40002 9B6037 FFFFFF D1A07E FFF7B0 D1A07E FFF7B0 BF7700 000000 000000 000000 0 1 1 1 0 1
4	21	0	FFFFFF FFFFFF D3E3FE FFC5C5 FFF6AA FFFFFF B87532 EA933D F1BC87 EA933D AA614A FFFFFF FFFFFF FFFFFF 0 1 1 1 0 1
4	22	0	FFFFFF FFFFFF D3E3FE FFC5C5 FFF6AA FFFFFF B87532 EA933D F1BC87 EA933D AA614A FFFFFF FFFFFF FFFFFF 0 1 1 1 0 1
4	23	0	FFFFFF FFFFFF C8DDFF FDCDCD F0F028 E7848F 64529B 9078C8 64529B 9078C8 413C43 FFFFFF FFFFFF FFFFFF 0 1 1 1 0 1
4	24	0	FFFFFF FFFFFF C8DDFF FDCDCD F0F028 E7848F 64529B 9078C8 64529B 9078C8 413C43 FFFFFF FFFFFF FFFFFF 0 1 1 1 0 1
4	25	0	000000 000000 0343B0 B40002 8B5D00 FFFFFF FFD600 F2A300 FFD600 F2A300 74532C 000000 000000 000000 0 1 1 1 0 1
4	26	0	000000 000000 0343B0 B40002 8B5D00 FFFFFF FFD600 F2A300 FFD600 F2A300 74532C 000000 000000 000000 0 1 1 1 0 1
4	27	0	000000 000000 0343B0 B40002 A68700 FFFFFF CEB252 FFE265 CFA76F F9D49E 936031 000000 000000 000000 0 1 1 1 0 1
4	28	0	000000 000000 0343B0 B40002 A68700 FFFFFF CEB252 FFE265 CFA76F F9D49E 936031 000000 000000 000000 0 1 1 1 0 1
4	29	0	FFFFFF 000000 0343B0 B40002 FEFFBB FEFEFF 2C83B3 47A0D1 BFA549 E9D293 5D4326 000000 000000 FFFFFF 0 1 1 1 0 1
4	30	0	FFFFFF 000000 0343B0 B40002 FEFFBB FEFEFF 2C83B3 47A0D1 BFA549 E9D293 5D4326 000000 000000 FFFFFF 0 1 1 1 0 1
4	31	0	FFFFFF 000000 0343B0 B40002 FEFFBB FEFEFF 2C83B3 47A0D1 BFA549 E9D293 5D4326 000000 000000 FFFFFF 0 1 1 1 0 1
4	32	0	FFFFFF 000000 0343B0 B40002 FEF9AD FFFFFF C060B7 CE82C7 878D92 C7CACC 075368 000000 000000 FFFFFF 0 1 1 1 0 1
4	33	0	FFFFFF 000000 0343B0 B40002 FEF9AD FFFFFF C060B7 CE82C7 878D92 C7CACC 075368 000000 000000 FFFFFF 0 1 1 1 0 1
4	34	0	FFFFFF 000000 0343B0 B40002 FEF9AD FFFFFF C060B7 CE82C7 878D92 C7CACC 075368 000000 000000 FFFFFF 0 1 1 1 0 1
4	35	0	000000 000000 0343B0 B40002 9A4F65 FFFFFF C996A5 FFC5BB C996A5 FFC5BB 895D5D 000000 000000 000000 0 1 1 1 0 1
4	36	0	000000 000000 0343B0 B40002 9A4F65 FFFFFF C996A5 FFC5BB C996A5 FFC5BB 895D5D 000000 000000 000000 0 1 1 1 0 1
4	37	0	000000 000000 0072D2 C13200 72716D FFFFFF D09B4D F4F4A0 CFC077 F4F4A0 D09B4D 000000 000000 000000 0 1 1 1 0 1
4	38	0	000000 000000 0072D2 C13200 72716D FFFFFF D09B4D F4F4A0 CFC077 F4F4A0 D09B4D 000000 000000 000000 0 1 1 1 0 1
4	39	0	FFFFFF 000000 0343B0 B40002 FFF6B0 FFFFFF CB5F71 EC8294 BEBEBE E8E8E8 0D617D 000000 000000 000000 0 1 1 1 0 1
4	40	0	FFFFFF 000000 0343B0 B40002 FFF6B0 FFFFFF CB5F71 EC8294 BEBEBE E8E8E8 0D617D 000000 000000 000000 0 1 1 1 0 1
4	41	0	FFFFFF FFFFFF A2DFFF FFA73F FEFB9C FDFAA7 A957C5 CA73E7 DDA5EF CA73E7 486A9A FFFFFF FFFFFF FFFFFF 0 1 1 1 0 1
4	42	0	FFFFFF FFFFFF A2DFFF FFA73F FEFB9C FDFAA7 A957C5 CA73E7 DDA5EF CA73E7 486A9A FFFFFF FFFFFF FFFFFF 0 1 1 1 0 1
4	43	0	FFFFFF FFFFFF 65FF7E FFC43F FEFB9C FFFFFF C4222B EC5968 5B8BB5 73AEE4 3C6385 FFFFFF FFFFFF FFFFFF 0 1 1 1 0 1
4	44	0	FFFFFF FFFFFF 65FF7E FFC43F FEFB9C FFFFFF C4222B EC5968 5B8BB5 73AEE4 3C6385 FFFFFF FFFFFF FFFFFF 0 1 1 1 0 1
4	45	0	FFFFFF FFFFFF 65FF7E FFC43F FEFB9C FFFFFF C4222B EC5968 5B8BB5 73AEE4 3C6385 FFFFFF FFFFFF FFFFFF 0 1 1 1 0 1
4	46	0	FFFFFF FFFFFF 65FF7E FFC43F FEFB9C FFFFFF A92B43 DF5162 F2B19E E97655 7B313A FFFFFF FFFFFF FFFFFF 0 1 1 1 0 1
4	47	0	FFFFFF FFFFFF 65FF7E FFC43F FEFB9C FFFFFF A92B43 DF5162 F2B19E E97655 7B313A FFFFFF FFFFFF FFFFFF 0 1 1 1 0 1
4	48	0	FFFFFF FFFFFF 64DEFF FEC1BB FEFB9C FFFFFF E1CDD0 C69BC9 E1CDD0 C69BC9 578AC5 FFFFFF FFFFFF FFFFFF 0 1 1 1 0 1
4	49	0	FFFFFF FFFFFF 64DEFF FEC1BB FEFB9C FFFFFF E1CDD0 C69BC9 E1CDD0 C69BC9 578AC5 FFFFFF FFFFFF FFFFFF 0 1 1 1 0 1
4	50	0	000000 000000 0343B0 B40002 7D5848 FFDDFC AF8674 DCAC91 AF8674 DCAC91 815F49 000000 000000 000000 0 1 1 1 0 1
4	51	0	000000 000000 0343B0 B40002 7D5848 FFDDFC AF8674 DCAC91 AF8674 DCAC91 815F49 000000 000000 000000 0 1 1 1 0 1
4	52	0	000000 000000 0343B0 B40002 9A6C3E FFFFFF BC8B5A EEE9A9 C5BF6C EEE9A9 BC8B5A 000000 000000 000000 0 1 1 1 0 1
4	53	0	000000 000000 0343B0 B40002 9A6C3E FFFFFF BC8B5A EEE9A9 C5BF6C EEE9A9 BC8B5A 000000 000000 000000 0 1 1 1 0 1
4	54	0	FFFFFF 000000 0343B0 B40002 FFF799 FFFFFF 3C7BD6 69A8EE C8AF31 F6F1AA 1F4589 000000 000000 000000 0 1 1 1 0 1
4	55	0	FFFFFF 000000 0343B0 B40002 FFF799 FFFFFF 3C7BD6 69A8EE C8AF31 F6F1AA 1F4589 000000 000000 000000 0 1 1 1 0 1
4	56	0	000000 000000 0343B0 B40002 915C7C FFFFFF DC95A9 F3DCC6 DC95A9 F3DCC6 9E5646 000000 000000 000000 0 1 1 1 0 1
4	57	0	000000 000000 0343B0 B40002 915C7C FFFFFF DC95A9 F3DCC6 DC95A9 F3DCC6 9E5646 000000 000000 000000 0 1 1 1 0 1
4	58	0	FFFFFF 000000 0343B0 B40002 FFF09F FFFFFF BF642E E68A4B EDC484 FEEFCC 383838 000000 000000 000000 0 1 1 1 0 1
4	59	0	FFFFFF 000000 0343B0 B40002 FFF09F FFFFFF BF642E E68A4B EDC484 FEEFCC 383838 000000 000000 000000 0 1 1 1 0 1
4	60	0	FFFFFF FFFFFF 9CFF7A FE969D FEED69 FFFEFF 41729B 5488B6 41729B 5488B6 3E3E3E FFFFFF FFFFFF FFFFFF 0 1 1 1 0 1
4	61	0	FFFFFF FFFFFF 9CFF7A FE969D FEED69 FFFEFF 41729B 5488B6 41729B 5488B6 3E3E3E FFFFFF FFFFFF FFFFFF 0 1 1 1 0 1
4	62	0	FFFFFF FFFFFF 9CFF7A FE969D FEED69 FFFEFF 41729B 5488B6 41729B 5488B6 3E3E3E FFFFFF FFFFFF FFFFFF 0 1 1 1 0 1
4	63	0	FFFFFF FFFFFF C8DDFF FDCDCD FCFF92 FFFEFF AD7C20 C89D28 96827F 725F5D 322A29 FFFFFF FFFFFF FFFFFF 0 1 1 1 0 1
4	64	0	FFFFFF FFFFFF C8DDFF FDCDCD FCFF92 FFFEFF AD7C20 C89D28 96827F 725F5D 322A29 FFFFFF FFFFFF FFFFFF 0 1 1 1 0 1
4	65	0	FFFFFF FFFFFF C8DDFF FDCDCD FCFF92 FFFEFF AD7C20 C89D28 96827F 725F5D 322A29 FFFFFF FFFFFF FFFFFF 0 1 1 1 0 1
4	66	0	FFFFFF FFFFFF C8DDFF FDCDCD FEFFA0 FFFFFF 625B54 81776F 4F85B9 87ACD0 A85153 FFFFFF FFFFFF FFFFFF 0 1 1 1 0 1
4	67	0	FFFFFF FFFFFF C8DDFF FDCDCD FEFFA0 FFFFFF 625B54 81776F 4F85B9 87ACD0 A85153 FFFFFF FFFFFF FFFFFF 0 1 1 1 0 1
4	68	0	FFFFFF FFFFFF C8DDFF FDCDCD FEFFA0 FFFFFF 625B54 81776F 4F85B9 87ACD0 A85153 FFFFFF FFFFFF FFFFFF 0 1 1 1 0 1
4	69	0	FFFFFF 000000 C8DDFF FDCDCD FFF7A6 FFFFFF 488A45 59AA55 D0B338 F0DE74 AB545A 000000 000000 FFFFFF 0 1 1 1 0 1
4	70	0	FFFFFF 000000 C8DDFF FDCDCD FFF7A6 FFFFFF 488A45 59AA55 D0B338 F0DE74 AB545A 000000 000000 FFFFFF 0 1 1 1 0 1
4	71	0	FFFFFF 000000 C8DDFF FDCDCD FFF7A6 FFFFFF 488A45 59AA55 D0B338 F0DE74 AB545A 000000 000000 FFFFFF 0 1 1 1 0 1
4	72	0	FFFFFF FFFFFF C8DDFF FDCDCD FFFCB4 FA85AC 1D85BF 54B0E4 68606E 8D8594 000000 FFFFFF FFFFFF FFFFFF 0 1 1 1 0 1
4	73	0	FFFFFF FFFFFF C8DDFF FDCDCD FFFCB4 FA85AC 1D85BF 54B0E4 68606E 8D8594 000000 FFFFFF FFFFFF FFFFFF 0 1 1 1 0 1
4	74	0	FFFFFF FFFFFF 83FE74 FDB77E F9FF76 F78C86 A67A62 C0A190 BABBB7 969891 575953 FFFFFF FFFFFF FFFFFF 0 1 1 1 0 1
4	75	0	FFFFFF FFFFFF 83FE74 FDB77E F9FF76 F78C86 A67A62 C0A190 BABBB7 969891 575953 FFFFFF FFFFFF FFFFFF 0 1 1 1 0 1
4	76	0	FFFFFF FFFFFF 83FE74 FDB77E F9FF76 F78C86 A67A62 C0A190 BABBB7 969891 575953 FFFFFF FFFFFF FFFFFF 0 1 1 1 0 1
4	77	0	000000 000000 0086AD BE0036 B05F00 FFFFFF E3A500 FFC62C F5EFC4 EBE28B D07D35 000000 000000 000000 0 1 1 1 0 1
4	78	0	000000 000000 0086AD BE0036 B05F00 FFFFFF E3A500 FFC62C F5EFC4 EBE28B D07D35 000000 000000 000000 0 1 1 1 0 1
4	79	0	000000 000000 0343B0 B40002 8C5283 FFFFFF EDA0D2 F7D2EA 7CADBF A7C9D4 4A6777 000000 000000 000000 0 1 1 1 0 1
4	80	0	000000 000000 0343B0 B40002 8C5283 FFFFFF EDA0D2 F7D2EA 7CADBF A7C9D4 4A6777 000000 000000 000000 0 1 1 1 0 1
4	81	0	000000 000000 0343B0 B40002 3C61B1 FFFFFF 8AA8E5 B8D4F7 8AA8E5 B8D4F7 586170 000000 000000 000000 0 1 1 1 0 1
4	82	0	000000 000000 0343B0 B40002 3C61B1 FFFFFF 8AA8E5 B8D4F7 8AA8E5 B8D4F7 586170 000000 000000 000000 0 1 1 1 0 1
4	83	0	FFFFFF 000000 C8DDFF FDCDCD FFF095 FFFFFF A57D63 B99A86 DBCA63 EDE4B0 775942 000000 000000 FFFFFF 0 1 1 1 0 1
4	84	0	FFFFFF 000000 ADE7FE FEA3AB FFE691 EDEDED 8F6543 B08058 DDB757 EBD49B 646464 000000 000000 FFFFFF 0 1 1 1 0 1
4	85	0	FFFFFF 000000 ADE7FE FEA3AB FFE691 EDEDED 8F6543 B08058 DDB757 EBD49B 646464 000000 000000 FFFFFF 0 1 1 1 0 1
4	86	0	000000 000000 0343B0 B40002 646177 FFFFFF B0AEBD F0F0F3 B0AEBD F0F0F3 4F556E 000000 000000 000000 0 1 1 1 0 1
4	87	0	000000 000000 0343B0 B40002 646177 FFFFFF B0AEBD F0F0F3 B0AEBD F0F0F3 4F556E 000000 000000 000000 0 1 1 1 0 1
4	88	0	FFFFFF FFFFFF C8DDFF FDCDCD FDFE93 FFFFFF B8B1D5 8E83BC B0AEBD 8E83BC 4D486E FFFFFF FFFFFF FFFFFF 0 1 1 1 0 1
4	89	0	FFFFFF FFFFFF C8DDFF FDCDCD FDFE93 FFFFFF B8B1D5 8E83BC B0AEBD 8E83BC 4D486E FFFFFF FFFFFF FFFFFF 0 1 1 1 0 1
4	90	0	FFFFFF FFFFFF C8DDFF FDCDCD FFE670 FFFFFF A595C8 8B76B7 BFC0D8 9192BC 514680 FFFFFF FFFFFF FFFFFF 0 1 1 1 0 1
4	91	0	FFFFFF FFFFFF C8DDFF FDCDCD FFE670 FFFFFF A595C8 8B76B7 BFC0D8 9192BC 514680 FFFFFF FFFFFF FFFFFF 0 1 1 1 0 1
4	92	0	FFFFFF FFFFFF A5D4FF FF99B4 FFE670 F57984 54457B 715EA4 9587BB 715EA4 54457B FFFFFF FFFFFF FFFFFF 0 1 1 1 0 1
4	93	0	FFFFFF FFFFFF A5D4FF FF99B4 FFE670 F57984 54457B 715EA4 9587BB 715EA4 54457B FFFFFF FFFFFF FFFFFF 0 1 1 1 0 1
4	94	0	FFFFFF FFFFFF A5D4FF FF99B4 FFE670 F57984 54457B 715EA4 9587BB 715EA4 54457B FFFFFF FFFFFF FFFFFF 0 1 1 1 0 1
4	95	0	000000 000000 0074C1 BE0E00 456178 FFFFFF 97A9CD CADDF6 97A9CD CADDF6 566371 000000 000000 000000 0 1 1 1 0 1
4	96	0	000000 000000 0343B0 B40002 888300 FFFFFF C8C100 F5E86E C8C100 F5E86E 8B8B8B 000000 000000 000000 0 1 1 1 0 1
4	97	0	000000 000000 0343B0 B40002 888300 FFFFFF C8C100 F5E86E C8C100 F5E86E 8B8B8B 000000 000000 000000 0 1 1 1 0 1
4	98	0	FFFFFF FFFFFF 9FD0FF FFC8CF FFED5B FFFFFF EEA687 DF7840 DDC6B0 C49A74 7B6856 FFFFFF FFFFFF FFFFFF 0 1 1 1 0 1
4	99	0	FFFFFF FFFFFF 9FD0FF FFC8CF FFED5B FFFFFF EEA687 DF7840 DDC6B0 C49A74 7B6856 FFFFFF FFFFFF FFFFFF 0 1 1 1 0 1
4	100	0	000000 FFFFFF 0343B0 B40002 545F54 FFFFFF BCC4BC EEF0EE DF9892 CD5C53 828282 FFFFFF FFFFFF 000000 0 1 1 1 0 1
4	101	0	000000 FFFFFF 0343B0 B40002 545F54 FFFFFF BCC4BC EEF0EE DF9892 CD5C53 828282 FFFFFF FFFFFF 000000 0 1 1 1 0 1
4	102	0	FFFFFF FFFFFF BBEDFF FFB6B9 FFFB95 FFFFFF 449D43 5BB958 CCB09B B18564 756149 FFFFFF FFFFFF 000000 0 1 1 1 0 1
4	103	0	FFFFFF FFFFFF BBEDFF FFB6B9 FFFB95 FFFFFF 449D43 5BB958 CCB09B B18564 756149 FFFFFF FFFFFF 000000 0 1 1 1 0 1
4	104	0	000000 000000 0343B0 B40002 677F77 FFFFFF 9FB1AB F0F3F2 B8A65A F8F1B9 8E6749 000000 000000 000000 0 1 1 1 0 1
4	105	0	000000 000000 0343B0 B40002 677F77 FFFFFF 9FB1AB F0F3F2 B8A65A F8F1B9 8E6749 000000 000000 000000 0 1 1 1 0 1
4	106	0	FFFFFF 000000 B4E7FF FFBA8A FFEE5F FFFFFF 986F5B B59383 BEAC3C EDDE8D 6D524A 000000 000000 000000 0 1 1 1 0 1
4	107	0	000000 000000 006ED6 C12717 976B2D FFFFFF D8AB5C F6D07C DDACD2 E9C9E2 7F6040 000000 000000 000000 0 1 1 1 0 1
4	108	0	FFFFFF FFFFFF B8DBFE FEDBBB FFED7D FFFFFF B65677 D36585 B65677 D36585 D59087 FFFFFF FFFFFF FFFFFF 0 1 1 1 0 1
4	109	0	FFFFFF FFFFFF 8EC7FE FFAAB0 FFED7D FFFFFF 6B517A 916EA0 AB94B8 916EA0 6B517A FFFFFF FFFFFF FFFFFF 0 1 1 1 0 1
4	110	0	FFFFFF FFFFFF 8EC7FE FFAAB0 FFED7D FFFFFF 6B517A 916EA0 AB94B8 916EA0 6B517A FFFFFF FFFFFF FFFFFF 0 1 1 1 0 1
4	111	0	FFFFFF FFFFFF 8EC7FE FEADB3 FFED7D F8937A A89699 917A7E A89699 917A7E 525059 FFFFFF FFFFFF FFFFFF 0 1 1 1 0 1
4	112	0	FFFFFF FFFFFF 8EC7FE FEADB3 FFED7D F8937A A89699 917A7E A89699 917A7E 525059 FFFFFF FFFFFF FFFFFF 0 1 1 1 0 1
4	113	0	FFFFFF 000000 8EF7FE FFD1A7 FFED7D FFFFFF CB6D96 E48BAD D1D1D1 E8E8E8 A27086 000000 000000 FFFFFF 0 1 1 1 0 1
4	114	0	FFFFFF FFFFFF 8EF7FE FE9C9F FFED7D FFFFFF 4772B1 5D85BE A2B9DA 5D85BE C65776 FFFFFF FFFFFF FFFFFF 0 1 1 1 0 1
4	115	0	FFFFFF FFFFFF 8DDAFF FFCDC8 F1F0A0 F1F0A0 A86D4C C38D64 A86D4C C38D64 5E5D5C FFFFFF FFFFFF FFFFFF 0 1 1 1 0 1
4	116	0	FFFFFF FFFFFF 8DDAFF FEC7C1 FFF09B FFF09B 5083AD 699DC8 96BAD8 699DC8 5083AD FFFFFF FFFFFF FFFFFF 0 1 1 1 0 1
4	117	0	FFFFFF FFFFFF 8DDAFF FEC7C1 FFF09B FFF09B 5083AD 699DC8 96BAD8 699DC8 5083AD FFFFFF FFFFFF FFFFFF 0 1 1 1 0 1
4	118	0	FFFFFF FFFFFF B6C9E7 FFC57A F7F8C0 FFFFFF 9F3B21 D2502E E3937E D2502E 3B3B3B FFFFFF FFFFFF FFFFFF 0 1 1 1 0 1
4	119	0	FFFFFF FFFFFF B6C9E7 FFC57A F7F8C0 FFFFFF 9F3B21 D2502E E3937E D2502E 3B3B3B FFFFFF FFFFFF FFFFFF 0 1 1 1 0 1
4	120	0	FFFFFF FFFFFF A4DEFD F8B3C7 FBFF99 FBFF99 6D56AA 8574CB B6ADE0 8574CB 6D56AA FFFFFF FFFFFF FFFFFF 0 1 1 1 0 1
4	121	0	FFFFFF FFFFFF A4DEFD F8B3C7 FBFF99 FBFF99 6D56AA 8574CB B6ADE0 8574CB 6D56AA FFFFFF FFFFFF FFFFFF 0 1 1 1 0 1
4	122	0	FFFFFF FFFFFF 6CCAFF F9BDCE FFF1AD FFFFFF 2567AA 2D7CCA 84B3E4 2D7CCA D85366 FFFFFF FFFFFF FFFFFF 0 1 1 1 0 1
4	123	0	FFFFFF FFFFFF AAE2FF FEC0B7 FFF88B FFFFFF 5A8535 6EA241 9CC877 6EA241 A99763 FFFFFF FFFFFF FFFFFF 0 1 1 1 0 1
4	124	0	FFFFFF FFFFFF 7BFF6B FFC1A2 FFFF00 FFFFFF 624CA3 8963BF D78C79 C85446 624CA3 FFFFFF FFFFFF FFFFFF 0 1 1 1 0 1
4	125	0	000000 000000 0343B0 B40002 79680A FFFFFF C7AB12 EDD138 C7AB12 EDD138 3E3E3E 000000 000000 000000 0 1 1 1 0 1
4	126	0	FFFFFF FFFFFF 8AC9FF FFCFD0 FBDE77 FFFFFF BC4619 E3602E E8A5AB EC7E86 AB312D FFFFFF FFFFFF FFFFFF 0 1 1 1 0 1
4	127	0	FFFFFF FFFFFF AAD7FF FFC0BE FFF272 E8E8E8 A0654D BE8D79 DDC4BA BE8D79 797B79 FFFFFF FFFFFF FFFFFF 0 1 1 1 0 1
4	128	0	FFFFFF FFFFFF 8AC9FF FFAFAC FFF272 FFFFFF 7B6A5B 927E6C 7B6A5B 927E6C C39559 FFFFFF FFFFFF FFFFFF 0 1 1 1 0 1
4	129	0	FFFFFF 000000 C8DDFF FDCDCD FFF272 FFFFFF 2380D4 509DE2 B8A579 E0D2BA 2E67A8 000000 000000 FFFFFF 0 1 1 1 0 1
4	130	0	FFFFFF 000000 C8DDFF FDCDCD FFF272 FFFFFF 2380D4 509DE2 B8A579 E0D2BA 2E67A8 000000 000000 FFFFFF 0 1 1 1 0 1
4	131	0	FFFFFF FFFFFF B6FFC8 FDCDC9 FFF272 FFFFFF 4D88CD 6EB0E7 CDC3CA AA9AA6 685E61 FFFFFF FFFFFF FFFFFF 0 1 1 1 0 1
4	132	0	FFFFFF FFFFFF C8EAFF FEC4C1 FFF272 FFFFFF 956BD2 AC90E8 D0C0F2 AC90E8 956BD2 FFFFFF FFFFFF FFFFFF 0 1 1 1 0 1
4	133	0	FFFFFF 000000 C9E4FE FFC2BE FFE867 EFE3BD AC773A CE9852 D9BD65 EFE3BD 673E13 000000 000000 FFFFFF 0 1 1 1 0 1
4	134	0	FFFFFF FFFFFF B6FFB4 FED1CC FFF781 DDEFF7 258AB3 64BADE 9DD2E9 64BADE 375B8F FFFFFF FFFFFF FFFFFF 0 1 1 1 0 1
4	135	0	000000 000000 0076C8 A31B00 78319D DDEFF7 D7A608 F8D35B D7A608 F8D35B 000000 000000 000000 000000 0 1 1 1 0 1
4	136	0	FFFFFF 000000 A4E3FF FFCCB4 FFF1A5 FFFFFF C26747 E48148 D89B1B FBDC83 000000 000000 000000 000000 0 1 1 1 0 1
4	137	0	FFFFFF FFFFFF C8DDFF FDCDCD FFF07A D8E1F6 C72D63 E14A70 94C0E5 5DA1D8 2B4872 FFFFFF FFFFFF FFFFFF 0 1 1 1 0 1
4	138	0	000000 FFFFFF 0343B0 B40002 83611F FFFFFF BF8D2E DFBC7A 8AD8F2 2FBAE8 17497E FFFFFF FFFFFF 000000 0 1 1 1 0 1
4	139	0	000000 FFFFFF 0343B0 B40002 83611F FFFFFF BF8D2E DFBC7A 8AD8F2 2FBAE8 17497E FFFFFF FFFFFF 000000 0 1 1 1 0 1
4	140	0	FFFFFF FFFFFF A3E1FE FFAAB5 FFF092 DEDEDE 8F6543 B08058 8F6543 B08058 535353 FFFFFF FFFFFF FFFFFF 0 1 1 1 0 1
4	141	0	FFFFFF FFFFFF A3E1FE FFAAB5 FFF092 DEDEDE 8F6543 B08058 8F6543 B08058 535353 FFFFFF FFFFFF FFFFFF 0 1 1 1 0 1
4	142	0	FFFFFF FFFFFF B8DCFE FFC1A3 FEEA88 FFFFFF 646A7B 848A9B ACB0BB 848A9B 71449E FFFFFF FFFFFF FFFFFF 0 1 1 1 0 1
4	143	0	000000 000000 0343B0 B40002 8A672C FFFFFF DCC092 F3E9D9 DCC092 F3E9D9 085B85 000000 000000 000000 0 1 1 1 0 1
4	144	0	FFFFFF 000000 C8DDFF FDCDCD FEEA88 FFFFFF 2A7AC0 4995D7 68B7C8 C7EEF4 2A7AC0 000000 000000 FFFFFF 0 1 1 1 0 1
4	145	0	000000 000000 0343B0 B40002 914D0E FFFFFF CC6C14 EC913D B8A926 EBDA49 000000 000000 000000 000000 0 1 1 1 0 1
4	146	0	FFFFFF FFFFFF C8DDFF FDCDCD FFF76C FFFFFF C24C1D DF5F2C B3821F E39E0F 854224 FFFFFF FFFFFF FFFFFF 0 1 1 1 0 1
4	147	0	000000 000000 0343B0 B40002 A66B00 FEFEFF D68A00 FFB52E E4C982 FFEBBE 1A7086 000000 000000 000000 0 1 1 1 0 1
4	148	0	000000 000000 0343B0 B40002 A66B00 FEFEFF D68A00 FFB52E E4C982 FFEBBE 1A7086 000000 000000 000000 0 1 1 1 0 1
4	149	0	000000 000000 0343B0 B40002 A66B00 FEFEFF D68A00 FFB52E E4C982 FFEBBE 1A7086 000000 000000 000000 0 1 1 1 0 1
4	150	0	000000 000000 004A7A A30400 8E4766 FEFFFE B38BB3 DBD4E0 F1EFF3 DBD4E0 B38BB3 000000 000000 000000 0 1 1 1 0 1
4	151	0	000000 000000 0343B0 B40002 964872 FEFFFE DD8399 F2B2C7 DD8399 F2B2C7 C65D84 000000 000000 000000 0 1 1 1 0 1
4	152	0	FFFFFF FFFFFF 0343B0 B40002 F7FE88 FFFFFF 509B36 65BE46 9AD486 65BE46 DF596D FFFFFF FFFFFF FFFFFF 0 1 1 1 0 1
4	153	0	FFFFFF FFFFFF 0343B0 B40002 F7FE88 FFFFFF 509B36 65BE46 9AD486 65BE46 DF596D FFFFFF FFFFFF FFFFFF 0 1 1 1 0 1
4	154	0	FFFFFF FFFFFF 0343B0 B40002 F7FE88 FFFFFF 509B36 65BE46 9AD486 65BE46 DF596D FFFFFF FFFFFF FFFFFF 0 1 1 1 0 1
4	155	0	FFFFFF 000000 C8DDFF FDCDCD FFF683 FFFFFF 335676 43719B DABA5C FBE898 96493B 000000 000000 FFFFFF 0 1 1 1 0 1
4	156	0	FFFFFF 000000 C8DDFF FDCDCD FFF683 FFFFFF 335676 43719B DABA5C FBE898 96493B 000000 000000 FFFFFF 0 1 1 1 0 1
4	157	0	FFFFFF 000000 C8DDFF FDCDCD FFF683 FFFFFF 335676 43719B DABA5C FBE898 96493B 000000 000000 FFFFFF 0 1 1 1 0 1
4	158	0	FFFFFF 000000 9BE9FF FED2C1 FFF683 FFFFFF 1E89B4 30ABDC FDF2CD FADE7F D4696A 000000 000000 000000 0 1 1 1 0 1
4	159	0	FFFFFF 000000 9BE9FF FED2C1 FFF683 FFFFFF 1E89B4 30ABDC FDF2CD FADE7F D4696A 000000 000000 000000 0 1 1 1 0 1
4	160	0	FFFFFF 000000 9BE9FF FED2C1 FFF683 FFFFFF 1E89B4 30ABDC FDF2CD FADE7F D4696A 000000 000000 000000 0 1 1 1 0 1
4	161	0	FFFFFF 000000 C8DDFF FDCDCD FFF683 FFFFFF 896250 A47865 C3996E DEC5AD 896250 000000 000000 FFFFFF 0 1 1 1 0 1
4	162	0	FFFFFF 000000 C8DDFF FDCDCD FFF683 FFFFFF 896250 A47865 C3996E DEC5AD 896250 000000 000000 FFFFFF 0 1 1 1 0 1
4	163	0	FFFFFF 000000 C8DDFF FDCDCD FFF683 FFFFFF 845D4E AB8272 BEB47A E3D9B7 543832 000000 000000 FFFFFF 0 1 1 1 0 1
4	164	0	FFFFFF 000000 C8DDFF FDCDCD FFF683 FFFFFF 845D4E AB8272 BEB47A E3D9B7 543832 000000 000000 FFFFFF 0 1 1 1 0 1
4	165	0	FFFFFF 000000 C8DDFF FDCDCD FFF683 FFFFFF AF2D37 D3545E C1AE74 EDE1A0 2F2E2B 000000 000000 FFFFFF 0 1 1 1 0 1
4	166	0	FFFFFF 000000 C8DDFF FDCDCD FFF683 FFFFFF AF2D37 D3545E C1AE74 EDE1A0 2F2E2B 000000 000000 FFFFFF 0 1 1 1 0 1
4	167	0	FFFFFF FFFFFF 9BE9FF FFBBA2 FFF683 FFFFFF C82536 DC4353 BEB2D7 917DBC 252422 FFFFFF FFFFFF FFFFFF 0 1 1 1 0 1
4	168	0	FFFFFF FFFFFF 9BE9FF FFBBA2 FFF683 FFFFFF C82536 DC4353 BEB2D7 917DBC 252422 FFFFFF FFFFFF FFFFFF 0 1 1 1 0 1
4	169	0	FFFFFF FFFFFF A2DFFF FFA73F FEFB9C FDFAA7 A957C5 CA73E7 DDA5EF CA73E7 486A9A FFFFFF FFFFFF FFFFFF 0 1 1 1 0 1
4	170	0	FFFFFF 000000 C8DDFF FDCDCD FFF683 FFFFFF 396AC2 6B94E5 CEB34F F1E68A 396AC2 000000 000000 FFFFFF 0 1 1 1 0 1
4	171	0	FFFFFF 000000 C8DDFF FDCDCD FFF683 FFFFFF 396AC2 6B94E5 CEB34F F1E68A 396AC2 000000 000000 FFFFFF 0 1 1 1 0 1
4	172	0	000000 000000 0343B0 B40002 8B5D00 FFFFFF FFD600 F2A300 FFD600 F2A300 74532C 000000 000000 000000 0 1 1 1 0 1
4	173	0	000000 000000 0343B0 B40002 9A4F65 FFFFFF C996A5 FFC5BB C996A5 FFC5BB 895D5D 000000 000000 000000 0 1 1 1 0 1
4	174	0	FFFFFF 000000 0343B0 B40002 FFF6B0 FFFFFF CB5F71 EC8294 BEBEBE E8E8E8 0D617D 000000 000000 000000 0 1 1 1 0 1
4	175	0	000000 000000 0030CC C50031 5F5F5F FFFFFF B9B9B9 F8F8F8 B9B9B9 F8F8F8 4583C7 000000 000000 FFFFFF 0 1 1 1 0 1
4	176	0	000000 000000 0030CC C50031 5F5F5F FFFFFF B9B9B9 F8F8F8 B9B9B9 F8F8F8 4583C7 000000 000000 FFFFFF 0 1 1 1 0 1
4	177	0	000000 000000 0030CC C50031 4B6927 FFFFFF 5AAF31 96D876 C5DBE6 E5EFF4 AF5359 000000 000000 FFFFFF 0 1 1 1 0 1
4	178	0	000000 000000 0030CC C50031 4B6927 FFFFFF 5AAF31 96D876 C5DBE6 E5EFF4 AF5359 000000 000000 FFFFFF 0 1 1 1 0 1
4	179	0	FFFFFF 000000 C8DDFF FDCDCD FEED58 FFFFFF 454545 5B5B5B B9AC33 EAE163 BB4555 000000 000000 FFFFFF 0 1 1 1 0 1
4	180	0	FFFFFF 000000 C8DDFF FDCDCD FEED58 FFFFFF 454545 5B5B5B B9AC33 EAE163 BB4555 000000 000000 FFFFFF 0 1 1 1 0 1
4	181	0	FFFFFF 000000 C8DDFF FDCDCD FEED58 FFFFFF 454545 5B5B5B B9AC33 EAE163 BB4555 000000 000000 FFFFFF 0 1 1 1 0 1
4	182	0	FFFFFF 000000 C8DDFF FDCDCD FEF48C FFFFFF 415E43 547A58 C29D2B EFD777 CA3C3E 000000 000000 FFFFFF 0 1 1 1 0 1
4	183	0	FFFFFF FFFFFF ACD5FF FECFDB FFEB76 FFFFFF 0E79BC 3496D8 79B7E4 3496D8 BC566E FFFFFF FFFFFF FFFFFF 0 1 1 1 0 1
4	184	0	FFFFFF FFFFFF ACD5FF FECFDB FFEB76 FFFFFF 0E79BC 3496D8 79B7E4 3496D8 BC566E FFFFFF FFFFFF FFFFFF 0 1 1 1 0 1
4	185	0	FFFFFF FFFFFF 9CFF7A FE969D FEED69 FFFFFF 84644A A47C5D BA9C85 A47C5D 4F6047 FFFFFF FFFFFF FFFFFF 0 1 1 1 0 1
4	186	0	FFFFFF 000000 BEDAFF FEC1C1 FEF296 FFFFFF 658A3E 84B253 D6CA4C ECE497 516280 000000 000000 FFFFFF 0 1 1 1 0 1
4	187	0	FFFFFF FFFFFF B7FEB9 FECCCD FFF151 FFFFFF 5977B1 8098D2 B4C2E3 8098D2 A99C84 FFFFFF FFFFFF FFFFFF 0 1 1 1 0 1
4	188	0	FFFFFF FFFFFF B7FEB9 FECCCD FFF151 FFFFFF 5977B1 8098D2 B4C2E3 8098D2 A99C84 FFFFFF FFFFFF FFFFFF 0 1 1 1 0 1
4	189	0	FFFFFF FFFFFF B7FEB9 FECCCD FFF151 FFFFFF 5977B1 8098D2 B4C2E3 8098D2 A99C84 FFFFFF FFFFFF FFFFFF 0 1 1 1 0 1
4	190	0	FFFFFF 000000 C8DDFF FDCDCD FFF699 FFFFFF 8362A3 9376AF BAA549 EBD89A D1666F 000000 000000 FFFFFF 0 1 1 1 0 1
4	191	0	000000 FFFFFF 0343B0 B40002 847A17 FFFFFF C3B423 E5E269 A5D0A2 6CB467 4C8142 FFFFFF FFFFFF 000000 0 1 1 1 0 1
4	192	0	000000 FFFFFF 0343B0 B40002 847A17 FFFFFF C3B423 E5E269 A5D0A2 6CB467 4C8142 FFFFFF FFFFFF 000000 0 1 1 1 0 1
4	193	0	FFFFFF FFFFFF 92CEFF FEA28E FFEA61 FFFFFF 4D5C3F 5F7847 E8908D DD5955 3D3B3B FFFFFF FFFFFF FFFFFF 0 1 1 1 0 1
4	194	0	FFFFFF FFFFFF B7DEFE FEBFB1 FFEA61 FFFFFF 287CAA 44A0D2 AAA0CB 8E81BA 163F4C FFFFFF FFFFFF FFFFFF 0 1 1 1 0 1
4	195	0	FFFFFF FFFFFF B7DEFE FEBFB1 FFEA61 FFFFFF 287CAA 44A0D2 AAA0CB 8E81BA 163F4C FFFFFF FFFFFF FFFFFF 0 1 1 1 0 1
4	196	0	000000 000000 0343B0 B40002 904B6C FFFFFF DBA0C5 EFD5E4 DBA0C5 EFD5E4 225C8C 000000 000000 000000 0 1 1 1 0 1
4	197	0	FFFFFF FFFFFF C8DDFF FDCDCD F67F82 FEED73 2C2F32 3F4345 2C2F32 3F4345 000000 FFFFFF FFFFFF FFFFFF 0 1 1 1 0 1
4	198	0	FFFFFF FFFFFF 00BDFF FF8264 FFFF65 FFFFFF 293B50 395270 72716A 4D4C47 862E3A FFFFFF FFFFFF FFFFFF 0 1 1 1 0 1
4	199	0	000000 000000 0343B0 B40002 707070 FFFFFF B1AEA9 EDECEA D2C686 EFE9B1 C07A88 000000 000000 000000 0 1 1 1 0 1
4	200	0	FFFFFF FFFFFF B4DFFF FFCCB0 FFED57 FFFFFF 675386 8069A2 675386 8069A2 C07EAA FFFFFF FFFFFF FFFFFF 0 1 1 1 0 1
4	201	0	FFFFFF FFFFFF B4DFFF FFCCB0 FFED57 FFFFFF 000000 25292B 42494C 25292B 000000 FFFFFF FFFFFF FFFFFF 0 1 1 1 0 1
4	202	0	FFFFFF FFFFFF BBE0FF FEC3C1 FFE848 FFFFFF 0F77A1 119CD8 0F77A1 119CD8 343532 FFFFFF FFFFFF FFFFFF 0 1 1 1 0 1
4	203	0	FFFFFF FFFFFF C8DDFF FDCDCD FFEA95 FFFFFF AD750D E7981D 705044 876152 B65C58 FFFFFF FFFFFF FFFFFF 0 1 1 1 0 1
4	204	0	000000 000000 0044C1 B0000E 964B5C FFFFFF C3A1BC E4D5E1 C3A1BC E4D5E1 9E3F3F 000000 000000 000000 0 1 1 1 0 1
4	205	0	000000 000000 0044C1 B0000E 964B5C FFFFFF C3A1BC E4D5E1 C3A1BC E4D5E1 9E3F3F 000000 000000 000000 0 1 1 1 0 1
4	206	0	000000 000000 0343B0 B40002 8B8321 FFFFFF D2C746 FDEE8E D2C746 FDEE8E 1E809B 000000 000000 000000 0 1 1 1 0 1
4	207	0	FFFFFF FFFFFF C1E4FF FEB4A3 FFE883 FFFFFF 6871A0 848BB2 B3B8CF 848BB2 B94759 FFFFFF FFFFFF FFFFFF 0 1 1 1 0 1
4	208	0	000000 000000 0074C1 BE0E00 456178 FFFFFF 97A9CD CADDF6 97A9CD CADDF6 566371 000000 000000 000000 0 1 1 1 0 1
4	209	0	FFFFFF FFFFFF C8DDFF FDCDCD FFF3A9 FFFFFF 9E669F BB8BB3 9E669F BB8BB3 41403F FFFFFF FFFFFF FFFFFF 0 1 1 1 0 1
4	210	0	FFFFFF FFFFFF C8DDFF FDCDCD FFF3A9 FFFFFF 9E669F BB8BB3 9E669F BB8BB3 41403F FFFFFF FFFFFF FFFFFF 0 1 1 1 0 1
4	211	0	FFFFFF 000000 C1E4FF FFC0A2 FFE883 FFFFFF 2D504F 427674 C0C382 E6EEC7 2D504F 000000 000000 FFFFFF 0 1 1 1 0 1
4	212	0	FFFFFF FFFFFF C8DDFF FDCDCD FFE883 FFFFFF 962123 D3363A 962123 D3363A 000000 FFFFFF FFFFFF FFFFFF 0 1 1 1 0 1
4	213	0	000000 000000 0343B0 B40002 88750D FFFFFF D2B514 FFE64C E7C973 F4E6BE A33A3F 000000 000000 000000 0 1 1 1 0 1
4	214	0	FFFFFF FFFFFF A2FFBE FEBA9C FEF94E FFFFFF 3D6884 548BAF 84ABC5 548BAF 3D6884 FFFFFF FFFFFF FFFFFF 0 1 1 1 0 1
4	215	0	FFFFFF FFFFFF C8DDFF FDCDCD FEF94E FFFFFF 4F5A75 707D9E 4F5A75 707D9E A73742 FFFFFF FFFFFF FFFFFF 0 1 1 1 0 1
4	216	0	FFFFFF FFFFFF A2D3FF FEBA9C FFEB55 FFFFFF 8D5C45 B0785E C49B88 B0785E 674534 FFFFFF FFFFFF FFFFFF 0 1 1 1 0 1
4	217	0	FFFFFF FFFFFF A2D3FF FEBA9C FFEB55 FFFFFF 8D5C45 B0785E C49B88 B0785E 674534 FFFFFF FFFFFF FFFFFF 0 1 1 1 0 1
4	218	0	FFFFFF FFFFFF BBD9FF FFCAC5 FAFE54 FFFFFF CB5028 F16854 ABB0BD 757E93 434855 FFFFFF FFFFFF FFFFFF 0 1 1 1 0 1
4	219	0	FFFFFF FFFFFF BBD9FF FFCAC5 FAFE54 FFFFFF CB5028 F16854 ABB0BD 757E93 434855 FFFFFF FFFFFF FFFFFF 0 1 1 1 0 1
4	220	0	FFFFFF 000000 A2D8FF FFA9A5 FEFF95 FFFFFF 805C4B A47966 E3C6A5 FDF3EC 345D8C 000000 000000 FFFFFF 0 1 1 1 0 1
4	221	0	FFFFFF 000000 A2D8FF FFA9A5 FEFF95 FFFFFF 805C4B A47966 E3C6A5 FDF3EC 345D8C 000000 000000 FFFFFF 0 1 1 1 0 1
4	222	0	000000 000000 0343B0 B40002 8F3855 FFFFFF E490AA FDBCCE ABCDDE DCF1F9 4A5F6F 000000 000000 000000 0 1 1 1 0 1
4	223	0	FFFFFF 000000 A6DCFF FFC989 FFF36B FFFFFF C53D38 E66052 DEB144 F9DA83 943933 000000 000000 FFFFFF 0 1 1 1 0 1
4	224	0	FFFFFF 000000 A6DCFF FFC989 FFF36B FFFFFF C53D38 E66052 DEB144 F9DA83 943933 000000 000000 FFFFFF 0 1 1 1 0 1
4	225	0	000000 000000 004BCC C50900 737373 FFFFFF BBB0B8 F2F0F1 D7BB59 F2D887 C53F2F 000000 000000 000000 0 1 1 1 0 1
4	226	0	FFFFFF 000000 BCD4FD FDAEAE FEF588 FFFFFF 25508E 3470C7 CCB0D6 E5D6EA 25508E 000000 000000 000000 0 1 1 1 0 1
4	227	0	000000 FFFFFF 0343B0 B40002 3064A8 FFFFFF 97B7E1 D1DFF2 586281 7983A3 A5423A FFFFFF FFFFFF 000000 0 1 1 1 0 1
4	228	0	FFFFFF FFFFFF C8DDFF FDCDCD FFE75F FFFFFF 3B3430 5A4F49 3B3430 5A4F49 C8573C FFFFFF FFFFFF FFFFFF 0 1 1 1 0 1
4	229	0	FFFFFF FFFFFF C8DDFF FDCDCD FFE75F FFFFFF 3B3430 5A4F49 3B3430 5A4F49 C8573C FFFFFF FFFFFF FFFFFF 0 1 1 1 0 1
4	230	0	FFFFFF FFFFFF 8DDAFF FEC7C1 FFF09B FFF09B 5083AD 699DC8 96BAD8 699DC8 5083AD FFFFFF FFFFFF FFFFFF 0 1 1 1 0 1
4	231	0	FFFFFF 000000 8DDAFF FFA49B FFEA9B FFFFFF 424A52 56606B 92B2CF C6D7E6 853534 000000 000000 FFFFFF 0 1 1 1 0 1
4	232	0	FFFFFF 000000 8DDAFF FFA49B FFEA9B FFFFFF 424A52 56606B 92B2CF C6D7E6 853534 000000 000000 FFFFFF 0 1 1 1 0 1
4	233	0	FFFFFF FFFFFF C8DDFF FDCDCD FFF07A D8E1F6 C72D63 E14A70 94C0E5 5DA1D8 2B4872 FFFFFF FFFFFF FFFFFF 0 1 1 1 0 1
4	234	0	FFFFFF FFFFFF C8DDFF FDCDCD F6EDB5 FFFFFF 7D5E4B A9856F C7AFA1 A9856F 623D23 FFFFFF FFFFFF FFFFFF 0 1 1 1 0 1
4	235	0	000000 FFFFFF 0343B0 B40002 97692A FFFFFF E0BE8F F2E4D0 C78E6E B06B44 597454 FFFFFF FFFFFF 000000 0 1 1 1 0 1
4	236	0	000000 000000 006ED6 C12717 94671B FFFFFF D8AB5C F6D07C DDACD2 E9C9E2 7F6040 000000 000000 000000 0 1 1 1 0 1
4	237	0	FFFFFF FFFFFF 91DDFF FFD999 FFF681 FFFFFF 41678E 5583B1 BEA395 A78471 41678E FFFFFF FFFFFF FFFFFF 0 1 1 1 0 1
4	238	0	FFFFFF FFFFFF 7BFF6B FFC1A2 FFFF00 FFFFFF 624CA3 8963BF D78C79 C85446 624CA3 FFFFFF FFFFFF FFFFFF 0 1 1 1 0 1
4	239	0	000000 000000 0343B0 B40002 79680A FFFFFF C7AB12 EDD138 C7AB12 EDD138 3E3E3E 000000 000000 000000 0 1 1 1 0 1
4	240	0	FFFFFF FFFFFF 8AC9FF FFCFD0 FBDE77 FFFFFF BC4619 E3602E E8A5AB EC7E86 AB312D FFFFFF FFFFFF FFFFFF 0 1 1 1 0 1
4	241	0	000000 000000 0343B0 B40002 A03C4F FFFFFF D88284 FAB4A4 DCC061 FFEDB6 000000 000000 000000 000000 0 1 1 1 0 1
4	242	0	FFFFFF 000000 8EF7FE FFD1A7 FFED7D FFFFFF CB6D96 E48BAD D1D1D1 E8E8E8 A27086 000000 000000 FFFFFF 0 1 1 1 0 1
4	243	0	000000 000000 0343B0 B40002 30668D FFFFFF 72A6CD A8D4ED CDAC53 E4D697 98668B 000000 000000 000000 0 1 1 1 0 1
4	244	0	FFFFFF FFFFFF A9D9FF FFA481 EEFF5B FFFFFF 653C1F 7E4E33 A7AFBA 808C9B A23340 FFFFFF FFFFFF FFFFFF 0 1 1 1 0 1
4	245	0	FFFFFF 000000 A9D9FF FFD681 EEFF5B FFFFFF 8E6390 AD82A7 729FBB C3DFE5 2E576F 000000 000000 FFFFFF 0 1 1 1 0 1
4	246	0	000000 000000 0343B0 B40002 59663F FFFFFF 899E62 B6CAA0 899E62 B6CAA0 596F91 000000 000000 000000 0 1 1 1 0 1
4	247	0	000000 000000 0343B0 B40002 59663F FFFFFF 899E62 B6CAA0 899E62 B6CAA0 596F91 000000 000000 000000 0 1 1 1 0 1
4	248	0	000000 000000 0343B0 B40002 59663F FFFFFF 899E62 B6CAA0 899E62 B6CAA0 596F91 000000 000000 000000 0 1 1 1 0 1
4	249	0	000000 000000 0343B0 B40002 5146AE FFFFFF B5B0DF F8F7FC 6F99D0 ACC8EB 39416D 000000 000000 000000 0 1 1 1 0 1
4	250	0	FFFFFF 000000 C8DDFF FDCDCD F7FF83 FFFFFF C84928 E46441 BCC5B3 EDF0E5 3A445B 000000 000000 FFFFFF 0 1 1 1 0 1
4	251	0	000000 000000 0343B0 B40002 828F3C FFFFFF C0CB83 E1F0CB 84B85D B3D791 2279AF 000000 000000 000000 0 1 1 1 0 1
4	252	0	FFFFFF FFFFFF C8DDFF FDCDCD FEF59D FFFFFF 3F7E51 55A86B 3F7E51 55A86B 375D3F FFFFFF FFFFFF FFFFFF 0 1 1 1 0 1
4	253	0	FFFFFF FFFFFF C8DDFF FDCDCD FEF59D FFFFFF 3F7E51 55A86B 3F7E51 55A86B 375D3F FFFFFF FFFFFF FFFFFF 0 1 1 1 0 1
4	254	0	FFFFFF FFFFFF C8DDFF FDCDCD FEF59D FFFFFF 3F7E51 55A86B 3F7E51 55A86B 375D3F FFFFFF FFFFFF FFFFFF 0 1 1 1 0 1
4	255	0	000000 FFFFFF 0343B0 B40002 966716 FFFFFF ECC47F F7E6C8 DB8D78 CB593B 5E534E FFFFFF FFFFFF 000000 0 1 1 1 0 1
4	256	0	000000 FFFFFF 0343B0 B40002 966716 FFFFFF ECC47F F7E6C8 DB8D78 CB593B 5E534E FFFFFF FFFFFF 000000 0 1 1 1 0 1
4	257	0	000000 FFFFFF 0343B0 B40002 966716 FFFFFF ECC47F F7E6C8 DB8D78 CB593B 5E534E FFFFFF FFFFFF 000000 0 1 1 1 0 1
4	258	0	FFFFFF FFFFFF C8DDFF FDCDCD FFF67A FFFFFF 495563 627284 4AB7F4 0B97E8 495563 FFFFFF FFFFFF FFFFFF 0 1 1 1 0 1
4	259	0	FFFFFF FFFFFF C8DDFF FDCDCD FFF67A FFFFFF 495563 627284 4AB7F4 0B97E8 495563 FFFFFF FFFFFF FFFFFF 0 1 1 1 0 1
4	260	0	FFFFFF FFFFFF C8DDFF FDCDCD FFF67A FFFFFF 495563 627284 4AB7F4 0B97E8 495563 FFFFFF FFFFFF FFFFFF 0 1 1 1 0 1
4	261	0	FFFFFF 000000 B3D6FF F27168 FFF05B FFFFFF 0D0D0D 2F2F2C A3A3A3 DCDCDC 403D3D 000000 000000 FFFFFF 0 1 1 1 0 1
4	262	0	FFFFFF 000000 B3D6FF F27168 FFF05B FFFFFF 0D0D0D 2F2F2C A3A3A3 DCDCDC 403D3D 000000 000000 FFFFFF 0 1 1 1 0 1
4	263	0	FFFFFF 000000 B3D6FF FFCF9C FFFA81 FFFFFF 7A5D43 A88260 B7A795 E3DDD6 237EA3 000000 000000 FFFFFF 0 1 1 1 0 1
4	264	0	FFFFFF 000000 B3D6FF FFCF9C FFFA81 FFFFFF 7A5D43 A88260 B7A795 E3DDD6 237EA3 000000 000000 FFFFFF 0 1 1 1 0 1
4	265	0	FFFFFF 000000 B3D6FF FFCF9C FEFF5E FFFFFF 514E4E 6F6B6A BCA4A4 F1ECEC 2F7098 000000 000000 FFFFFF 0 1 1 1 0 1
4	266	0	FFFFFF 000000 B3D6FF FFCF9C FEFF5E FFFFFF 514E4E 6F6B6A BCA4A4 F1ECEC 2F7098 000000 000000 FFFFFF 0 1 1 1 0 1
4	267	0	FFFFFF 000000 B3D6FF FFCF9C FEFF5E FFFFFF 514E4E 6F6B6A BCA4A4 F1ECEC 2F7098 000000 000000 FFFFFF 0 1 1 1 0 1
4	268	0	FFFFFF FFFFFF B3D6FF FFCF9C F9FF79 FFFFFF 7A5D7F 97799C A3C884 72A449 BA5254 FFFFFF FFFFFF FFFFFF 0 1 1 1 0 1
4	269	0	FFFFFF FFFFFF B3D6FF FFCF9C F9FF79 FFFFFF 7A5D7F 97799C A3C884 72A449 BA5254 FFFFFF FFFFFF FFFFFF 0 1 1 1 0 1
4	270	0	FFFFFF 000000 B3D6FF FFCF9C F9FF79 FFFFFF 60863B 7AAB4B DCBD6C FFECB9 836859 000000 000000 FFFFFF 0 1 1 1 0 1
4	271	0	FFFFFF 000000 B3D6FF FFCF9C F9FF79 FFFFFF 60863B 7AAB4B DCBD6C FFECB9 836859 000000 000000 FFFFFF 0 1 1 1 0 1
4	272	0	FFFFFF 000000 B3D6FF FFCF9C F9FF79 FFFFFF 60863B 7AAB4B DCBD6C FFECB9 836859 000000 000000 FFFFFF 0 1 1 1 0 1
4	273	0	000000 FFFFFF 00397D B40002 737373 FFFFFF BCBCBC FDFDFD C09A7B A2734D 276343 FFFFFF FFFFFF 000000 0 1 1 1 0 1
4	274	0	000000 FFFFFF 00397D B40002 737373 FFFFFF BCBCBC FDFDFD C09A7B A2734D 276343 FFFFFF FFFFFF 000000 0 1 1 1 0 1
4	275	0	000000 FFFFFF 00397D B40002 737373 FFFFFF BCBCBC FDFDFD C09A7B A2734D 276343 FFFFFF FFFFFF 000000 0 1 1 1 0 1
4	276	0	FFFFFF FFFFFF BEDBFF FFB0B1 FBFF5B FFFFFF 3C455E 5B6B95 D58893 C35363 3C455E FFFFFF FFFFFF FFFFFF 0 1 1 1 0 1
4	277	0	FFFFFF FFFFFF BEDBFF FFB0B1 FBFF5B FFFFFF 3C455E 5B6B95 D58893 C35363 3C455E FFFFFF FFFFFF FFFFFF 0 1 1 1 0 1
4	278	0	000000 000000 0343B0 B40002 707070 FFFFFF B0B0B0 FAFAFA DAB342 FFEAA7 3777A7 000000 000000 000000 0 1 1 1 0 1
4	279	0	000000 000000 0343B0 B40002 707070 FFFFFF B0B0B0 FAFAFA DAB342 FFEAA7 3777A7 000000 000000 000000 0 1 1 1 0 1
4	280	0	FFFFFF 000000 BBD9FF FFBEBF F8FF5B FFFFFF 50774F 5CA261 D7BDBD FCFAFA C25B5D 000000 000000 000000 0 1 1 1 0 1
4	281	0	FFFFFF 000000 BBD9FF FFBEBF F8FF5B FFFFFF 50774F 5CA261 D7BDBD FCFAFA C25B5D 000000 000000 000000 0 1 1 1 0 1
4	282	0	FFFFFF 000000 BBD9FF FFBEBF F8FF5B FFFFFF 50774F 5CA261 D7BDBD FCFAFA C25B5D 000000 000000 000000 0 1 1 1 0 1
4	283	0	000000 000000 0343B0 B40002 48688C FFFFFF 85A4C6 BFDAEF DE8F78 FCC9B6 915262 000000 000000 000000 0 1 1 1 0 1
4	284	0	000000 000000 0343B0 B40002 48688C FFFFFF 85A4C6 BFDAEF DE8F78 FCC9B6 915262 000000 000000 000000 0 1 1 1 0 1
4	285	0	FFFFFF 000000 BBD9FF FFBEBF F8FF5B FFFFFF 50754F 6C9A6B DBAE67 F9E5C8 C75554 000000 000000 000000 0 1 1 1 0 1
4	286	0	FFFFFF 000000 BBD9FF FFBEBF F8FF5B FFFFFF 50754F 6C9A6B DBAE67 F9E5C8 C75554 000000 000000 000000 0 1 1 1 0 1
4	287	0	000000 000000 0048A3 B40002 8B594D FFFFFF BBBBBB FFFFFF D5B68F F1E1C4 69483E 000000 000000 000000 0 1 1 1 0 1
4	288	0	000000 000000 0048A3 B40002 8B594D FFFFFF BBBBBB FFFFFF D5B68F F1E1C4 69483E 000000 000000 000000 0 1 1 1 0 1
4	289	0	000000 000000 0048A3 B40002 8B594D FFFFFF BBBBBB FFFFFF D5B68F F1E1C4 69483E 000000 000000 000000 0 1 1 1 0 1
4	290	0	000000 000000 0343B0 B40002 9D7635 FFFFFF CDA96D FEE28D 9E9E9E C9CACA 333333 000000 000000 000000 0 1 1 1 0 1
4	291	0	000000 000000 0343B0 B40002 9D7635 FFFFFF CDA96D FEE28D 9E9E9E C9CACA 333333 000000 000000 000000 0 1 1 1 0 1
4	292	0	000000 FFFFFF 0343B0 B40002 775B35 FFFFFF A77F4C CEAE81 A79A98 877672 49413D FFFFFF FFFFFF 000000 0 1 1 1 0 1
4	293	0	000000 FFFFFF 0065AD B40002 96671C FFFFFF C19B66 E8DA8B 5C6298 7E83B1 A94D86 FFFFFF FFFFFF FFFFFF 0 1 1 1 0 1
4	294	0	000000 FFFFFF 0065AD B40002 96671C FFFFFF C19B66 E8DA8B 5C6298 7E83B1 A94D86 FFFFFF FFFFFF FFFFFF 0 1 1 1 0 1
4	295	0	000000 FFFFFF 0065AD B40002 96671C FFFFFF C19B66 E8DA8B 5C6298 7E83B1 A94D86 FFFFFF FFFFFF FFFFFF 0 1 1 1 0 1
4	296	0	FFFFFF 000000 99D4FF FFBBBB FFF581 FFFFFF BD662F DA8459 E5B13B FFE58A 444C68 000000 000000 FFFFFF 0 1 1 1 0 1
4	297	0	FFFFFF 000000 99D4FF FFBBBB FFF581 FFFFFF BD662F DA8459 E5B13B FFE58A 444C68 000000 000000 FFFFFF 0 1 1 1 0 1
4	298	0	FFFFFF FFFFFF ACD5FF FE9CB5 FFEB76 FFFFFF 0E79BC 3496D8 79B7E4 3496D8 BC566E FFFFFF FFFFFF FFFFFF 0 1 1 1 0 1
4	299	0	FFFFFF FFFFFF C8DDFF FDCDCD FFFB9F FFFFFF 993A35 C45E58 496F8C 5F8AAB 2D2C2C FFFFFF FFFFFF FFFFFF 0 1 1 1 0 1
4	300	0	FFFFFF 000000 B7E1FE FFC4BE FEF469 FFFFFF 916285 BB88B2 D9BD4E FDF0BD 916285 000000 000000 FFFFFF 0 1 1 1 0 1
4	301	0	FFFFFF 000000 B7E1FE FFC4BE FEF469 FFFFFF 916285 BB88B2 D9BD4E FDF0BD 916285 000000 000000 FFFFFF 0 1 1 1 0 1
4	302	0	FFFFFF FFFFFF B7E1FE FFC4BE FFFA8E FFFFFF 69507E 886CA1 AE9BBF 886CA1 B04351 FFFFFF FFFFFF FFFFFF 0 1 1 1 0 1
4	303	0	FFFFFF 000000 C8DDFF FDCDCD FFF7B6 FFFFFF 525150 716F6E E1AE6B F9DAA4 AF6277 000000 000000 FFFFFF 0 1 1 1 0 1
4	304	0	000000 FFFFFF 014C7F B40002 676767 FFFFFF B6B6AE EEEEEC 959392 727370 3D3E43 FFFFFF FFFFFF FFFFFF 0 1 1 1 0 1
4	305	0	000000 FFFFFF 014C7F B40002 676767 FFFFFF B6B6AE EEEEEC 959392 727370 3D3E43 FFFFFF FFFFFF FFFFFF 0 1 1 1 0 1
4	306	0	000000 FFFFFF 014C7F B40002 676767 FFFFFF B6B6AE EEEEEC 959392 727370 3D3E43 FFFFFF FFFFFF FFFFFF 0 1 1 1 0 1
4	307	0	FFFFFF 000000 AEDDFE FFDAC0 FDF79A FFFFFF BA4B57 D56D78 A6A6A6 DDDDDD 8B4552 000000 000000 FFFFFF 0 1 1 1 0 1
4	308	0	FFFFFF 000000 AEDDFE FFDAC0 FDF79A FFFFFF BA4B57 D56D78 A6A6A6 DDDDDD 8B4552 000000 000000 FFFFFF 0 1 1 1 0 1
4	309	0	000000 FFFFFF 0343B0 B40002 746938 FFFFFF BBAD72 F2DF8F 3583AD 4AAFDA 354D6C FFFFFF FFFFFF 000000 0 1 1 1 0 1
4	310	0	000000 FFFFFF 0343B0 B40002 746938 FFFFFF BBAD72 F2DF8F 3583AD 4AAFDA 354D6C FFFFFF FFFFFF 000000 0 1 1 1 0 1
4	311	0	000000 000000 0343B0 B40002 947E2D FFFFFF D5C177 FCEDB7 D5C177 FCEDB7 C85A62 000000 000000 000000 0 1 1 1 0 1
4	312	0	000000 000000 0267AE B40002 947E2D FFFFFF D5C177 FCEDB7 D5C177 FCEDB7 3775B6 000000 000000 FFFFFF 0 1 1 1 0 1
4	313	0	FFFFFF FFFFFF C8DDFF FDCDCD FBFF76 FFFFFF 6770AB 919DC8 BB4335 EE5B43 494741 FFFFFF FFFFFF FFFFFF 0 1 1 1 0 1
4	314	0	FFFFFF FFFFFF BBEBFF FFCFCF FBFF76 FFFFFF 1A8AB4 37B3E1 7981B5 919DC8 494741 FFFFFF FFFFFF FFFFFF 0 1 1 1 0 1
4	315	0	FFFFFF FFFFFF C8DDFF FDCDCD FFF68A FFFFFF BA3649 E15063 6EA9FA 3285F9 488765 FFFFFF FFFFFF FFFFFF 0 1 1 1 0 1
4	316	0	FFFFFF FFFFFF BBD6FF FFB7BF FFF68A FFFFFF 736CC5 928FE5 AFACEB 928FE5 323132 FFFFFF FFFFFF FFFFFF 0 1 1 1 0 1
4	317	0	FFFFFF FFFFFF BBD6FF FFB7BF FFF68A FFFFFF 736CC5 928FE5 AFACEB 928FE5 323132 FFFFFF FFFFFF FFFFFF 0 1 1 1 0 1
4	318	0	FFFFFF 000000 BBD6FF FFB7BF FFF68A FFFFFF 004062 005F92 AEB4D1 F1F2F7 804652 000000 000000 FFFFFF 0 1 1 1 0 1
4	319	0	FFFFFF 000000 BBD6FF FFB7BF FFF68A FFFFFF 004062 005F92 AEB4D1 F1F2F7 804652 000000 000000 FFFFFF 0 1 1 1 0 1
4	320	0	FFFFFF 000000 BBD6FF FFB7BF FFF68A FFFFFF 336195 4E8ECE AEB4D1 F1F2F7 336195 000000 000000 FFFFFF 0 1 1 1 0 1
4	321	0	FFFFFF 000000 BBD6FF FFB7BF FFF68A FFFFFF 336195 4E8ECE AEB4D1 F1F2F7 336195 000000 000000 FFFFFF 0 1 1 1 0 1
4	322	0	FFFFFF 000000 B4D1FF FFBEBF FCFF8E FFFFFF C85F3D DD805F BDAA9D DCD2CC 616060 000000 000000 FFFFFF 0 1 1 1 0 1
4	323	0	FFFFFF 000000 B4D1FF FFBEBF FCFF8E FFFFFF C85F3D DD805F BDAA9D DCD2CC 616060 000000 000000 FFFFFF 0 1 1 1 0 1
4	324	0	000000 FFFFFF 0343B0 B40002 795837 FFFFFF BF9A74 D5C4AA E0B195 D38265 494849 FFFFFF FFFFFF 000000 0 1 1 1 0 1
4	325	0	FFFFFF FFFFFF C8DDFF FDCDCD FFF76F FFFFFF 555454 838181 834E98 9B66B0 BB5A71 FFFFFF FFFFFF FFFFFF 0 1 1 1 0 1
4	326	0	FFFFFF FFFFFF C8DDFF FDCDCD FFF76F FFFFFF 555454 838181 834E98 9B66B0 BB5A71 FFFFFF FFFFFF FFFFFF 0 1 1 1 0 1
4	327	0	000000 000000 013C9A B40002 957114 FFFFFF DBBA93 F2E6D8 D5AF82 F2E6D8 C35851 000000 000000 000000 0 1 1 1 0 1
4	328	0	FFFFFF 000000 B4D1FE FFBEBF FEFE73 FFFFFF 4A8856 5BA66A 98BA5A D9EBB5 D0565D 000000 000000 000000 0 1 1 1 0 1
4	329	0	FFFFFF 000000 B4D1FE FFBEBF FEFE73 FFFFFF 4A8856 5BA66A 98BA5A D9EBB5 D0565D 000000 000000 000000 0 1 1 1 0 1
4	330	0	FFFFFF 000000 B4D1FE FFBEBF FEFE73 FFFFFF 4A8856 5BA66A 98BA5A D9EBB5 D0565D 000000 000000 000000 0 1 1 1 0 1
4	331	0	FFFFFF 000000 B4D1FE FFBEBF FEFE73 FFFFFF 437752 589C6C 88C173 C4E0BB 375641 000000 000000 000000 0 1 1 1 0 1
4	332	0	FFFFFF 000000 B4D1FE FFBEBF FEFE73 FFFFFF 437752 589C6C 88C173 C4E0BB 375641 000000 000000 000000 0 1 1 1 0 1
4	333	0	FFFFFF FFFFFF BBFFB3 FFD7A9 FEFE73 FFFFFF 0F7BB2 17A3EB 5FBFF1 17A3EB 637591 FFFFFF FFFFFF 000000 0 1 1 1 0 1
4	334	0	FFFFFF FFFFFF BBFFB3 FFD7A9 FEFE73 FFFFFF 0F7BB2 17A3EB 5FBFF1 17A3EB 637591 FFFFFF FFFFFF 000000 0 1 1 1 0 1
4	335	0	000000 FFFFFF 0343B0 B40002 525EB0 FFFFFF 9CA3D2 E2E4F2 F2989D DF5456 4F4E4F FFFFFF FFFFFF 000000 0 1 1 1 0 1
4	336	0	FFFFFF FFFFFF C8DDFF FDCDCD F9FF6C FFFFFF 6B51AC 8F6EC4 B73243 CD4859 3E4F61 FFFFFF FFFFFF FFFFFF 0 1 1 1 0 1
4	337	0	000000 000000 0343B0 B40002 726137 FFFFFF B7A26C D9C99B B7A26C D9C99B 000000 000000 000000 000000 0 1 1 1 0 1
4	338	0	000000 000000 0343B0 B40002 8E7022 FFFFFF CDA131 F1CB7F CDA131 F1CB7F B5633F 000000 000000 000000 0 1 1 1 0 1
4	339	0	000000 000000 0343B0 B40002 A07424 FFFFFF DCB369 F4D9AC 54AADA 9DCEE9 283C6C 000000 000000 000000 0 1 1 1 0 1
4	340	0	000000 000000 0343B0 B40002 A07424 FFFFFF DCB369 F4D9AC 54AADA 9DCEE9 283C6C 000000 000000 000000 0 1 1 1 0 1
4	341	0	FFFFFF 000000 BED8FF FFC8C9 FFF792 FFFFFF A73D2A D05B47 D1B888 EFE0D2 2866A0 000000 000000 000000 0 1 1 1 0 1
4	342	0	FFFFFF 000000 BED8FF FFC8C9 FFF792 FFFFFF A73D2A D05B47 D1B888 EFE0D2 2866A0 000000 000000 000000 0 1 1 1 0 1
4	343	0	FFFFFF FFFFFF C8DDFF FDCDCD FFF792 FFFFFF 33312F 4B4946 33312F 4B4946 CF5677 FFFFFF FFFFFF FFFFFF 0 1 1 1 0 1
4	344	0	FFFFFF FFFFFF C8DDFF FDCDCD FFF792 FFFFFF 33312F 4B4946 33312F 4B4946 CF5677 FFFFFF FFFFFF FFFFFF 0 1 1 1 0 1
4	345	0	FFFFFF FFFFFF C8DDFF FDCDCD FFF792 FFFFFF 406C42 579259 406C42 579259 BF5774 FFFFFF FFFFFF FFFFFF 0 1 1 1 0 1
4	346	0	FFFFFF FFFFFF C8DDFF FDCDCD FFF792 FFFFFF 406C42 579259 406C42 579259 BF5774 FFFFFF FFFFFF FFFFFF 0 1 1 1 0 1
4	347	0	FFFFFF FFFFFF C8DDFF FDCDCD FFF792 FFFFFF 3F7196 588FB8 4C4C4C 626262 B04948 FFFFFF FFFFFF FFFFFF 0 1 1 1 0 1
4	348	0	FFFFFF FFFFFF C8DDFF FDCDCD FFF792 FFFFFF 3F7196 588FB8 4C4C4C 626262 B04948 FFFFFF FFFFFF FFFFFF 0 1 1 1 0 1
4	349	0	000000 FFFFFF 0343B0 B40002 907527 FFFFFF D6BA69 F0DFBF EE9EB0 E56481 0974B7 FFFFFF FFFFFF 000000 0 1 1 1 0 1
4	350	0	000000 FFFFFF 0343B0 B40002 907527 FFFFFF D6BA69 F0DFBF EE9EB0 E56481 0974B7 FFFFFF FFFFFF 000000 0 1 1 1 0 1
4	351	0	000000 000000 0041A3 B40002 787878 FFFFFF A9ACBB DDDEE4 A9ACBB DDDEE4 7D8298 000000 000000 000000 0 1 1 1 0 1
4	352	0	000000 000000 0343B0 B40002 8A6F26 FFFFFF D5B766 FFE499 82A33C ADD87A C15263 000000 000000 000000 0 1 1 1 0 1
4	353	0	FFFFFF FFFFFF C8DDFF FDCDCD FFED84 FFFFFF 444245 646266 444245 646266 B44766 FFFFFF FFFFFF FFFFFF 0 1 1 1 0 1
4	354	0	FFFFFF FFFFFF C8DDFF FDCDCD FFED84 FFFFFF 444245 646266 444245 646266 B44766 FFFFFF FFFFFF FFFFFF 0 1 1 1 0 1
4	355	0	000000 FFFFFF 003E9F B40002 666666 FFEB76 959595 C7C7C7 999999 7C7C7C 933F54 FFFFFF FFFFFF FFFFFF 0 1 1 1 0 1
4	356	0	000000 FFFFFF 003E9F B40002 666666 FFEB76 959595 C7C7C7 999999 7C7C7C 933F54 FFFFFF FFFFFF FFFFFF 0 1 1 1 0 1
4	357	0	FFFFFF 000000 C8DDFF FDCDCD FFF47D FFFFFF 397751 4C9D6B C4A16A EDDE7E 6D4C3F 000000 000000 FFFFFF 0 1 1 1 0 1
4	358	0	000000 000000 0343B0 B40002 97812E FFFFFF CCB458 F9DC7F 78C3EE CDE8F9 BC5259 000000 000000 000000 0 1 1 1 0 1
4	359	0	000000 000000 0343B0 B40002 2F5DAD FFFFFF A1BAE5 E1E9F7 A1BAE5 E1E9F7 475C7A 000000 000000 000000 0 1 1 1 0 1
4	360	0	FFFFFF FFFFFF BBE0FF FEC3C1 FFE848 FFFFFF 0F77A1 119CD8 0F77A1 119CD8 343532 FFFFFF FFFFFF FFFFFF 0 1 1 1 0 1
4	361	0	000000 000000 0343B0 B40002 2C569F FFFFFF A1BAE5 DDE5F0 A1BAE5 DDE5F0 000000 000000 000000 000000 0 1 1 1 0 1
4	362	0	000000 000000 0343B0 B40002 2C569F FFFFFF A1BAE5 DDE5F0 A1BAE5 DDE5F0 000000 000000 000000 000000 0 1 1 1 0 1
4	363	0	000000 FFFFFF 0343B0 B40002 3078B2 FFFFFF 91BDE1 E6F0F8 55A9DF 268BCC 1B5475 FFFFFF FFFFFF 000000 0 1 1 1 0 1
4	364	0	000000 FFFFFF 0343B0 B40002 3078B2 FFFFFF 91BDE1 E6F0F8 55A9DF 268BCC 1B5475 FFFFFF FFFFFF 000000 0 1 1 1 0 1
4	365	0	000000 FFFFFF 0343B0 B40002 3078B2 FFFFFF 91BDE1 E6F0F8 55A9DF 268BCC 1B5475 FFFFFF FFFFFF 000000 0 1 1 1 0 1
4	366	0	FFFFFF FFFFFF C8DDFF FDCDCD FFE670 FFFFFF A595C8 8B76B7 BFC0D8 9192BC 514680 FFFFFF FFFFFF FFFFFF 0 1 1 1 0 1
4	367	0	FFFFFF FFFFFF CFE2FF FFD3D2 FFFBA9 FFFFFF CD641A E78743 ADD6E7 65B3D3 B06072 FFFFFF FFFFFF FFFFFF 0 1 1 1 0 1
4	368	0	000000 FFFFFF 0343B0 B40002 B65970 FFFFFF CC8A9A F6BCCC 935E96 AE8AC4 BD6584 FFFFFF FFFFFF 000000 0 1 1 1 0 1
4	369	0	FFFFFF FFFFFF C8DDFF FDCDCD FFF781 FFFFFF 816958 A99281 816958 A99281 484342 FFFFFF FFFFFF FFFFFF 0 1 1 1 0 1
4	370	0	FFFFFF FFFFFF C8DDFF FDCDCD FFED7D FFFFFF D8598C F283A8 F1A6C0 F283A8 966178 FFFFFF FFFFFF FFFFFF 0 1 1 1 0 1
4	371	0	FFFFFF FFFFFF C8DDFF FDCDCD FFED7D FFFFFF 1E7EAA 35A7DA 1E7EAA 35A7DA C5465E FFFFFF FFFFFF FFFFFF 0 1 1 1 0 1
4	372	0	FFFFFF FFFFFF C8DDFF FDCDCD FFED7D FFFFFF 1E7EAA 35A7DA 1E7EAA 35A7DA C5465E FFFFFF FFFFFF FFFFFF 0 1 1 1 0 1
4	373	0	FFFFFF FFFFFF C8DDFF FDCDCD FFED7D FFFFFF 1E7EAA 35A7DA 1E7EAA 35A7DA C5465E FFFFFF FFFFFF FFFFFF 0 1 1 1 0 1
4	374	0	FFFFFF FFFFFF C8DDFF FDCDCD FFED7D FFFFFF 3E697F 5792AB 3E697F 5792AB 898986 FFFFFF FFFFFF FFFFFF 0 1 1 1 0 1
4	375	0	FFFFFF FFFFFF C8DDFF FDCDCD FFED7D FFFFFF 3E697F 5792AB 3E697F 5792AB 898986 FFFFFF FFFFFF FFFFFF 0 1 1 1 0 1
4	376	0	FFFFFF FFFFFF C8DDFF FDCDCD FFED7D FFFFFF 3E697F 5792AB 3E697F 5792AB 898986 FFFFFF FFFFFF FFFFFF 0 1 1 1 0 1
4	377	0	000000 000000 0343B0 B40002 7C6959 FFFFFF A89586 DAD2CB A89586 DAD2CB B47559 000000 000000 000000 0 1 1 1 0 1
4	378	0	FFFFFF FFFFFF CFE4FF FECCCC FFEC86 FFFFFF 3B7FBC 5FA7D9 9AC6E5 5FA7D9 3B7FBC FFFFFF FFFFFF FFFFFF 0 1 1 1 0 1
4	379	0	FFFFFF 000000 CFE4FF FECCCC FFEC86 FFFFFF 4F4F4F 707070 899B9B D0D8D8 A04755 000000 000000 FFFFFF 0 1 1 1 0 1
4	380	0	000000 FFFFFF 0343B0 B40002 5458B1 FFFFFF A5A7D6 EEEEFE E4838D D74654 883837 FFFFFF FFFFFF 000000 0 1 1 1 0 1
4	381	0	000000 FFFFFF 0054C1 B40002 5458B1 FFFFFF A5A7D6 EEEEFE 7AACE3 3682D5 254B83 FFFFFF FFFFFF 000000 0 1 1 1 0 1
4	382	0	FFFFFF 000000 BBD6FF FFBBBB FFEB64 FFFFFF 184987 2369C1 909CBD DAE7F0 184987 000000 000000 FFFFFF 0 1 1 1 0 1
4	383	0	FFFFFF FFFFFF C8DDFF FDCDCD FFEB64 FFFFFF 9B1B23 DC3C46 7A4D44 966054 313131 FFFFFF FFFFFF FFFFFF 0 1 1 1 0 1
4	384	0	FFFFFF FFFFFF BBD6FF FFBBBB FFEB64 FFFFFF 17583E 258961 31B882 258961 AC3F5D FFFFFF FFFFFF FFFFFF 0 1 1 1 0 1
4	385	0	000000 000000 0343B0 B40002 967B24 FFFFFF D3B24A FFED96 B7B7B7 FDFDFD 32819D 000000 000000 000000 0 1 1 1 0 1
4	386	0	FFFFFF FFFFFF C8DDFF FDCDCD FFF381 FFFFFF B8632E E77E43 3B7893 4DB1C6 5D4369 FFFFFF FFFFFF FFFFFF 0 1 1 1 0 1
4	387	0	FFFFFF FFFFFF C8DDFF FDCDCD FEE08E FFFFFF 376F4B 499363 866442 A87E53 747472 FFFFFF FFFFFF FFFFFF 0 1 1 1 0 1
4	388	0	FFFFFF FFFFFF C8DDFF FDCDCD FEE08E FFFFFF 376F4B 499363 866442 A87E53 747472 FFFFFF FFFFFF FFFFFF 0 1 1 1 0 1
4	389	0	FFFFFF FFFFFF C8DDFF FDCDCD FEE08E FFFFFF 376F4B 499363 866442 A87E53 747472 FFFFFF FFFFFF FFFFFF 0 1 1 1 0 1
4	390	0	FFFFFF FFFFFF C8DDFF FDCDCD FEE08E FFFFFF B82124 DB4145 BC592A EC743B 2D4A90 FFFFFF FFFFFF FFFFFF 0 1 1 1 0 1
4	391	0	FFFFFF FFFFFF C8DDFF FDCDCD FEE08E FFFFFF B82124 DB4145 BC592A EC743B 2D4A90 FFFFFF FFFFFF FFFFFF 0 1 1 1 0 1
4	392	0	FFFFFF FFFFFF C8DDFF FDCDCD FEE08E FFFFFF B82124 DB4145 BC592A EC743B 2D4A90 FFFFFF FFFFFF FFFFFF 0 1 1 1 0 1
4	393	0	FFFFFF FFFFFF CFE2FF FEC2C1 FBE481 FFFFFF 063170 08459A 5F8CD9 336DCF 031F46 FFFFFF FFFFFF FFFFFF 0 1 1 1 0 1
4	394	0	FFFFFF FFFFFF CFE2FF FEC2C1 FBE481 FFFFFF 063170 08459A 5F8CD9 336DCF 031F46 FFFFFF FFFFFF FFFFFF 0 1 1 1 0 1
4	395	0	FFFFFF FFFFFF CFE2FF FEC2C1 FBE481 FFFFFF 063170 08459A 5F8CD9 336DCF 031F46 FFFFFF FFFFFF FFFFFF 0 1 1 1 0 1
4	396	0	FFFFFF 000000 BBD6FF FFBBBB FFEB64 FFFFFF 785D63 9F848A C6C6C6 FFFFFF 4C4649 000000 000000 FFFFFF 0 1 1 1 0 1
4	397	0	FFFFFF 000000 BBD6FF FFBBBB FFEB64 FFFFFF 785D63 9F848A C6C6C6 FFFFFF 4C4649 000000 000000 FFFFFF 0 1 1 1 0 1
4	398	0	FFFFFF 000000 BBD6FF FFBBBB FFEB64 FFFFFF 785D63 9F848A C6C6C6 FFFFFF 4C4649 000000 000000 FFFFFF 0 1 1 1 0 1
4	399	0	000000 FFFFFF 0343B0 B40002 81662F FFFFFF C7A767 EBDCAE DCB588 CA8B45 4E4239 FFFFFF FFFFFF 000000 0 1 1 1 0 1
4	400	0	000000 FFFFFF 0343B0 B40002 81662F FFFFFF C7A767 EBDCAE DCB588 CA8B45 4E4239 FFFFFF FFFFFF 000000 0 1 1 1 0 1
4	401	0	FFFFFF FFFFFF C8DDFF FDCDCD FCFF76 FFFFFF B23C2D E44B3F 5B5B5B 757575 343434 FFFFFF FFFFFF FFFFFF 0 1 1 1 0 1
4	402	0	FFFFFF FFFFFF C8DDFF FDCDCD FCFF76 FFFFFF B23C2D E44B3F 5B5B5B 757575 343434 FFFFFF FFFFFF FFFFFF 0 1 1 1 0 1
4	403	0	FFFFFF FFFFFF CCE0FE FDCBB9 FCFF76 FFFFFF 323344 45465D A0C5E6 5195D3 323344 FFFFFF FFFFFF FFFFFF 0 1 1 1 0 1
4	404	0	FFFFFF FFFFFF CCE0FE FDCBB9 FCFF76 FFFFFF 323344 45465D A0C5E6 5195D3 323344 FFFFFF FFFFFF FFFFFF 0 1 1 1 0 1
4	405	0	FFFFFF FFFFFF CCE0FE FDCBB9 FCFF76 FFFFFF 323344 45465D A0C5E6 5195D3 323344 FFFFFF FFFFFF FFFFFF 0 1 1 1 0 1
4	406	0	FFFFFF FFFFFF C8DDFF FDCDCD FFF68A FFFFFF BA3649 E15063 6EA9FA 3285F9 488765 FFFFFF FFFFFF FFFFFF 0 1 1 1 0 1
4	407	0	FFFFFF FFFFFF C8DDFF FDCDCD FFF68A FFFFFF BA3649 E15063 6EA9FA 3285F9 488765 FFFFFF FFFFFF FFFFFF 0 1 1 1 0 1
4	408	0	FFFFFF FFFFFF CCE0FE FFB9B7 FCFF76 FFFFFF 1D5B93 2D85D4 A4A4A5 828284 34312E FFFFFF FFFFFF FFFFFF 0 1 1 1 0 1
4	409	0	FFFFFF FFFFFF CCE0FE FFB9B7 FCFF76 FFFFFF 1D5B93 2D85D4 A4A4A5 828284 34312E FFFFFF FFFFFF FFFFFF 0 1 1 1 0 1
4	410	0	FFFFFF 000000 CCE0FE FFB9B7 FCFF76 FFFFFF 515354 7D7F81 DCB744 F9E4A0 393633 000000 000000 FFFFFF 0 1 1 1 0 1
4	411	0	FFFFFF 000000 CCE0FE FFB9B7 FCFF76 FFFFFF 515354 7D7F81 DCB744 F9E4A0 393633 000000 000000 FFFFFF 0 1 1 1 0 1
4	412	0	FFFFFF FFFFFF CCE0FE FFB9B7 FCFF76 FFFFFF 454545 5B5D5D 9BC79A 51945A 454545 FFFFFF FFFFFF FFFFFF 0 1 1 1 0 1
4	413	0	FFFFFF FFFFFF CCE0FE FFB9B7 FCFF76 FFFFFF 296F54 338B69 9BC79A 51945A 454545 FFFFFF FFFFFF FFFFFF 0 1 1 1 0 1
4	414	0	000000 FFFFFF 0343B0 B40002 886828 FFFFFF CEA758 F9D47F F3A478 EF7F42 464546 FFFFFF FFFFFF 000000 0 1 1 1 0 1
4	415	0	FFFFFF 000000 C6DCFD FDB9B9 FEDF73 FFFFFF 2B2B30 42424A CE8D00 FFD864 90491B 000000 000000 FFFFFF 0 1 1 1 0 1
4	416	0	FFFFFF 000000 C6DCFD FDB9B9 FEDF73 FFFFFF 2B2B30 42424A CE8D00 FFD864 90491B 000000 000000 FFFFFF 0 1 1 1 0 1
4	417	0	FFFFFF 000000 BCFFBB FDD4D4 FFED92 FFFFFF 127EAB 2AB0E8 8DC2D6 EEF8FA 127EAB 000000 000000 FFFFFF 0 1 1 1 0 1
4	418	0	FFFFFF 000000 BBDEFF FDD4D4 FFF67D FFFFFF C2601E DF7D3A D4AD1F F6DF53 3175AA 000000 000000 FFFFFF 0 1 1 1 0 1
4	419	0	FFFFFF 000000 BBDEFF FDD4D4 FFF67D FFFFFF C2601E DF7D3A D4AD1F F6DF53 3175AA 000000 000000 FFFFFF 0 1 1 1 0 1
4	420	0	FFFFFF FFFFFF C8DDFF FDCDCD FFF67D FFFFFF 308A49 3FB35F 766086 8F7B9F C26573 FFFFFF FFFFFF FFFFFF 0 1 1 1 0 1
4	421	0	FFFFFF FFFFFF C8DDFF FDCDCD FFF67D FFFFFF 308A49 3FB35F 766086 8F7B9F C26573 FFFFFF FFFFFF FFFFFF 0 1 1 1 0 1
4	422	0	FFFFFF FFFFFF BEDFFF FFC5C5 FFF670 FFFFFF 85542E A66939 F1ADC6 EB83AA 85542E FFFFFF FFFFFF FFFFFF 0 1 1 1 0 1
4	423	0	FFFFFF FFFFFF BEDFFF FFC5C5 FFF670 FFFFFF 85542E A66939 F1ADC6 EB83AA 85542E FFFFFF FFFFFF FFFFFF 0 1 1 1 0 1
4	424	0	FFFFFF 000000 C8DDFF FDCDCD FFF699 FFFFFF 8362A3 9376AF BAA549 EBD89A D1666F 000000 000000 FFFFFF 0 1 1 1 0 1
4	425	0	FFFFFF FFFFFF C8DDFF FDCDCD FFF670 FFFFFF 695876 887497 826F8F AC9CB4 BE4A4F FFFFFF FFFFFF FFFFFF 0 1 1 1 0 1
4	426	0	FFFFFF FFFFFF C8DDFF FDCDCD FFF670 FFFFFF 695876 887497 826F8F AC9CB4 BE4A4F FFFFFF FFFFFF FFFFFF 0 1 1 1 0 1
4	427	0	FFFFFF 000000 BEDFFF FFC5C5 FFF670 FFFFFF 7D4F36 A76A49 DCBA69 FFE7AF 7D4F36 000000 000000 FFFFFF 0 1 1 1 0 1
4	428	0	FFFFFF 000000 BEDFFF FFC5C5 FFF670 FFFFFF 7D4F36 A76A49 DCBA69 FFE7AF 7D4F36 000000 000000 FFFFFF 0 1 1 1 0 1
4	429	0	FFFFFF FFFFFF B4DFFF FFCCB0 FFED57 FFFFFF 675386 8069A2 675386 8069A2 C07EAA FFFFFF FFFFFF FFFFFF 0 1 1 1 0 1
4	430	0	FFFFFF FFFFFF 00BDFF FF8264 FFFF65 FFFFFF 293B50 395270 72716A 4D4C47 862E3A FFFFFF FFFFFF FFFFFF 0 1 1 1 0 1
4	431	0	FFFFFF 000000 BEDFFF FFC5C5 FFF670 FFFFFF 545D5F 7C8789 C6C6C6 F4F4F4 8F689A 000000 000000 FFFFFF 0 1 1 1 0 1
4	432	0	FFFFFF 000000 BEDFFF FFC5C5 FFF670 FFFFFF 545D5F 7C8789 C6C6C6 F4F4F4 8F689A 000000 000000 FFFFFF 0 1 1 1 0 1
4	433	0	000000 000000 0343B0 B40002 97812E FFFFFF CCB458 F9DC7F 78C3EE CDE8F9 BC5259 000000 000000 000000 0 1 1 1 0 1
4	434	0	FFFFFF 000000 BBDCFF FFCFCF FFFE64 FFFFFF 59435F 83648C E1BA80 FEE9C7 59435F 000000 000000 000000 0 1 1 1 0 1
4	435	0	FFFFFF 000000 BBDCFF FFCFCF FFFE64 FFFFFF 59435F 83648C E1BA80 FEE9C7 59435F 000000 000000 000000 0 1 1 1 0 1
4	436	0	FFFFFF FFFFFF BBDCFF FFCFCF FFFE64 FFFFFF 307D77 4AACA3 88B4B7 5B9499 A94A4F FFFFFF FFFFFF FFFFFF 0 1 1 1 0 1
4	437	0	FFFFFF FFFFFF BBDCFF FFCFCF FFFE64 FFFFFF 307D77 4AACA3 88B4B7 5B9499 A94A4F FFFFFF FFFFFF FFFFFF 0 1 1 1 0 1
4	438	0	FFFFFF FFFFFF 9CFF7A FE969D FEED69 FFFFFF 84644A A47C5D BA9C85 A47C5D 4F6047 FFFFFF FFFFFF FFFFFF 0 1 1 1 0 1
4	439	0	FFFFFF FFFFFF 6CCAFF F9BDCE FFF1AD FFFFFF 2567AA 2D7CCA 84B3E4 2D7CCA D85366 FFFFFF FFFFFF FFFFFF 0 1 1 1 0 1
4	440	0	FFFFFF 000000 8EF7FE FFD1A7 FFED7D FFFFFF CB6D96 E48BAD D1D1D1 E8E8E8 A27086 000000 000000 FFFFFF 0 1 1 1 0 1
4	441	0	FFFFFF FFFFFF C8DDFF FDCDCD FFED7D FFFFFF 2D2D2E 484849 6DB694 3A9866 3078B3 FFFFFF FFFFFF FFFFFF 0 1 1 1 0 1
4	442	0	FFFFFF FFFFFF B0DBFF FECFCB FFED7D FFFFFF 994C8C BC6AAC B7A59F 9C827A 427F35 FFFFFF FFFFFF FFFFFF 0 1 1 1 0 1
4	443	0	FFFFFF FFFFFF C8DDFF FDCDCD FFED7D FFFFFF 384374 4C5B9D 384374 4C5B9D A7424A FFFFFF FFFFFF FFFFFF 0 1 1 1 0 1
4	444	0	FFFFFF FFFFFF C8DDFF FDCDCD FFED7D FFFFFF 384374 4C5B9D 384374 4C5B9D A7424A FFFFFF FFFFFF FFFFFF 0 1 1 1 0 1
4	445	0	FFFFFF FFFFFF C8DDFF FDCDCD FFED7D FFFFFF 384374 4C5B9D 384374 4C5B9D A7424A FFFFFF FFFFFF FFFFFF 0 1 1 1 0 1
4	446	0	000000 000000 0343B0 B40002 8A672C FFFFFF DCC092 F3E9D9 DCC092 F3E9D9 085B85 000000 000000 000000 0 1 1 1 0 1
4	447	0	FFFFFF FFFFFF B0DBFF FECFCB FFED7D FFFFFF 05629D 0989D9 939393 6C6C6C 05629D FFFFFF FFFFFF FFFFFF 0 1 1 1 0 1
4	448	0	FFFFFF FFFFFF B0DBFF FECFCB FFED7D FFFFFF 05629D 0989D9 939393 6C6C6C 05629D FFFFFF FFFFFF FFFFFF 0 1 1 1 0 1
4	449	0	FFFFFF FFFFFF B0DBFF FECFCB FFED7D FFFFFF 474747 636364 D3BD62 AC9934 9D5C72 FFFFFF FFFFFF FFFFFF 0 1 1 1 0 1
4	450	0	FFFFFF FFFFFF B0DBFF FECFCB FFED7D FFFFFF 474747 636364 D3BD62 AC9934 9D5C72 FFFFFF FFFFFF FFFFFF 0 1 1 1 0 1
4	451	0	FFFFFF FFFFFF B0DBFF FECFCB FFED7D FFFFFF 6B3E65 8C5284 B89FC1 9E7DAB 0F719A FFFFFF FFFFFF FFFFFF 0 1 1 1 0 1
4	452	0	FFFFFF FFFFFF B0DBFF FECFCB FFED7D FFFFFF 6B3E65 8C5284 B89FC1 9E7DAB 0F719A FFFFFF FFFFFF FFFFFF 0 1 1 1 0 1
4	453	0	FFFFFF FFFFFF C8DDFF FDCDCD FFED7D FFFFFF 2A5383 3D78BD E88384 E05456 3B3935 FFFFFF FFFFFF FFFFFF 0 1 1 1 0 1
4	454	0	FFFFFF FFFFFF C8DDFF FDCDCD FFED7D FFFFFF 2A5383 3D78BD E88384 E05456 3B3935 FFFFFF FFFFFF FFFFFF 0 1 1 1 0 1
4	455	0	FFFFFF FFFFFF BEE1FF FEC6C7 FBFF8B FFFFFF 688245 83A859 9FC697 64A058 B7463F FFFFFF FFFFFF FFFFFF 0 1 1 1 0 1
4	456	0	FFFFFF FFFFFF BEE1FF FEC6C7 FBFF8B FFFFFF 263649 3A526F 7FCFE9 23A9D4 CB4E87 FFFFFF FFFFFF FFFFFF 0 1 1 1 0 1
4	457	0	FFFFFF FFFFFF BEE1FF FEC6C7 FBFF8B FFFFFF 263649 3A526F 7FCFE9 23A9D4 CB4E87 FFFFFF FFFFFF FFFFFF 0 1 1 1 0 1
4	458	0	FFFFFF 000000 BCD4FD FDAEAE FEF588 FFFFFF 25508E 3470C7 CCB0D6 E5D6EA 25508E 000000 000000 000000 0 1 1 1 0 1
4	459	0	000000 FFFFFF 004C8E B40002 646464 FFFFFF C5C5C5 FFFFFF 72C3B6 45A293 326351 FFFFFF FFFFFF 000000 0 1 1 1 0 1
4	460	0	000000 FFFFFF 004C8E B40002 646464 FFFFFF C5C5C5 FFFFFF 72C3B6 45A293 326351 FFFFFF FFFFFF 000000 0 1 1 1 0 1
4	461	0	FFFFFF FFFFFF C8DDFF FDCDCD FEF94E FFFFFF 4F5A75 707D9E 4F5A75 707D9E A73742 FFFFFF FFFFFF FFFFFF 0 1 1 1 0 1
4	462	0	000000 000000 0343B0 B40002 3C61B1 FFFFFF 8AA8E5 B8D4F7 8AA8E5 B8D4F7 586170 000000 000000 000000 0 1 1 1 0 1
4	463	0	FFFFFF FFFFFF B8DBFE FEDBBB FFED7D FFFFFF B65677 D36585 B65677 D36585 D59087 FFFFFF FFFFFF FFFFFF 0 1 1 1 0 1
4	464	0	FFFFFF FFFFFF 8EC7FE FEADB3 FFED7D F8937A A89699 917A7E A89699 917A7E 525059 FFFFFF FFFFFF FFFFFF 0 1 1 1 0 1
4	465	0	FFFFFF FFFFFF 8EF7FE FE9C9F FFED7D FFFFFF 4772B1 5D85BE A2B9DA 5D85BE C65776 FFFFFF FFFFFF FFFFFF 0 1 1 1 0 1
4	466	0	000000 000000 0343B0 B40002 79680A FFFFFF C7AB12 EDD138 C7AB12 EDD138 3E3E3E 000000 000000 000000 0 1 1 1 0 1
4	467	0	FFFFFF FFFFFF 8AC9FF FFCFD0 FBDE77 FFFFFF BC4619 E3602E E8A5AB EC7E86 AB312D FFFFFF FFFFFF FFFFFF 0 1 1 1 0 1
4	468	0	000000 000000 0030CC C50031 5F5F5F FFFFFF B9B9B9 F8F8F8 B9B9B9 F8F8F8 4583C7 000000 000000 FFFFFF 0 1 1 1 0 1
4	469	0	FFFFFF FFFFFF 92CEFF FEA28E FFEA61 FFFFFF 4D5C3F 5F7847 E8908D DD5955 3D3B3B FFFFFF FFFFFF FFFFFF 0 1 1 1 0 1
4	470	0	000000 FFFFFF 0343B0 B40002 947329 FFFFFF D3B064 F2DCAF CF9A7D B76C43 207B5D FFFFFF FFFFFF 000000 0 1 1 1 0 1
4	471	0	FFFFFF 000000 BFE1FE FECCCC FFFD8B FFFFFF 297591 3AA2C7 96C1E2 CBEEFF 17476B 000000 000000 FFFFFF 0 1 1 1 0 1
4	472	0	FFFFFF FFFFFF C1E4FF FEB4A3 FFE883 FFFFFF 6871A0 848BB2 B3B8CF 848BB2 B94759 FFFFFF FFFFFF FFFFFF 0 1 1 1 0 1
4	473	0	FFFFFF 000000 A2D8FF FFA9A5 FEFF95 FFFFFF 805C4B A47966 E3C6A5 FDF3EC 345D8C 000000 000000 FFFFFF 0 1 1 1 0 1
4	474	0	FFFFFF FFFFFF C8DDFF FDCDCD FFF07A D8E1F6 C72D63 E14A70 94C0E5 5DA1D8 2B4872 FFFFFF FFFFFF FFFFFF 0 1 1 1 0 1
4	475	0	FFFFFF 000000 BBD9FF FFBEBF F8FF5B FFFFFF 346F49 469663 D7BDBD FCFAFA C25B5D 000000 000000 000000 0 1 1 1 0 1
4	476	0	FFFFFF FFFFFF C8DDFF FDCDCD FFFB9F FFFFFF 993A35 C45E58 496F8C 5F8AAB 2D2C2C FFFFFF FFFFFF FFFFFF 0 1 1 1 0 1
4	477	0	000000 FFFFFF 003E9F B40002 666666 FFEB76 959595 C7C7C7 999999 7C7C7C 933F54 FFFFFF FFFFFF FFFFFF 0 1 1 1 0 1
4	478	0	FFFFFF 000000 C8DDFF FDCDCD FFF59F FFFFFF 2984B3 50A9D7 DCC8B4 F8F4F0 734B89 000000 000000 FFFFFF 0 1 1 1 0 1
4	479	0	FFFFFF FFFFFF C8DDFF FDCDCD FFF181 FFFFFF C14F21 EA6A3C C14F21 EA6A3C 734B89 FFFFFF FFFFFF FFFFFF 0 1 1 1 0 1
4	480	0	000000 FFFFFF 0343B0 B40002 926D21 FFFFFF D4A545 F3D667 587995 87A1B8 42577D FFFFFF FFFFFF 000000 0 1 1 1 0 1
4	481	0	FFFFFF FFFFFF CCDDFE FED6D6 FEF9A3 FFFFFF C8467A E86AA0 587995 87A1B8 42577D FFFFFF FFFFFF FFFFFF 0 1 1 1 0 1
4	482	0	FFFFFF FFFFFF CCDDFE FED6D6 FEF9A3 FFFFFF 34709A 5395C4 587995 87A1B8 42577D FFFFFF FFFFFF FFFFFF 0 1 1 1 0 1
4	483	0	FFFFFF FFFFFF CCDDFE FDB4B2 FEF9A3 FFFFFF 0E456E 145D95 AABED5 7092BA 0E456E FFFFFF FFFFFF FFFFFF 0 1 1 1 0 1
4	484	0	000000 000000 0343B0 B40002 6435A7 FFFFFF C0B0E3 EDE2FE C0B0E3 EDE2FE 8D5A89 000000 000000 000000 0 1 1 1 0 1
4	485	0	FFFFFF FFFFFF D0DFFE FFC8C9 FDFF8E FFFFFF 676764 8B8B87 6E7272 494C4C 773D2B FFFFFF FFFFFF FFFFFF 0 1 1 1 0 1
4	486	0	000000 000000 0343B0 B40002 977312 FFFFFF CA9918 FFCC3E C2D2DB E4FFFF 296B3A 000000 000000 000000 0 1 1 1 0 1
4	487	0	FFFFFF FFFFFF C8DDFF FDCDCD FEF988 FFFFFF 2E3133 424649 5F7484 879AAA BD3D3F FFFFFF FFFFFF FFFFFF 0 1 1 1 0 1
4	488	0	000000 FFFFFF 0343B0 B40002 9A7026 FFFFFF CB9433 FFD477 96A7F4 7089F0 B54C85 FFFFFF FFFFFF 000000 0 1 1 1 0 1
4	489	0	FFFFFF FFFFFF BBE0FF FEC3C1 FFE848 FFFFFF 0F77A1 119CD8 0F77A1 119CD8 0B5776 FFFFFF FFFFFF FFFFFF 0 1 1 1 0 1
4	490	0	FFFFFF FFFFFF BBE0FF FEC3C1 FFE848 FFFFFF 0F77A1 119CD8 0F77A1 119CD8 0B5776 FFFFFF FFFFFF FFFFFF 0 1 1 1 0 1
4	491	0	000000 FFFFFF 004B8B B40002 606060 FFFFFF B4C8D5 DDE6EC E98482 DE433F 2F2F2F FFFFFF FFFFFF FFFFFF 0 1 1 1 0 1
4	492	0	000000 000000 004B8B B40002 55702F FFFFFF 6B9B33 9BCB63 B4C8D5 DDE6EC B4536F 000000 000000 FFFFFF 0 1 1 1 0 1
4	493	0	FFFFFF 000000 C8E5FF FFD9DA F8FE69 FFFFFF 3A3D3F 565B5E B4C8D5 DDE6EC 255132 000000 000000 FFFFFF 0 1 1 1 0 1
4	413	1	FFFFFF 000000 CCE0FE FFB9B7 FCFF76 FFFFFF 85593B B58452 D8BB70 F1DDAD 454545 000000 000000 FFFFFF 0 1 1 1 0 1
4	413	2	FFFFFF FFFFFF CCE0FE FFB9B7 FCFF76 FFFFFF 9B4472 BA5F86 C76660 DE8286 454545 FFFFFF FFFFFF FFFFFF 0 1 1 1 0 1
4	492	1	000000 000000 004B8B B40002 55702F FFFFFF 6B9B33 9BCB63 B4C8D5 DDE6EC B64B3B 000000 000000 FFFFFF 0 1 1 1 0 1
4	479	1	FFFFFF FFFFFF C1D6FE FEC6CC FFF181 FFFFFF C14F21 EA6A3C C14F21 EA6A3C A9322E FFFFFF FFFFFF FFFFFF 0 1 1 1 0 1
4	479	2	FFFFFF FFFFFF C1D6FE FEC6CC FFF181 FFFFFF C14F21 EA6A3C C14F21 EA6A3C 2E5AA4 FFFFFF FFFFFF FFFFFF 0 1 1 1 0 1
4	479	3	FFFFFF FFFFFF C1D6FE FEC6CC FFF181 FFFFFF C14F21 EA6A3C C14F21 EA6A3C 795299 FFFFFF FFFFFF FFFFFF 0 1 1 1 0 1
4	479	4	FFFFFF FFFFFF C1D6FE FEC6CC FFF181 FFFFFF C14F21 EA6A3C C14F21 EA6A3C 88705A FFFFFF FFFFFF FFFFFF 0 1 1 1 0 1
4	479	5	FFFFFF FFFFFF C1D6FE FEC6CC FFF181 FFFFFF C14F21 EA6A3C C14F21 EA6A3C 4F6E3B FFFFFF FFFFFF FFFFFF 0 1 1 1 0 1
5	1	0	FFFFFF FFFFFF C8DDFF FDCDCD FBFD85 FFFFFF 277E2E 319D3A 289BA6 2DC3C1 BE434C FFFFFF FFFFFF FFFFFF 0 1 1 1 0 1
5	2	0	FFFFFF FFFFFF C8DDFF FDCDCD FBFD85 FFFFFF 277E2E 319D3A 289BA6 2DC3C1 BE434C FFFFFF FFFFFF FFFFFF 0 1 1 1 0 1
5	3	0	FFFFFF FFFFFF C8DDFF FDCDCD FBFD85 FFFFFF 277E2E 319D3A 289BA6 2DC3C1 BE434C FFFFFF FFFFFF FFFFFF 0 1 1 1 0 1
5	4	0	FFFFFF FFFFFF C8DDFF FDCDCD FFE851 FFFFFF AB5D05 DE7B0F AB5D05 DE7B0F 4A3CAC FFFFFF FFFFFF FFFFFF 0 1 1 1 0 1
5	5	0	FFFFFF FFFFFF C8DDFF FDCDCD FFE851 FFFFFF AB5D05 DE7B0F AB5D05 DE7B0F 4A3CAC FFFFFF FFFFFF FFFFFF 0 1 1 1 0 1
5	6	0	FFFFFF FFFFFF C8DDFF FDCDCD FFE851 FFFFFF AB5D05 DE7B0F AB5D05 DE7B0F 4A3CAC FFFFFF FFFFFF FFFFFF 0 1 1 1 0 1
5	7	0	FFFFFF 000000 D3E3FE FECCCC FFFCAA FFFFFF 3167A1 548DCB DDB568 FADCB2 7D563A 000000 000000 000000 0 1 1 1 0 1
5	8	0	FFFFFF 000000 D3E3FE FECCCC FFFCAA FFFFFF 3167A1 548DCB DDB568 FADCB2 7D563A 000000 000000 000000 0 1 1 1 0 1
5	9	0	FFFFFF 000000 D3E3FE FECCCC FFFCAA FFFFFF 3167A1 548DCB DDB568 FADCB2 7D563A 000000 000000 000000 0 1 1 1 0 1
5	10	0	FFFFFF FFFFFF C8DDFF FDCDCD B1FEFE FFFFFF 7D7BBD A094D0 C0B8DF A094D0 CE768B FFFFFF FFFFFF FFFFFF 0 1 1 1 0 1
5	11	0	FFFFFF FFFFFF C8DDFF FDCDCD B1FEFE FFFFFF 7D7BBD A094D0 C0B8DF A094D0 CE768B FFFFFF FFFFFF FFFFFF 0 1 1 1 0 1
5	12	0	FFFFFF FFFFFF C8DDFF FDCDCD B1FEFE FFFFFF 7D7BBD A094D0 C0B8DF A094D0 CE768B FFFFFF FFFFFF FFFFFF 0 1 1 1 0 1
5	13	0	FFFFFF FFFFFF 00DDFE FFB195 FCFF6B FFFFFF FF78AF 2F2F2F FFE84F 2F2F2F 000000 FFFFFF FFFFFF FFFFFF 0 1 1 1 0 1
5	14	0	FFFFFF FFFFFF 00DDFE FFB195 FCFF6B FFFFFF FF78AF 2F2F2F FFE84F 2F2F2F 000000 FFFFFF FFFFFF FFFFFF 0 1 1 1 0 1
5	15	0	FFFFFF FFFFFF 00DDFE FFB195 FCFF6B FFFFFF FF78AF 2F2F2F FFE84F 2F2F2F 000000 FFFFFF FFFFFF FFFFFF 0 1 1 1 0 1
5	16	0	000000 000000 0343B0 B40002 9B6A76 FFFFFF B59099 F1E6BA B59099 F1E6BA AF8748 000000 000000 000000 0 1 1 1 0 1
5	17	0	000000 000000 0343B0 B40002 9B6A76 FFFFFF B59099 F1E6BA B59099 F1E6BA AF8748 000000 000000 000000 0 1 1 1 0 1
5	18	0	000000 000000 0343B0 B40002 9B6A76 FFFFFF B59099 F1E6BA B59099 F1E6BA AF8748 000000 000000 000000 0 1 1 1 0 1
5	19	0	000000 000000 0343B0 B40002 9B6037 FFFFFF D1A07E FFF7B0 D1A07E FFF7B0 BF7700 000000 000000 000000 0 1 1 1 0 1
5	20	0	000000 000000 0343B0 B40002 9B6037 FFFFFF D1A07E FFF7B0 D1A07E FFF7B0 BF7700 000000 000000 000000 0 1 1 1 0 1
5	21	0	FFFFFF FFFFFF D3E3FE FFC5C5 FFF6AA FFFFFF B87532 EA933D F1BC87 EA933D AA614A FFFFFF FFFFFF FFFFFF 0 1 1 1 0 1
5	22	0	FFFFFF FFFFFF D3E3FE FFC5C5 FFF6AA FFFFFF B87532 EA933D F1BC87 EA933D AA614A FFFFFF FFFFFF FFFFFF 0 1 1 1 0 1
5	23	0	FFFFFF FFFFFF C8DDFF FDCDCD F0F028 E7848F 64529B 9078C8 64529B 9078C8 413C43 FFFFFF FFFFFF FFFFFF 0 1 1 1 0 1
5	24	0	FFFFFF FFFFFF C8DDFF FDCDCD F0F028 E7848F 64529B 9078C8 64529B 9078C8 413C43 FFFFFF FFFFFF FFFFFF 0 1 1 1 0 1
5	25	0	000000 000000 0343B0 B40002 8B5D00 FFFFFF FFD600 F2A300 FFD600 F2A300 74532C 000000 000000 000000 0 1 1 1 0 1
5	26	0	000000 000000 0343B0 B40002 8B5D00 FFFFFF FFD600 F2A300 FFD600 F2A300 74532C 000000 000000 000000 0 1 1 1 0 1
5	27	0	000000 000000 0343B0 B40002 A68700 FFFFFF CEB252 FFE265 CFA76F F9D49E 936031 000000 000000 000000 0 1 1 1 0 1
5	28	0	000000 000000 0343B0 B40002 A68700 FFFFFF CEB252 FFE265 CFA76F F9D49E 936031 000000 000000 000000 0 1 1 1 0 1
5	29	0	FFFFFF 000000 0343B0 B40002 FEFFBB FEFEFF 2C83B3 47A0D1 BFA549 E9D293 5D4326 000000 000000 FFFFFF 0 1 1 1 0 1
5	30	0	FFFFFF 000000 0343B0 B40002 FEFFBB FEFEFF 2C83B3 47A0D1 BFA549 E9D293 5D4326 000000 000000 FFFFFF 0 1 1 1 0 1
5	31	0	FFFFFF 000000 0343B0 B40002 FEFFBB FEFEFF 2C83B3 47A0D1 BFA549 E9D293 5D4326 000000 000000 FFFFFF 0 1 1 1 0 1
5	32	0	FFFFFF 000000 0343B0 B40002 FEF9AD FFFFFF C060B7 CE82C7 878D92 C7CACC 075368 000000 000000 FFFFFF 0 1 1 1 0 1
5	33	0	FFFFFF 000000 0343B0 B40002 FEF9AD FFFFFF C060B7 CE82C7 878D92 C7CACC 075368 000000 000000 FFFFFF 0 1 1 1 0 1
5	34	0	FFFFFF 000000 0343B0 B40002 FEF9AD FFFFFF C060B7 CE82C7 878D92 C7CACC 075368 000000 000000 FFFFFF 0 1 1 1 0 1
5	35	0	000000 000000 0343B0 B40002 9A4F65 FFFFFF C996A5 FFC5BB C996A5 FFC5BB 895D5D 000000 000000 000000 0 1 1 1 0 1
5	36	0	000000 000000 0343B0 B40002 9A4F65 FFFFFF C996A5 FFC5BB C996A5 FFC5BB 895D5D 000000 000000 000000 0 1 1 1 0 1
5	37	0	000000 000000 0072D2 C13200 72716D FFFFFF D09B4D F4F4A0 CFC077 F4F4A0 D09B4D 000000 000000 000000 0 1 1 1 0 1
5	38	0	000000 000000 0072D2 C13200 72716D FFFFFF D09B4D F4F4A0 CFC077 F4F4A0 D09B4D 000000 000000 000000 0 1 1 1 0 1
5	39	0	FFFFFF 000000 0343B0 B40002 FFF6B0 FFFFFF CB5F71 EC8294 BEBEBE E8E8E8 0D617D 000000 000000 000000 0 1 1 1 0 1
5	40	0	FFFFFF 000000 0343B0 B40002 FFF6B0 FFFFFF CB5F71 EC8294 BEBEBE E8E8E8 0D617D 000000 000000 000000 0 1 1 1 0 1
5	41	0	FFFFFF FFFFFF A2DFFF FFA73F FEFB9C FDFAA7 A957C5 CA73E7 DDA5EF CA73E7 486A9A FFFFFF FFFFFF FFFFFF 0 1 1 1 0 1
5	42	0	FFFFFF FFFFFF A2DFFF FFA73F FEFB9C FDFAA7 A957C5 CA73E7 DDA5EF CA73E7 486A9A FFFFFF FFFFFF FFFFFF 0 1 1 1 0 1
5	43	0	FFFFFF FFFFFF 65FF7E FFC43F FEFB9C FFFFFF C4222B EC5968 5B8BB5 73AEE4 3C6385 FFFFFF FFFFFF FFFFFF 0 1 1 1 0 1
5	44	0	FFFFFF FFFFFF 65FF7E FFC43F FEFB9C FFFFFF C4222B EC5968 5B8BB5 73AEE4 3C6385 FFFFFF FFFFFF FFFFFF 0 1 1 1 0 1
5	45	0	FFFFFF FFFFFF 65FF7E FFC43F FEFB9C FFFFFF C4222B EC5968 5B8BB5 73AEE4 3C6385 FFFFFF FFFFFF FFFFFF 0 1 1 1 0 1
5	46	0	FFFFFF FFFFFF 65FF7E FFC43F FEFB9C FFFFFF A92B43 DF5162 F2B19E E97655 7B313A FFFFFF FFFFFF FFFFFF 0 1 1 1 0 1
5	47	0	FFFFFF FFFFFF 65FF7E FFC43F FEFB9C FFFFFF A92B43 DF5162 F2B19E E97655 7B313A FFFFFF FFFFFF FFFFFF 0 1 1 1 0 1
5	48	0	FFFFFF FFFFFF 64DEFF FEC1BB FEFB9C FFFFFF E1CDD0 C69BC9 E1CDD0 C69BC9 578AC5 FFFFFF FFFFFF FFFFFF 0 1 1 1 0 1
5	49	0	FFFFFF FFFFFF 64DEFF FEC1BB FEFB9C FFFFFF E1CDD0 C69BC9 E1CDD0 C69BC9 578AC5 FFFFFF FFFFFF FFFFFF 0 1 1 1 0 1
5	50	0	000000 000000 0343B0 B40002 7D5848 FFDDFC AF8674 DCAC91 AF8674 DCAC91 815F49 000000 000000 000000 0 1 1 1 0 1
5	51	0	000000 000000 0343B0 B40002 7D5848 FFDDFC AF8674 DCAC91 AF8674 DCAC91 815F49 000000 000000 000000 0 1 1 1 0 1
5	52	0	000000 000000 0343B0 B40002 9A6C3E FFFFFF BC8B5A EEE9A9 C5BF6C EEE9A9 BC8B5A 000000 000000 000000 0 1 1 1 0 1
5	53	0	000000 000000 0343B0 B40002 9A6C3E FFFFFF BC8B5A EEE9A9 C5BF6C EEE9A9 BC8B5A 000000 000000 000000 0 1 1 1 0 1
5	54	0	FFFFFF 000000 0343B0 B40002 FFF799 FFFFFF 3C7BD6 69A8EE C8AF31 F6F1AA 1F4589 000000 000000 000000 0 1 1 1 0 1
5	55	0	FFFFFF 000000 0343B0 B40002 FFF799 FFFFFF 3C7BD6 69A8EE C8AF31 F6F1AA 1F4589 000000 000000 000000 0 1 1 1 0 1
5	56	0	000000 000000 0343B0 B40002 915C7C FFFFFF DC95A9 F3DCC6 DC95A9 F3DCC6 9E5646 000000 000000 000000 0 1 1 1 0 1
5	57	0	000000 000000 0343B0 B40002 915C7C FFFFFF DC95A9 F3DCC6 DC95A9 F3DCC6 9E5646 000000 000000 000000 0 1 1 1 0 1
5	58	0	FFFFFF 000000 0343B0 B40002 FFF09F FFFFFF BF642E E68A4B EDC484 FEEFCC 383838 000000 000000 000000 0 1 1 1 0 1
5	59	0	FFFFFF 000000 0343B0 B40002 FFF09F FFFFFF BF642E E68A4B EDC484 FEEFCC 383838 000000 000000 000000 0 1 1 1 0 1
5	60	0	FFFFFF FFFFFF 9CFF7A FE969D FEED69 FFFEFF 41729B 5488B6 41729B 5488B6 3E3E3E FFFFFF FFFFFF FFFFFF 0 1 1 1 0 1
5	61	0	FFFFFF FFFFFF 9CFF7A FE969D FEED69 FFFEFF 41729B 5488B6 41729B 5488B6 3E3E3E FFFFFF FFFFFF FFFFFF 0 1 1 1 0 1
5	62	0	FFFFFF FFFFFF 9CFF7A FE969D FEED69 FFFEFF 41729B 5488B6 41729B 5488B6 3E3E3E FFFFFF FFFFFF FFFFFF 0 1 1 1 0 1
5	63	0	FFFFFF FFFFFF C8DDFF FDCDCD FCFF92 FFFEFF AD7C20 C89D28 96827F 725F5D 322A29 FFFFFF FFFFFF FFFFFF 0 1 1 1 0 1
5	64	0	FFFFFF FFFFFF C8DDFF FDCDCD FCFF92 FFFEFF AD7C20 C89D28 96827F 725F5D 322A29 FFFFFF FFFFFF FFFFFF 0 1 1 1 0 1
5	65	0	FFFFFF FFFFFF C8DDFF FDCDCD FCFF92 FFFEFF AD7C20 C89D28 96827F 725F5D 322A29 FFFFFF FFFFFF FFFFFF 0 1 1 1 0 1
5	66	0	FFFFFF FFFFFF C8DDFF FDCDCD FEFFA0 FFFFFF 625B54 81776F 4F85B9 87ACD0 A85153 FFFFFF FFFFFF FFFFFF 0 1 1 1 0 1
5	67	0	FFFFFF FFFFFF C8DDFF FDCDCD FEFFA0 FFFFFF 625B54 81776F 4F85B9 87ACD0 A85153 FFFFFF FFFFFF FFFFFF 0 1 1 1 0 1
5	68	0	FFFFFF FFFFFF C8DDFF FDCDCD FEFFA0 FFFFFF 625B54 81776F 4F85B9 87ACD0 A85153 FFFFFF FFFFFF FFFFFF 0 1 1 1 0 1
5	69	0	FFFFFF 000000 C8DDFF FDCDCD FFF7A6 FFFFFF 488A45 59AA55 D0B338 F0DE74 AB545A 000000 000000 FFFFFF 0 1 1 1 0 1
5	70	0	FFFFFF 000000 C8DDFF FDCDCD FFF7A6 FFFFFF 488A45 59AA55 D0B338 F0DE74 AB545A 000000 000000 FFFFFF 0 1 1 1 0 1
5	71	0	FFFFFF 000000 C8DDFF FDCDCD FFF7A6 FFFFFF 488A45 59AA55 D0B338 F0DE74 AB545A 000000 000000 FFFFFF 0 1 1 1 0 1
5	72	0	FFFFFF FFFFFF C8DDFF FDCDCD FFFCB4 FA85AC 1D85BF 54B0E4 68606E 8D8594 000000 FFFFFF FFFFFF FFFFFF 0 1 1 1 0 1
5	73	0	FFFFFF FFFFFF C8DDFF FDCDCD FFFCB4 FA85AC 1D85BF 54B0E4 68606E 8D8594 000000 FFFFFF FFFFFF FFFFFF 0 1 1 1 0 1
5	74	0	FFFFFF FFFFFF 83FE74 FDB77E F9FF76 F78C86 A67A62 C0A190 BABBB7 969891 575953 FFFFFF FFFFFF FFFFFF 0 1 1 1 0 1
5	75	0	FFFFFF FFFFFF 83FE74 FDB77E F9FF76 F78C86 A67A62 C0A190 BABBB7 969891 575953 FFFFFF FFFFFF FFFFFF 0 1 1 1 0 1
5	76	0	FFFFFF FFFFFF 83FE74 FDB77E F9FF76 F78C86 A67A62 C0A190 BABBB7 969891 575953 FFFFFF FFFFFF FFFFFF 0 1 1 1 0 1
5	77	0	000000 000000 0086AD BE0036 B05F00 FFFFFF E3A500 FFC62C F5EFC4 EBE28B D07D35 000000 000000 000000 0 1 1 1 0 1
5	78	0	000000 000000 0086AD BE0036 B05F00 FFFFFF E3A500 FFC62C F5EFC4 EBE28B D07D35 000000 000000 000000 0 1 1 1 0 1
5	79	0	000000 000000 0343B0 B40002 8C5283 FFFFFF EDA0D2 F7D2EA 7CADBF A7C9D4 4A6777 000000 000000 000000 0 1 1 1 0 1
5	80	0	000000 000000 0343B0 B40002 8C5283 FFFFFF EDA0D2 F7D2EA 7CADBF A7C9D4 4A6777 000000 000000 000000 0 1 1 1 0 1
5	81	0	000000 000000 0343B0 B40002 3C61B1 FFFFFF 8AA8E5 B8D4F7 8AA8E5 B8D4F7 586170 000000 000000 000000 0 1 1 1 0 1
5	82	0	000000 000000 0343B0 B40002 3C61B1 FFFFFF 8AA8E5 B8D4F7 8AA8E5 B8D4F7 586170 000000 000000 000000 0 1 1 1 0 1
5	83	0	FFFFFF 000000 C8DDFF FDCDCD FFF095 FFFFFF A57D63 B99A86 DBCA63 EDE4B0 775942 000000 000000 FFFFFF 0 1 1 1 0 1
5	84	0	FFFFFF 000000 ADE7FE FEA3AB FFE691 EDEDED 8F6543 B08058 DDB757 EBD49B 646464 000000 000000 FFFFFF 0 1 1 1 0 1
5	85	0	FFFFFF 000000 ADE7FE FEA3AB FFE691 EDEDED 8F6543 B08058 DDB757 EBD49B 646464 000000 000000 FFFFFF 0 1 1 1 0 1
5	86	0	000000 000000 0343B0 B40002 646177 FFFFFF B0AEBD F0F0F3 B0AEBD F0F0F3 4F556E 000000 000000 000000 0 1 1 1 0 1
5	87	0	000000 000000 0343B0 B40002 646177 FFFFFF B0AEBD F0F0F3 B0AEBD F0F0F3 4F556E 000000 000000 000000 0 1 1 1 0 1
5	88	0	FFFFFF FFFFFF C8DDFF FDCDCD FDFE93 FFFFFF B8B1D5 8E83BC B0AEBD 8E83BC 4D486E FFFFFF FFFFFF FFFFFF 0 1 1 1 0 1
5	89	0	FFFFFF FFFFFF C8DDFF FDCDCD FDFE93 FFFFFF B8B1D5 8E83BC B0AEBD 8E83BC 4D486E FFFFFF FFFFFF FFFFFF 0 1 1 1 0 1
5	90	0	FFFFFF FFFFFF C8DDFF FDCDCD FFE670 FFFFFF A595C8 8B76B7 BFC0D8 9192BC 514680 FFFFFF FFFFFF FFFFFF 0 1 1 1 0 1
5	91	0	FFFFFF FFFFFF C8DDFF FDCDCD FFE670 FFFFFF A595C8 8B76B7 BFC0D8 9192BC 514680 FFFFFF FFFFFF FFFFFF 0 1 1 1 0 1
5	92	0	FFFFFF FFFFFF A5D4FF FF99B4 FFE670 F57984 54457B 715EA4 9587BB 715EA4 54457B FFFFFF FFFFFF FFFFFF 0 1 1 1 0 1
5	93	0	FFFFFF FFFFFF A5D4FF FF99B4 FFE670 F57984 54457B 715EA4 9587BB 715EA4 54457B FFFFFF FFFFFF FFFFFF 0 1 1 1 0 1
5	94	0	FFFFFF FFFFFF A5D4FF FF99B4 FFE670 F57984 54457B 715EA4 9587BB 715EA4 54457B FFFFFF FFFFFF FFFFFF 0 1 1 1 0 1
5	95	0	000000 000000 0074C1 BE0E00 456178 FFFFFF 97A9CD CADDF6 97A9CD CADDF6 566371 000000 000000 000000 0 1 1 1 0 1
5	96	0	000000 000000 0343B0 B40002 888300 FFFFFF C8C100 F5E86E C8C100 F5E86E 8B8B8B 000000 000000 000000 0 1 1 1 0 1
5	97	0	000000 000000 0343B0 B40002 888300 FFFFFF C8C100 F5E86E C8C100 F5E86E 8B8B8B 000000 000000 000000 0 1 1 1 0 1
5	98	0	FFFFFF FFFFFF 9FD0FF FFC8CF FFED5B FFFFFF EEA687 DF7840 DDC6B0 C49A74 7B6856 FFFFFF FFFFFF FFFFFF 0 1 1 1 0 1
5	99	0	FFFFFF FFFFFF 9FD0FF FFC8CF FFED5B FFFFFF EEA687 DF7840 DDC6B0 C49A74 7B6856 FFFFFF FFFFFF FFFFFF 0 1 1 1 0 1
5	100	0	000000 FFFFFF 0343B0 B40002 545F54 FFFFFF BCC4BC EEF0EE DF9892 CD5C53 828282 FFFFFF FFFFFF 000000 0 1 1 1 0 1
5	101	0	000000 FFFFFF 0343B0 B40002 545F54 FFFFFF BCC4BC EEF0EE DF9892 CD5C53 828282 FFFFFF FFFFFF 000000 0 1 1 1 0 1
5	102	0	FFFFFF FFFFFF BBEDFF FFB6B9 FFFB95 FFFFFF 449D43 5BB958 CCB09B B18564 756149 FFFFFF FFFFFF 000000 0 1 1 1 0 1
5	103	0	FFFFFF FFFFFF BBEDFF FFB6B9 FFFB95 FFFFFF 449D43 5BB958 CCB09B B18564 756149 FFFFFF FFFFFF 000000 0 1 1 1 0 1
5	104	0	000000 000000 0343B0 B40002 677F77 FFFFFF 9FB1AB F0F3F2 B8A65A F8F1B9 8E6749 000000 000000 000000 0 1 1 1 0 1
5	105	0	000000 000000 0343B0 B40002 677F77 FFFFFF 9FB1AB F0F3F2 B8A65A F8F1B9 8E6749 000000 000000 000000 0 1 1 1 0 1
5	106	0	FFFFFF 000000 B4E7FF FFBA8A FFEE5F FFFFFF 986F5B B59383 BEAC3C EDDE8D 6D524A 000000 000000 000000 0 1 1 1 0 1
5	107	0	000000 000000 006ED6 C12717 976B2D FFFFFF D8AB5C F6D07C DDACD2 E9C9E2 7F6040 000000 000000 000000 0 1 1 1 0 1
5	108	0	FFFFFF FFFFFF B8DBFE FEDBBB FFED7D FFFFFF B65677 D36585 B65677 D36585 D59087 FFFFFF FFFFFF FFFFFF 0 1 1 1 0 1
5	109	0	FFFFFF FFFFFF 8EC7FE FFAAB0 FFED7D FFFFFF 6B517A 916EA0 AB94B8 916EA0 6B517A FFFFFF FFFFFF FFFFFF 0 1 1 1 0 1
5	110	0	FFFFFF FFFFFF 8EC7FE FFAAB0 FFED7D FFFFFF 6B517A 916EA0 AB94B8 916EA0 6B517A FFFFFF FFFFFF FFFFFF 0 1 1 1 0 1
5	111	0	FFFFFF FFFFFF 8EC7FE FEADB3 FFED7D F8937A A89699 917A7E A89699 917A7E 525059 FFFFFF FFFFFF FFFFFF 0 1 1 1 0 1
5	112	0	FFFFFF FFFFFF 8EC7FE FEADB3 FFED7D F8937A A89699 917A7E A89699 917A7E 525059 FFFFFF FFFFFF FFFFFF 0 1 1 1 0 1
5	113	0	FFFFFF 000000 8EF7FE FFD1A7 FFED7D FFFFFF CB6D96 E48BAD D1D1D1 E8E8E8 A27086 000000 000000 FFFFFF 0 1 1 1 0 1
5	114	0	FFFFFF FFFFFF 8EF7FE FE9C9F FFED7D FFFFFF 4772B1 5D85BE A2B9DA 5D85BE C65776 FFFFFF FFFFFF FFFFFF 0 1 1 1 0 1
5	115	0	FFFFFF FFFFFF 8DDAFF FFCDC8 F1F0A0 F1F0A0 A86D4C C38D64 A86D4C C38D64 5E5D5C FFFFFF FFFFFF FFFFFF 0 1 1 1 0 1
5	116	0	FFFFFF FFFFFF 8DDAFF FEC7C1 FFF09B FFF09B 5083AD 699DC8 96BAD8 699DC8 5083AD FFFFFF FFFFFF FFFFFF 0 1 1 1 0 1
5	117	0	FFFFFF FFFFFF 8DDAFF FEC7C1 FFF09B FFF09B 5083AD 699DC8 96BAD8 699DC8 5083AD FFFFFF FFFFFF FFFFFF 0 1 1 1 0 1
5	118	0	FFFFFF FFFFFF B6C9E7 FFC57A F7F8C0 FFFFFF 9F3B21 D2502E E3937E D2502E 3B3B3B FFFFFF FFFFFF FFFFFF 0 1 1 1 0 1
5	119	0	FFFFFF FFFFFF B6C9E7 FFC57A F7F8C0 FFFFFF 9F3B21 D2502E E3937E D2502E 3B3B3B FFFFFF FFFFFF FFFFFF 0 1 1 1 0 1
5	120	0	FFFFFF FFFFFF A4DEFD F8B3C7 FBFF99 FBFF99 6D56AA 8574CB B6ADE0 8574CB 6D56AA FFFFFF FFFFFF FFFFFF 0 1 1 1 0 1
5	121	0	FFFFFF FFFFFF A4DEFD F8B3C7 FBFF99 FBFF99 6D56AA 8574CB B6ADE0 8574CB 6D56AA FFFFFF FFFFFF FFFFFF 0 1 1 1 0 1
5	122	0	FFFFFF FFFFFF 6CCAFF F9BDCE FFF1AD FFFFFF 2567AA 2D7CCA 84B3E4 2D7CCA D85366 FFFFFF FFFFFF FFFFFF 0 1 1 1 0 1
5	123	0	FFFFFF FFFFFF AAE2FF FEC0B7 FFF88B FFFFFF 5A8535 6EA241 9CC877 6EA241 A99763 FFFFFF FFFFFF FFFFFF 0 1 1 1 0 1
5	124	0	FFFFFF FFFFFF 7BFF6B FFC1A2 FFFF00 FFFFFF 624CA3 8963BF D78C79 C85446 624CA3 FFFFFF FFFFFF FFFFFF 0 1 1 1 0 1
5	125	0	000000 000000 0343B0 B40002 79680A FFFFFF C7AB12 EDD138 C7AB12 EDD138 3E3E3E 000000 000000 000000 0 1 1 1 0 1
5	126	0	FFFFFF FFFFFF 8AC9FF FFCFD0 FBDE77 FFFFFF BC4619 E3602E E8A5AB EC7E86 AB312D FFFFFF FFFFFF FFFFFF 0 1 1 1 0 1
5	127	0	FFFFFF FFFFFF AAD7FF FFC0BE FFF272 E8E8E8 A0654D BE8D79 DDC4BA BE8D79 797B79 FFFFFF FFFFFF FFFFFF 0 1 1 1 0 1
5	128	0	FFFFFF FFFFFF 8AC9FF FFAFAC FFF272 FFFFFF 7B6A5B 927E6C 7B6A5B 927E6C C39559 FFFFFF FFFFFF FFFFFF 0 1 1 1 0 1
5	129	0	FFFFFF 000000 C8DDFF FDCDCD FFF272 FFFFFF 2380D4 509DE2 B8A579 E0D2BA 2E67A8 000000 000000 FFFFFF 0 1 1 1 0 1
5	130	0	FFFFFF 000000 C8DDFF FDCDCD FFF272 FFFFFF 2380D4 509DE2 B8A579 E0D2BA 2E67A8 000000 000000 FFFFFF 0 1 1 1 0 1
5	131	0	FFFFFF FFFFFF B6FFC8 FDCDC9 FFF272 FFFFFF 4D88CD 6EB0E7 CDC3CA AA9AA6 685E61 FFFFFF FFFFFF FFFFFF 0 1 1 1 0 1
5	132	0	FFFFFF FFFFFF C8EAFF FEC4C1 FFF272 FFFFFF 956BD2 AC90E8 D0C0F2 AC90E8 956BD2 FFFFFF FFFFFF FFFFFF 0 1 1 1 0 1
5	133	0	FFFFFF 000000 C9E4FE FFC2BE FFE867 EFE3BD AC773A CE9852 D9BD65 EFE3BD 673E13 000000 000000 FFFFFF 0 1 1 1 0 1
5	134	0	FFFFFF FFFFFF B6FFB4 FED1CC FFF781 DDEFF7 258AB3 64BADE 9DD2E9 64BADE 375B8F FFFFFF FFFFFF FFFFFF 0 1 1 1 0 1
5	135	0	000000 000000 0076C8 A31B00 78319D DDEFF7 D7A608 F8D35B D7A608 F8D35B 000000 000000 000000 000000 0 1 1 1 0 1
5	136	0	FFFFFF 000000 A4E3FF FFCCB4 FFF1A5 FFFFFF C26747 E48148 D89B1B FBDC83 000000 000000 000000 000000 0 1 1 1 0 1
5	137	0	FFFFFF FFFFFF C8DDFF FDCDCD FFF07A D8E1F6 C72D63 E14A70 94C0E5 5DA1D8 2B4872 FFFFFF FFFFFF FFFFFF 0 1 1 1 0 1
5	138	0	000000 FFFFFF 0343B0 B40002 83611F FFFFFF BF8D2E DFBC7A 8AD8F2 2FBAE8 17497E FFFFFF FFFFFF 000000 0 1 1 1 0 1
5	139	0	000000 FFFFFF 0343B0 B40002 83611F FFFFFF BF8D2E DFBC7A 8AD8F2 2FBAE8 17497E FFFFFF FFFFFF 000000 0 1 1 1 0 1
5	140	0	FFFFFF FFFFFF A3E1FE FFAAB5 FFF092 DEDEDE 8F6543 B08058 8F6543 B08058 535353 FFFFFF FFFFFF FFFFFF 0 1 1 1 0 1
5	141	0	FFFFFF FFFFFF A3E1FE FFAAB5 FFF092 DEDEDE 8F6543 B08058 8F6543 B08058 535353 FFFFFF FFFFFF FFFFFF 0 1 1 1 0 1
5	142	0	FFFFFF FFFFFF B8DCFE FFC1A3 FEEA88 FFFFFF 646A7B 848A9B ACB0BB 848A9B 71449E FFFFFF FFFFFF FFFFFF 0 1 1 1 0 1
5	143	0	000000 000000 0343B0 B40002 8A672C FFFFFF DCC092 F3E9D9 DCC092 F3E9D9 085B85 000000 000000 000000 0 1 1 1 0 1
5	144	0	FFFFFF 000000 C8DDFF FDCDCD FEEA88 FFFFFF 2A7AC0 4995D7 68B7C8 C7EEF4 2A7AC0 000000 000000 FFFFFF 0 1 1 1 0 1
5	145	0	000000 000000 0343B0 B40002 914D0E FFFFFF CC6C14 EC913D B8A926 EBDA49 000000 000000 000000 000000 0 1 1 1 0 1
5	146	0	FFFFFF FFFFFF C8DDFF FDCDCD FFF76C FFFFFF C24C1D DF5F2C B3821F E39E0F 854224 FFFFFF FFFFFF FFFFFF 0 1 1 1 0 1
5	147	0	000000 000000 0343B0 B40002 A66B00 FEFEFF D68A00 FFB52E E4C982 FFEBBE 1A7086 000000 000000 000000 0 1 1 1 0 1
5	148	0	000000 000000 0343B0 B40002 A66B00 FEFEFF D68A00 FFB52E E4C982 FFEBBE 1A7086 000000 000000 000000 0 1 1 1 0 1
5	149	0	000000 000000 0343B0 B40002 A66B00 FEFEFF D68A00 FFB52E E4C982 FFEBBE 1A7086 000000 000000 000000 0 1 1 1 0 1
5	150	0	000000 000000 004A7A A30400 8E4766 FEFFFE B38BB3 DBD4E0 F1EFF3 DBD4E0 B38BB3 000000 000000 000000 0 1 1 1 0 1
5	151	0	000000 000000 0343B0 B40002 964872 FEFFFE DD8399 F2B2C7 DD8399 F2B2C7 C65D84 000000 000000 000000 0 1 1 1 0 1
5	152	0	FFFFFF FFFFFF 0343B0 B40002 F7FE88 FFFFFF 509B36 65BE46 9AD486 65BE46 DF596D FFFFFF FFFFFF FFFFFF 0 1 1 1 0 1
5	153	0	FFFFFF FFFFFF 0343B0 B40002 F7FE88 FFFFFF 509B36 65BE46 9AD486 65BE46 DF596D FFFFFF FFFFFF FFFFFF 0 1 1 1 0 1
5	154	0	FFFFFF FFFFFF 0343B0 B40002 F7FE88 FFFFFF 509B36 65BE46 9AD486 65BE46 DF596D FFFFFF FFFFFF FFFFFF 0 1 1 1 0 1
5	155	0	FFFFFF 000000 C8DDFF FDCDCD FFF683 FFFFFF 335676 43719B DABA5C FBE898 96493B 000000 000000 FFFFFF 0 1 1 1 0 1
5	156	0	FFFFFF 000000 C8DDFF FDCDCD FFF683 FFFFFF 335676 43719B DABA5C FBE898 96493B 000000 000000 FFFFFF 0 1 1 1 0 1
5	157	0	FFFFFF 000000 C8DDFF FDCDCD FFF683 FFFFFF 335676 43719B DABA5C FBE898 96493B 000000 000000 FFFFFF 0 1 1 1 0 1
5	158	0	FFFFFF 000000 9BE9FF FED2C1 FFF683 FFFFFF 1E89B4 30ABDC FDF2CD FADE7F D4696A 000000 000000 000000 0 1 1 1 0 1
5	159	0	FFFFFF 000000 9BE9FF FED2C1 FFF683 FFFFFF 1E89B4 30ABDC FDF2CD FADE7F D4696A 000000 000000 000000 0 1 1 1 0 1
5	160	0	FFFFFF 000000 9BE9FF FED2C1 FFF683 FFFFFF 1E89B4 30ABDC FDF2CD FADE7F D4696A 000000 000000 000000 0 1 1 1 0 1
5	161	0	FFFFFF 000000 C8DDFF FDCDCD FFF683 FFFFFF 896250 A47865 C3996E DEC5AD 896250 000000 000000 FFFFFF 0 1 1 1 0 1
5	162	0	FFFFFF 000000 C8DDFF FDCDCD FFF683 FFFFFF 896250 A47865 C3996E DEC5AD 896250 000000 000000 FFFFFF 0 1 1 1 0 1
5	163	0	FFFFFF 000000 C8DDFF FDCDCD FFF683 FFFFFF 845D4E AB8272 BEB47A E3D9B7 543832 000000 000000 FFFFFF 0 1 1 1 0 1
5	164	0	FFFFFF 000000 C8DDFF FDCDCD FFF683 FFFFFF 845D4E AB8272 BEB47A E3D9B7 543832 000000 000000 FFFFFF 0 1 1 1 0 1
5	165	0	FFFFFF 000000 C8DDFF FDCDCD FFF683 FFFFFF AF2D37 D3545E C1AE74 EDE1A0 2F2E2B 000000 000000 FFFFFF 0 1 1 1 0 1
5	166	0	FFFFFF 000000 C8DDFF FDCDCD FFF683 FFFFFF AF2D37 D3545E C1AE74 EDE1A0 2F2E2B 000000 000000 FFFFFF 0 1 1 1 0 1
5	167	0	FFFFFF FFFFFF 9BE9FF FFBBA2 FFF683 FFFFFF C82536 DC4353 BEB2D7 917DBC 252422 FFFFFF FFFFFF FFFFFF 0 1 1 1 0 1
5	168	0	FFFFFF FFFFFF 9BE9FF FFBBA2 FFF683 FFFFFF C82536 DC4353 BEB2D7 917DBC 252422 FFFFFF FFFFFF FFFFFF 0 1 1 1 0 1
5	169	0	FFFFFF FFFFFF A2DFFF FFA73F FEFB9C FDFAA7 A957C5 CA73E7 DDA5EF CA73E7 486A9A FFFFFF FFFFFF FFFFFF 0 1 1 1 0 1
5	170	0	FFFFFF 000000 C8DDFF FDCDCD FFF683 FFFFFF 396AC2 6B94E5 CEB34F F1E68A 396AC2 000000 000000 FFFFFF 0 1 1 1 0 1
5	171	0	FFFFFF 000000 C8DDFF FDCDCD FFF683 FFFFFF 396AC2 6B94E5 CEB34F F1E68A 396AC2 000000 000000 FFFFFF 0 1 1 1 0 1
5	172	0	000000 000000 0343B0 B40002 8B5D00 FFFFFF FFD600 F2A300 FFD600 F2A300 74532C 000000 000000 000000 0 1 1 1 0 1
5	173	0	000000 000000 0343B0 B40002 9A4F65 FFFFFF C996A5 FFC5BB C996A5 FFC5BB 895D5D 000000 000000 000000 0 1 1 1 0 1
5	174	0	FFFFFF 000000 0343B0 B40002 FFF6B0 FFFFFF CB5F71 EC8294 BEBEBE E8E8E8 0D617D 000000 000000 000000 0 1 1 1 0 1
5	175	0	000000 000000 0030CC C50031 5F5F5F FFFFFF B9B9B9 F8F8F8 B9B9B9 F8F8F8 4583C7 000000 000000 FFFFFF 0 1 1 1 0 1
5	176	0	000000 000000 0030CC C50031 5F5F5F FFFFFF B9B9B9 F8F8F8 B9B9B9 F8F8F8 4583C7 000000 000000 FFFFFF 0 1 1 1 0 1
5	177	0	000000 000000 0030CC C50031 4B6927 FFFFFF 5AAF31 96D876 C5DBE6 E5EFF4 AF5359 000000 000000 FFFFFF 0 1 1 1 0 1
5	178	0	000000 000000 0030CC C50031 4B6927 FFFFFF 5AAF31 96D876 C5DBE6 E5EFF4 AF5359 000000 000000 FFFFFF 0 1 1 1 0 1
5	179	0	FFFFFF 000000 C8DDFF FDCDCD FEED58 FFFFFF 454545 5B5B5B B9AC33 EAE163 BB4555 000000 000000 FFFFFF 0 1 1 1 0 1
5	180	0	FFFFFF 000000 C8DDFF FDCDCD FEED58 FFFFFF 454545 5B5B5B B9AC33 EAE163 BB4555 000000 000000 FFFFFF 0 1 1 1 0 1
5	181	0	FFFFFF 000000 C8DDFF FDCDCD FEED58 FFFFFF 454545 5B5B5B B9AC33 EAE163 BB4555 000000 000000 FFFFFF 0 1 1 1 0 1
5	182	0	FFFFFF 000000 C8DDFF FDCDCD FEF48C FFFFFF 415E43 547A58 C29D2B EFD777 CA3C3E 000000 000000 FFFFFF 0 1 1 1 0 1
5	183	0	FFFFFF FFFFFF ACD5FF FECFDB FFEB76 FFFFFF 0E79BC 3496D8 79B7E4 3496D8 BC566E FFFFFF FFFFFF FFFFFF 0 1 1 1 0 1
5	184	0	FFFFFF FFFFFF ACD5FF FECFDB FFEB76 FFFFFF 0E79BC 3496D8 79B7E4 3496D8 BC566E FFFFFF FFFFFF FFFFFF 0 1 1 1 0 1
5	185	0	FFFFFF FFFFFF 9CFF7A FE969D FEED69 FFFFFF 84644A A47C5D BA9C85 A47C5D 4F6047 FFFFFF FFFFFF FFFFFF 0 1 1 1 0 1
5	186	0	FFFFFF 000000 BEDAFF FEC1C1 FEF296 FFFFFF 658A3E 84B253 D6CA4C ECE497 516280 000000 000000 FFFFFF 0 1 1 1 0 1
5	187	0	FFFFFF FFFFFF B7FEB9 FECCCD FFF151 FFFFFF 5977B1 8098D2 B4C2E3 8098D2 A99C84 FFFFFF FFFFFF FFFFFF 0 1 1 1 0 1
5	188	0	FFFFFF FFFFFF B7FEB9 FECCCD FFF151 FFFFFF 5977B1 8098D2 B4C2E3 8098D2 A99C84 FFFFFF FFFFFF FFFFFF 0 1 1 1 0 1
5	189	0	FFFFFF FFFFFF B7FEB9 FECCCD FFF151 FFFFFF 5977B1 8098D2 B4C2E3 8098D2 A99C84 FFFFFF FFFFFF FFFFFF 0 1 1 1 0 1
5	190	0	FFFFFF 000000 C8DDFF FDCDCD FFF699 FFFFFF 8362A3 9376AF BAA549 EBD89A D1666F 000000 000000 FFFFFF 0 1 1 1 0 1
5	191	0	000000 FFFFFF 0343B0 B40002 847A17 FFFFFF C3B423 E5E269 A5D0A2 6CB467 4C8142 FFFFFF FFFFFF 000000 0 1 1 1 0 1
5	192	0	000000 FFFFFF 0343B0 B40002 847A17 FFFFFF C3B423 E5E269 A5D0A2 6CB467 4C8142 FFFFFF FFFFFF 000000 0 1 1 1 0 1
5	193	0	FFFFFF FFFFFF 92CEFF FEA28E FFEA61 FFFFFF 4D5C3F 5F7847 E8908D DD5955 3D3B3B FFFFFF FFFFFF FFFFFF 0 1 1 1 0 1
5	194	0	FFFFFF FFFFFF B7DEFE FEBFB1 FFEA61 FFFFFF 287CAA 44A0D2 AAA0CB 8E81BA 163F4C FFFFFF FFFFFF FFFFFF 0 1 1 1 0 1
5	195	0	FFFFFF FFFFFF B7DEFE FEBFB1 FFEA61 FFFFFF 287CAA 44A0D2 AAA0CB 8E81BA 163F4C FFFFFF FFFFFF FFFFFF 0 1 1 1 0 1
5	196	0	000000 000000 0343B0 B40002 904B6C FFFFFF DBA0C5 EFD5E4 DBA0C5 EFD5E4 225C8C 000000 000000 000000 0 1 1 1 0 1
5	197	0	FFFFFF FFFFFF C8DDFF FDCDCD F67F82 FEED73 2C2F32 3F4345 2C2F32 3F4345 000000 FFFFFF FFFFFF FFFFFF 0 1 1 1 0 1
5	198	0	FFFFFF FFFFFF 00BDFF FF8264 FFFF65 FFFFFF 293B50 395270 72716A 4D4C47 862E3A FFFFFF FFFFFF FFFFFF 0 1 1 1 0 1
5	199	0	000000 000000 0343B0 B40002 707070 FFFFFF B1AEA9 EDECEA D2C686 EFE9B1 C07A88 000000 000000 000000 0 1 1 1 0 1
5	200	0	FFFFFF FFFFFF B4DFFF FFCCB0 FFED57 FFFFFF 675386 8069A2 675386 8069A2 C07EAA FFFFFF FFFFFF FFFFFF 0 1 1 1 0 1
5	201	0	FFFFFF FFFFFF B4DFFF FFCCB0 FFED57 FFFFFF 000000 25292B 42494C 25292B 000000 FFFFFF FFFFFF FFFFFF 0 1 1 1 0 1
5	202	0	FFFFFF FFFFFF BBE0FF FEC3C1 FFE848 FFFFFF 0F77A1 119CD8 0F77A1 119CD8 343532 FFFFFF FFFFFF FFFFFF 0 1 1 1 0 1
5	203	0	FFFFFF FFFFFF C8DDFF FDCDCD FFEA95 FFFFFF AD750D E7981D 705044 876152 B65C58 FFFFFF FFFFFF FFFFFF 0 1 1 1 0 1
5	204	0	000000 000000 0044C1 B0000E 964B5C FFFFFF C3A1BC E4D5E1 C3A1BC E4D5E1 9E3F3F 000000 000000 000000 0 1 1 1 0 1
5	205	0	000000 000000 0044C1 B0000E 964B5C FFFFFF C3A1BC E4D5E1 C3A1BC E4D5E1 9E3F3F 000000 000000 000000 0 1 1 1 0 1
5	206	0	000000 000000 0343B0 B40002 8B8321 FFFFFF D2C746 FDEE8E D2C746 FDEE8E 1E809B 000000 000000 000000 0 1 1 1 0 1
5	207	0	FFFFFF FFFFFF C1E4FF FEB4A3 FFE883 FFFFFF 6871A0 848BB2 B3B8CF 848BB2 B94759 FFFFFF FFFFFF FFFFFF 0 1 1 1 0 1
5	208	0	000000 000000 0074C1 BE0E00 456178 FFFFFF 97A9CD CADDF6 97A9CD CADDF6 566371 000000 000000 000000 0 1 1 1 0 1
5	209	0	FFFFFF FFFFFF C8DDFF FDCDCD FFF3A9 FFFFFF 9E669F BB8BB3 9E669F BB8BB3 41403F FFFFFF FFFFFF FFFFFF 0 1 1 1 0 1
5	210	0	FFFFFF FFFFFF C8DDFF FDCDCD FFF3A9 FFFFFF 9E669F BB8BB3 9E669F BB8BB3 41403F FFFFFF FFFFFF FFFFFF 0 1 1 1 0 1
5	211	0	FFFFFF 000000 C1E4FF FFC0A2 FFE883 FFFFFF 2D504F 427674 C0C382 E6EEC7 2D504F 000000 000000 FFFFFF 0 1 1 1 0 1
5	212	0	FFFFFF FFFFFF C8DDFF FDCDCD FFE883 FFFFFF 962123 D3363A 962123 D3363A 000000 FFFFFF FFFFFF FFFFFF 0 1 1 1 0 1
5	213	0	000000 000000 0343B0 B40002 88750D FFFFFF D2B514 FFE64C E7C973 F4E6BE A33A3F 000000 000000 000000 0 1 1 1 0 1
5	214	0	FFFFFF FFFFFF A2FFBE FEBA9C FEF94E FFFFFF 3D6884 548BAF 84ABC5 548BAF 3D6884 FFFFFF FFFFFF FFFFFF 0 1 1 1 0 1
5	215	0	FFFFFF FFFFFF C8DDFF FDCDCD FEF94E FFFFFF 4F5A75 707D9E 4F5A75 707D9E A73742 FFFFFF FFFFFF FFFFFF 0 1 1 1 0 1
5	216	0	FFFFFF FFFFFF A2D3FF FEBA9C FFEB55 FFFFFF 8D5C45 B0785E C49B88 B0785E 674534 FFFFFF FFFFFF FFFFFF 0 1 1 1 0 1
5	217	0	FFFFFF FFFFFF A2D3FF FEBA9C FFEB55 FFFFFF 8D5C45 B0785E C49B88 B0785E 674534 FFFFFF FFFFFF FFFFFF 0 1 1 1 0 1
5	218	0	FFFFFF FFFFFF BBD9FF FFCAC5 FAFE54 FFFFFF CB5028 F16854 ABB0BD 757E93 434855 FFFFFF FFFFFF FFFFFF 0 1 1 1 0 1
5	219	0	FFFFFF FFFFFF BBD9FF FFCAC5 FAFE54 FFFFFF CB5028 F16854 ABB0BD 757E93 434855 FFFFFF FFFFFF FFFFFF 0 1 1 1 0 1
5	220	0	FFFFFF 000000 A2D8FF FFA9A5 FEFF95 FFFFFF 805C4B A47966 E3C6A5 FDF3EC 345D8C 000000 000000 FFFFFF 0 1 1 1 0 1
5	221	0	FFFFFF 000000 A2D8FF FFA9A5 FEFF95 FFFFFF 805C4B A47966 E3C6A5 FDF3EC 345D8C 000000 000000 FFFFFF 0 1 1 1 0 1
5	222	0	000000 000000 0343B0 B40002 8F3855 FFFFFF E490AA FDBCCE ABCDDE DCF1F9 4A5F6F 000000 000000 000000 0 1 1 1 0 1
5	223	0	FFFFFF 000000 A6DCFF FFC989 FFF36B FFFFFF C53D38 E66052 DEB144 F9DA83 943933 000000 000000 FFFFFF 0 1 1 1 0 1
5	224	0	FFFFFF 000000 A6DCFF FFC989 FFF36B FFFFFF C53D38 E66052 DEB144 F9DA83 943933 000000 000000 FFFFFF 0 1 1 1 0 1
5	225	0	000000 000000 004BCC C50900 737373 FFFFFF BBB0B8 F2F0F1 D7BB59 F2D887 C53F2F 000000 000000 000000 0 1 1 1 0 1
5	226	0	FFFFFF 000000 BCD4FD FDAEAE FEF588 FFFFFF 25508E 3470C7 CCB0D6 E5D6EA 25508E 000000 000000 000000 0 1 1 1 0 1
5	227	0	000000 FFFFFF 0343B0 B40002 3064A8 FFFFFF 97B7E1 D1DFF2 586281 7983A3 A5423A FFFFFF FFFFFF 000000 0 1 1 1 0 1
5	228	0	FFFFFF FFFFFF C8DDFF FDCDCD FFE75F FFFFFF 3B3430 5A4F49 3B3430 5A4F49 C8573C FFFFFF FFFFFF FFFFFF 0 1 1 1 0 1
5	229	0	FFFFFF FFFFFF C8DDFF FDCDCD FFE75F FFFFFF 3B3430 5A4F49 3B3430 5A4F49 C8573C FFFFFF FFFFFF FFFFFF 0 1 1 1 0 1
5	230	0	FFFFFF FFFFFF 8DDAFF FEC7C1 FFF09B FFF09B 5083AD 699DC8 96BAD8 699DC8 5083AD FFFFFF FFFFFF FFFFFF 0 1 1 1 0 1
5	231	0	FFFFFF 000000 8DDAFF FFA49B FFEA9B FFFFFF 424A52 56606B 92B2CF C6D7E6 853534 000000 000000 FFFFFF 0 1 1 1 0 1
5	232	0	FFFFFF 000000 8DDAFF FFA49B FFEA9B FFFFFF 424A52 56606B 92B2CF C6D7E6 853534 000000 000000 FFFFFF 0 1 1 1 0 1
5	233	0	FFFFFF FFFFFF C8DDFF FDCDCD FFF07A D8E1F6 C72D63 E14A70 94C0E5 5DA1D8 2B4872 FFFFFF FFFFFF FFFFFF 0 1 1 1 0 1
5	234	0	FFFFFF FFFFFF C8DDFF FDCDCD F6EDB5 FFFFFF 7D5E4B A9856F C7AFA1 A9856F 623D23 FFFFFF FFFFFF FFFFFF 0 1 1 1 0 1
5	235	0	000000 FFFFFF 0343B0 B40002 97692A FFFFFF E0BE8F F2E4D0 C78E6E B06B44 597454 FFFFFF FFFFFF 000000 0 1 1 1 0 1
5	236	0	000000 000000 006ED6 C12717 94671B FFFFFF D8AB5C F6D07C DDACD2 E9C9E2 7F6040 000000 000000 000000 0 1 1 1 0 1
5	237	0	FFFFFF FFFFFF 91DDFF FFD999 FFF681 FFFFFF 41678E 5583B1 BEA395 A78471 41678E FFFFFF FFFFFF FFFFFF 0 1 1 1 0 1
5	238	0	FFFFFF FFFFFF 7BFF6B FFC1A2 FFFF00 FFFFFF 624CA3 8963BF D78C79 C85446 624CA3 FFFFFF FFFFFF FFFFFF 0 1 1 1 0 1
5	239	0	000000 000000 0343B0 B40002 79680A FFFFFF C7AB12 EDD138 C7AB12 EDD138 3E3E3E 000000 000000 000000 0 1 1 1 0 1
5	240	0	FFFFFF FFFFFF 8AC9FF FFCFD0 FBDE77 FFFFFF BC4619 E3602E E8A5AB EC7E86 AB312D FFFFFF FFFFFF FFFFFF 0 1 1 1 0 1
5	241	0	000000 000000 0343B0 B40002 A03C4F FFFFFF D88284 FAB4A4 DCC061 FFEDB6 000000 000000 000000 000000 0 1 1 1 0 1
5	242	0	FFFFFF 000000 8EF7FE FFD1A7 FFED7D FFFFFF CB6D96 E48BAD D1D1D1 E8E8E8 A27086 000000 000000 FFFFFF 0 1 1 1 0 1
5	243	0	000000 000000 0343B0 B40002 30668D FFFFFF 72A6CD A8D4ED CDAC53 E4D697 98668B 000000 000000 000000 0 1 1 1 0 1
5	244	0	FFFFFF FFFFFF A9D9FF FFA481 EEFF5B FFFFFF 653C1F 7E4E33 A7AFBA 808C9B A23340 FFFFFF FFFFFF FFFFFF 0 1 1 1 0 1
5	245	0	FFFFFF 000000 A9D9FF FFD681 EEFF5B FFFFFF 8E6390 AD82A7 729FBB C3DFE5 2E576F 000000 000000 FFFFFF 0 1 1 1 0 1
5	246	0	000000 000000 0343B0 B40002 59663F FFFFFF 899E62 B6CAA0 899E62 B6CAA0 596F91 000000 000000 000000 0 1 1 1 0 1
5	247	0	000000 000000 0343B0 B40002 59663F FFFFFF 899E62 B6CAA0 899E62 B6CAA0 596F91 000000 000000 000000 0 1 1 1 0 1
5	248	0	000000 000000 0343B0 B40002 59663F FFFFFF 899E62 B6CAA0 899E62 B6CAA0 596F91 000000 000000 000000 0 1 1 1 0 1
5	249	0	000000 000000 0343B0 B40002 5146AE FFFFFF B5B0DF F8F7FC 6F99D0 ACC8EB 39416D 000000 000000 000000 0 1 1 1 0 1
5	250	0	FFFFFF 000000 C8DDFF FDCDCD F7FF83 FFFFFF C84928 E46441 BCC5B3 EDF0E5 3A445B 000000 000000 FFFFFF 0 1 1 1 0 1
5	251	0	000000 000000 0343B0 B40002 828F3C FFFFFF C0CB83 E1F0CB 84B85D B3D791 2279AF 000000 000000 000000 0 1 1 1 0 1
5	252	0	FFFFFF FFFFFF C8DDFF FDCDCD FEF59D FFFFFF 3F7E51 55A86B 3F7E51 55A86B 375D3F FFFFFF FFFFFF FFFFFF 0 1 1 1 0 1
5	253	0	FFFFFF FFFFFF C8DDFF FDCDCD FEF59D FFFFFF 3F7E51 55A86B 3F7E51 55A86B 375D3F FFFFFF FFFFFF FFFFFF 0 1 1 1 0 1
5	254	0	FFFFFF FFFFFF C8DDFF FDCDCD FEF59D FFFFFF 3F7E51 55A86B 3F7E51 55A86B 375D3F FFFFFF FFFFFF FFFFFF 0 1 1 1 0 1
5	255	0	000000 FFFFFF 0343B0 B40002 966716 FFFFFF ECC47F F7E6C8 DB8D78 CB593B 5E534E FFFFFF FFFFFF 000000 0 1 1 1 0 1
5	256	0	000000 FFFFFF 0343B0 B40002 966716 FFFFFF ECC47F F7E6C8 DB8D78 CB593B 5E534E FFFFFF FFFFFF 000000 0 1 1 1 0 1
5	257	0	000000 FFFFFF 0343B0 B40002 966716 FFFFFF ECC47F F7E6C8 DB8D78 CB593B 5E534E FFFFFF FFFFFF 000000 0 1 1 1 0 1
5	258	0	FFFFFF FFFFFF C8DDFF FDCDCD FFF67A FFFFFF 495563 627284 4AB7F4 0B97E8 495563 FFFFFF FFFFFF FFFFFF 0 1 1 1 0 1
5	259	0	FFFFFF FFFFFF C8DDFF FDCDCD FFF67A FFFFFF 495563 627284 4AB7F4 0B97E8 495563 FFFFFF FFFFFF FFFFFF 0 1 1 1 0 1
5	260	0	FFFFFF FFFFFF C8DDFF FDCDCD FFF67A FFFFFF 495563 627284 4AB7F4 0B97E8 495563 FFFFFF FFFFFF FFFFFF 0 1 1 1 0 1
5	261	0	FFFFFF 000000 B3D6FF F27168 FFF05B FFFFFF 0D0D0D 2F2F2C A3A3A3 DCDCDC 403D3D 000000 000000 FFFFFF 0 1 1 1 0 1
5	262	0	FFFFFF 000000 B3D6FF F27168 FFF05B FFFFFF 0D0D0D 2F2F2C A3A3A3 DCDCDC 403D3D 000000 000000 FFFFFF 0 1 1 1 0 1
5	263	0	FFFFFF 000000 B3D6FF FFCF9C FFFA81 FFFFFF 7A5D43 A88260 B7A795 E3DDD6 237EA3 000000 000000 FFFFFF 0 1 1 1 0 1
5	264	0	FFFFFF 000000 B3D6FF FFCF9C FFFA81 FFFFFF 7A5D43 A88260 B7A795 E3DDD6 237EA3 000000 000000 FFFFFF 0 1 1 1 0 1
5	265	0	FFFFFF 000000 B3D6FF FFCF9C FEFF5E FFFFFF 514E4E 6F6B6A BCA4A4 F1ECEC 2F7098 000000 000000 FFFFFF 0 1 1 1 0 1
5	266	0	FFFFFF 000000 B3D6FF FFCF9C FEFF5E FFFFFF 514E4E 6F6B6A BCA4A4 F1ECEC 2F7098 000000 000000 FFFFFF 0 1 1 1 0 1
5	267	0	FFFFFF 000000 B3D6FF FFCF9C FEFF5E FFFFFF 514E4E 6F6B6A BCA4A4 F1ECEC 2F7098 000000 000000 FFFFFF 0 1 1 1 0 1
5	268	0	FFFFFF FFFFFF B3D6FF FFCF9C F9FF79 FFFFFF 7A5D7F 97799C A3C884 72A449 BA5254 FFFFFF FFFFFF FFFFFF 0 1 1 1 0 1
5	269	0	FFFFFF FFFFFF B3D6FF FFCF9C F9FF79 FFFFFF 7A5D7F 97799C A3C884 72A449 BA5254 FFFFFF FFFFFF FFFFFF 0 1 1 1 0 1
5	270	0	FFFFFF 000000 B3D6FF FFCF9C F9FF79 FFFFFF 60863B 7AAB4B DCBD6C FFECB9 836859 000000 000000 FFFFFF 0 1 1 1 0 1
5	271	0	FFFFFF 000000 B3D6FF FFCF9C F9FF79 FFFFFF 60863B 7AAB4B DCBD6C FFECB9 836859 000000 000000 FFFFFF 0 1 1 1 0 1
5	272	0	FFFFFF 000000 B3D6FF FFCF9C F9FF79 FFFFFF 60863B 7AAB4B DCBD6C FFECB9 836859 000000 000000 FFFFFF 0 1 1 1 0 1
5	273	0	000000 FFFFFF 00397D B40002 737373 FFFFFF BCBCBC FDFDFD C09A7B A2734D 276343 FFFFFF FFFFFF 000000 0 1 1 1 0 1
5	274	0	000000 FFFFFF 00397D B40002 737373 FFFFFF BCBCBC FDFDFD C09A7B A2734D 276343 FFFFFF FFFFFF 000000 0 1 1 1 0 1
5	275	0	000000 FFFFFF 00397D B40002 737373 FFFFFF BCBCBC FDFDFD C09A7B A2734D 276343 FFFFFF FFFFFF 000000 0 1 1 1 0 1
5	276	0	FFFFFF FFFFFF BEDBFF FFB0B1 FBFF5B FFFFFF 3C455E 5B6B95 D58893 C35363 3C455E FFFFFF FFFFFF FFFFFF 0 1 1 1 0 1
5	277	0	FFFFFF FFFFFF BEDBFF FFB0B1 FBFF5B FFFFFF 3C455E 5B6B95 D58893 C35363 3C455E FFFFFF FFFFFF FFFFFF 0 1 1 1 0 1
5	278	0	000000 000000 0343B0 B40002 707070 FFFFFF B0B0B0 FAFAFA DAB342 FFEAA7 3777A7 000000 000000 000000 0 1 1 1 0 1
5	279	0	000000 000000 0343B0 B40002 707070 FFFFFF B0B0B0 FAFAFA DAB342 FFEAA7 3777A7 000000 000000 000000 0 1 1 1 0 1
5	280	0	FFFFFF 000000 BBD9FF FFBEBF F8FF5B FFFFFF 50774F 5CA261 D7BDBD FCFAFA C25B5D 000000 000000 000000 0 1 1 1 0 1
5	281	0	FFFFFF 000000 BBD9FF FFBEBF F8FF5B FFFFFF 50774F 5CA261 D7BDBD FCFAFA C25B5D 000000 000000 000000 0 1 1 1 0 1
5	282	0	FFFFFF 000000 BBD9FF FFBEBF F8FF5B FFFFFF 50774F 5CA261 D7BDBD FCFAFA C25B5D 000000 000000 000000 0 1 1 1 0 1
5	283	0	000000 000000 0343B0 B40002 48688C FFFFFF 85A4C6 BFDAEF DE8F78 FCC9B6 915262 000000 000000 000000 0 1 1 1 0 1
5	284	0	000000 000000 0343B0 B40002 48688C FFFFFF 85A4C6 BFDAEF DE8F78 FCC9B6 915262 000000 000000 000000 0 1 1 1 0 1
5	285	0	FFFFFF 000000 BBD9FF FFBEBF F8FF5B FFFFFF 50754F 6C9A6B DBAE67 F9E5C8 C75554 000000 000000 000000 0 1 1 1 0 1
5	286	0	FFFFFF 000000 BBD9FF FFBEBF F8FF5B FFFFFF 50754F 6C9A6B DBAE67 F9E5C8 C75554 000000 000000 000000 0 1 1 1 0 1
5	287	0	000000 000000 0048A3 B40002 8B594D FFFFFF BBBBBB FFFFFF D5B68F F1E1C4 69483E 000000 000000 000000 0 1 1 1 0 1
5	288	0	000000 000000 0048A3 B40002 8B594D FFFFFF BBBBBB FFFFFF D5B68F F1E1C4 69483E 000000 000000 000000 0 1 1 1 0 1
5	289	0	000000 000000 0048A3 B40002 8B594D FFFFFF BBBBBB FFFFFF D5B68F F1E1C4 69483E 000000 000000 000000 0 1 1 1 0 1
5	290	0	000000 000000 0343B0 B40002 9D7635 FFFFFF CDA96D FEE28D 9E9E9E C9CACA 333333 000000 000000 000000 0 1 1 1 0 1
5	291	0	000000 000000 0343B0 B40002 9D7635 FFFFFF CDA96D FEE28D 9E9E9E C9CACA 333333 000000 000000 000000 0 1 1 1 0 1
5	292	0	000000 FFFFFF 0343B0 B40002 775B35 FFFFFF A77F4C CEAE81 A79A98 877672 49413D FFFFFF FFFFFF 000000 0 1 1 1 0 1
5	293	0	000000 FFFFFF 0065AD B40002 96671C FFFFFF C19B66 E8DA8B 5C6298 7E83B1 A94D86 FFFFFF FFFFFF FFFFFF 0 1 1 1 0 1
5	294	0	000000 FFFFFF 0065AD B40002 96671C FFFFFF C19B66 E8DA8B 5C6298 7E83B1 A94D86 FFFFFF FFFFFF FFFFFF 0 1 1 1 0 1
5	295	0	000000 FFFFFF 0065AD B40002 96671C FFFFFF C19B66 E8DA8B 5C6298 7E83B1 A94D86 FFFFFF FFFFFF FFFFFF 0 1 1 1 0 1
5	296	0	FFFFFF 000000 99D4FF FFBBBB FFF581 FFFFFF BD662F DA8459 E5B13B FFE58A 444C68 000000 000000 FFFFFF 0 1 1 1 0 1
5	297	0	FFFFFF 000000 99D4FF FFBBBB FFF581 FFFFFF BD662F DA8459 E5B13B FFE58A 444C68 000000 000000 FFFFFF 0 1 1 1 0 1
5	298	0	FFFFFF FFFFFF ACD5FF FE9CB5 FFEB76 FFFFFF 0E79BC 3496D8 79B7E4 3496D8 BC566E FFFFFF FFFFFF FFFFFF 0 1 1 1 0 1
5	299	0	FFFFFF FFFFFF C8DDFF FDCDCD FFFB9F FFFFFF 993A35 C45E58 496F8C 5F8AAB 2D2C2C FFFFFF FFFFFF FFFFFF 0 1 1 1 0 1
5	300	0	FFFFFF 000000 B7E1FE FFC4BE FEF469 FFFFFF 916285 BB88B2 D9BD4E FDF0BD 916285 000000 000000 FFFFFF 0 1 1 1 0 1
5	301	0	FFFFFF 000000 B7E1FE FFC4BE FEF469 FFFFFF 916285 BB88B2 D9BD4E FDF0BD 916285 000000 000000 FFFFFF 0 1 1 1 0 1
5	302	0	FFFFFF FFFFFF B7E1FE FFC4BE FFFA8E FFFFFF 69507E 886CA1 AE9BBF 886CA1 B04351 FFFFFF FFFFFF FFFFFF 0 1 1 1 0 1
5	303	0	FFFFFF 000000 C8DDFF FDCDCD FFF7B6 FFFFFF 525150 716F6E E1AE6B F9DAA4 AF6277 000000 000000 FFFFFF 0 1 1 1 0 1
5	304	0	000000 FFFFFF 014C7F B40002 676767 FFFFFF B6B6AE EEEEEC 959392 727370 3D3E43 FFFFFF FFFFFF FFFFFF 0 1 1 1 0 1
5	305	0	000000 FFFFFF 014C7F B40002 676767 FFFFFF B6B6AE EEEEEC 959392 727370 3D3E43 FFFFFF FFFFFF FFFFFF 0 1 1 1 0 1
5	306	0	000000 FFFFFF 014C7F B40002 676767 FFFFFF B6B6AE EEEEEC 959392 727370 3D3E43 FFFFFF FFFFFF FFFFFF 0 1 1 1 0 1
5	307	0	FFFFFF 000000 AEDDFE FFDAC0 FDF79A FFFFFF BA4B57 D56D78 A6A6A6 DDDDDD 8B4552 000000 000000 FFFFFF 0 1 1 1 0 1
5	308	0	FFFFFF 000000 AEDDFE FFDAC0 FDF79A FFFFFF BA4B57 D56D78 A6A6A6 DDDDDD 8B4552 000000 000000 FFFFFF 0 1 1 1 0 1
5	309	0	000000 FFFFFF 0343B0 B40002 746938 FFFFFF BBAD72 F2DF8F 3583AD 4AAFDA 354D6C FFFFFF FFFFFF 000000 0 1 1 1 0 1
5	310	0	000000 FFFFFF 0343B0 B40002 746938 FFFFFF BBAD72 F2DF8F 3583AD 4AAFDA 354D6C FFFFFF FFFFFF 000000 0 1 1 1 0 1
5	311	0	000000 000000 0343B0 B40002 947E2D FFFFFF D5C177 FCEDB7 D5C177 FCEDB7 C85A62 000000 000000 000000 0 1 1 1 0 1
5	312	0	000000 000000 0267AE B40002 947E2D FFFFFF D5C177 FCEDB7 D5C177 FCEDB7 3775B6 000000 000000 FFFFFF 0 1 1 1 0 1
5	313	0	FFFFFF FFFFFF C8DDFF FDCDCD FBFF76 FFFFFF 6770AB 919DC8 BB4335 EE5B43 494741 FFFFFF FFFFFF FFFFFF 0 1 1 1 0 1
5	314	0	FFFFFF FFFFFF BBEBFF FFCFCF FBFF76 FFFFFF 1A8AB4 37B3E1 7981B5 919DC8 494741 FFFFFF FFFFFF FFFFFF 0 1 1 1 0 1
5	315	0	FFFFFF FFFFFF C8DDFF FDCDCD FFF68A FFFFFF BA3649 E15063 6EA9FA 3285F9 488765 FFFFFF FFFFFF FFFFFF 0 1 1 1 0 1
5	316	0	FFFFFF FFFFFF BBD6FF FFB7BF FFF68A FFFFFF 736CC5 928FE5 AFACEB 928FE5 323132 FFFFFF FFFFFF FFFFFF 0 1 1 1 0 1
5	317	0	FFFFFF FFFFFF BBD6FF FFB7BF FFF68A FFFFFF 736CC5 928FE5 AFACEB 928FE5 323132 FFFFFF FFFFFF FFFFFF 0 1 1 1 0 1
5	318	0	FFFFFF 000000 BBD6FF FFB7BF FFF68A FFFFFF 004062 005F92 AEB4D1 F1F2F7 804652 000000 000000 FFFFFF 0 1 1 1 0 1
5	319	0	FFFFFF 000000 BBD6FF FFB7BF FFF68A FFFFFF 004062 005F92 AEB4D1 F1F2F7 804652 000000 000000 FFFFFF 0 1 1 1 0 1
5	320	0	FFFFFF 000000 BBD6FF FFB7BF FFF68A FFFFFF 336195 4E8ECE AEB4D1 F1F2F7 336195 000000 000000 FFFFFF 0 1 1 1 0 1
5	321	0	FFFFFF 000000 BBD6FF FFB7BF FFF68A FFFFFF 336195 4E8ECE AEB4D1 F1F2F7 336195 000000 000000 FFFFFF 0 1 1 1 0 1
5	322	0	FFFFFF 000000 B4D1FF FFBEBF FCFF8E FFFFFF C85F3D DD805F BDAA9D DCD2CC 616060 000000 000000 FFFFFF 0 1 1 1 0 1
5	323	0	FFFFFF 000000 B4D1FF FFBEBF FCFF8E FFFFFF C85F3D DD805F BDAA9D DCD2CC 616060 000000 000000 FFFFFF 0 1 1 1 0 1
5	324	0	000000 FFFFFF 0343B0 B40002 795837 FFFFFF BF9A74 D5C4AA E0B195 D38265 494849 FFFFFF FFFFFF 000000 0 1 1 1 0 1
5	325	0	FFFFFF FFFFFF C8DDFF FDCDCD FFF76F FFFFFF 555454 838181 834E98 9B66B0 BB5A71 FFFFFF FFFFFF FFFFFF 0 1 1 1 0 1
5	326	0	FFFFFF FFFFFF C8DDFF FDCDCD FFF76F FFFFFF 555454 838181 834E98 9B66B0 BB5A71 FFFFFF FFFFFF FFFFFF 0 1 1 1 0 1
5	327	0	000000 000000 013C9A B40002 957114 FFFFFF DBBA93 F2E6D8 D5AF82 F2E6D8 C35851 000000 000000 000000 0 1 1 1 0 1
5	328	0	FFFFFF 000000 B4D1FE FFBEBF FEFE73 FFFFFF 4A8856 5BA66A 98BA5A D9EBB5 D0565D 000000 000000 000000 0 1 1 1 0 1
5	329	0	FFFFFF 000000 B4D1FE FFBEBF FEFE73 FFFFFF 4A8856 5BA66A 98BA5A D9EBB5 D0565D 000000 000000 000000 0 1 1 1 0 1
5	330	0	FFFFFF 000000 B4D1FE FFBEBF FEFE73 FFFFFF 4A8856 5BA66A 98BA5A D9EBB5 D0565D 000000 000000 000000 0 1 1 1 0 1
5	331	0	FFFFFF 000000 B4D1FE FFBEBF FEFE73 FFFFFF 437752 589C6C 88C173 C4E0BB 375641 000000 000000 000000 0 1 1 1 0 1
5	332	0	FFFFFF 000000 B4D1FE FFBEBF FEFE73 FFFFFF 437752 589C6C 88C173 C4E0BB 375641 000000 000000 000000 0 1 1 1 0 1
5	333	0	FFFFFF FFFFFF BBFFB3 FFD7A9 FEFE73 FFFFFF 0F7BB2 17A3EB 5FBFF1 17A3EB 637591 FFFFFF FFFFFF 000000 0 1 1 1 0 1
5	334	0	FFFFFF FFFFFF BBFFB3 FFD7A9 FEFE73 FFFFFF 0F7BB2 17A3EB 5FBFF1 17A3EB 637591 FFFFFF FFFFFF 000000 0 1 1 1 0 1
5	335	0	000000 FFFFFF 0343B0 B40002 525EB0 FFFFFF 9CA3D2 E2E4F2 F2989D DF5456 4F4E4F FFFFFF FFFFFF 000000 0 1 1 1 0 1
5	336	0	FFFFFF FFFFFF C8DDFF FDCDCD F9FF6C FFFFFF 6B51AC 8F6EC4 B73243 CD4859 3E4F61 FFFFFF FFFFFF FFFFFF 0 1 1 1 0 1
5	337	0	000000 000000 0343B0 B40002 726137 FFFFFF B7A26C D9C99B B7A26C D9C99B 000000 000000 000000 000000 0 1 1 1 0 1
5	338	0	000000 000000 0343B0 B40002 8E7022 FFFFFF CDA131 F1CB7F CDA131 F1CB7F B5633F 000000 000000 000000 0 1 1 1 0 1
5	339	0	000000 000000 0343B0 B40002 A07424 FFFFFF DCB369 F4D9AC 54AADA 9DCEE9 283C6C 000000 000000 000000 0 1 1 1 0 1
5	340	0	000000 000000 0343B0 B40002 A07424 FFFFFF DCB369 F4D9AC 54AADA 9DCEE9 283C6C 000000 000000 000000 0 1 1 1 0 1
5	341	0	FFFFFF 000000 BED8FF FFC8C9 FFF792 FFFFFF A73D2A D05B47 D1B888 EFE0D2 2866A0 000000 000000 000000 0 1 1 1 0 1
5	342	0	FFFFFF 000000 BED8FF FFC8C9 FFF792 FFFFFF A73D2A D05B47 D1B888 EFE0D2 2866A0 000000 000000 000000 0 1 1 1 0 1
5	343	0	FFFFFF FFFFFF C8DDFF FDCDCD FFF792 FFFFFF 33312F 4B4946 33312F 4B4946 CF5677 FFFFFF FFFFFF FFFFFF 0 1 1 1 0 1
5	344	0	FFFFFF FFFFFF C8DDFF FDCDCD FFF792 FFFFFF 33312F 4B4946 33312F 4B4946 CF5677 FFFFFF FFFFFF FFFFFF 0 1 1 1 0 1
5	345	0	FFFFFF FFFFFF C8DDFF FDCDCD FFF792 FFFFFF 406C42 579259 406C42 579259 BF5774 FFFFFF FFFFFF FFFFFF 0 1 1 1 0 1
5	346	0	FFFFFF FFFFFF C8DDFF FDCDCD FFF792 FFFFFF 406C42 579259 406C42 579259 BF5774 FFFFFF FFFFFF FFFFFF 0 1 1 1 0 1
5	347	0	FFFFFF FFFFFF C8DDFF FDCDCD FFF792 FFFFFF 3F7196 588FB8 4C4C4C 626262 B04948 FFFFFF FFFFFF FFFFFF 0 1 1 1 0 1
5	348	0	FFFFFF FFFFFF C8DDFF FDCDCD FFF792 FFFFFF 3F7196 588FB8 4C4C4C 626262 B04948 FFFFFF FFFFFF FFFFFF 0 1 1 1 0 1
5	349	0	000000 FFFFFF 0343B0 B40002 907527 FFFFFF D6BA69 F0DFBF EE9EB0 E56481 0974B7 FFFFFF FFFFFF 000000 0 1 1 1 0 1
5	350	0	000000 FFFFFF 0343B0 B40002 907527 FFFFFF D6BA69 F0DFBF EE9EB0 E56481 0974B7 FFFFFF FFFFFF 000000 0 1 1 1 0 1
5	351	0	000000 000000 0041A3 B40002 787878 FFFFFF A9ACBB DDDEE4 A9ACBB DDDEE4 7D8298 000000 000000 000000 0 1 1 1 0 1
5	352	0	000000 000000 0343B0 B40002 8A6F26 FFFFFF D5B766 FFE499 82A33C ADD87A C15263 000000 000000 000000 0 1 1 1 0 1
5	353	0	FFFFFF FFFFFF C8DDFF FDCDCD FFED84 FFFFFF 444245 646266 444245 646266 B44766 FFFFFF FFFFFF FFFFFF 0 1 1 1 0 1
5	354	0	FFFFFF FFFFFF C8DDFF FDCDCD FFED84 FFFFFF 444245 646266 444245 646266 B44766 FFFFFF FFFFFF FFFFFF 0 1 1 1 0 1
5	355	0	000000 FFFFFF 003E9F B40002 666666 FFEB76 959595 C7C7C7 999999 7C7C7C 933F54 FFFFFF FFFFFF FFFFFF 0 1 1 1 0 1
5	356	0	000000 FFFFFF 003E9F B40002 666666 FFEB76 959595 C7C7C7 999999 7C7C7C 933F54 FFFFFF FFFFFF FFFFFF 0 1 1 1 0 1
5	357	0	FFFFFF 000000 C8DDFF FDCDCD FFF47D FFFFFF 397751 4C9D6B C4A16A EDDE7E 6D4C3F 000000 000000 FFFFFF 0 1 1 1 0 1
5	358	0	000000 000000 0343B0 B40002 97812E FFFFFF CCB458 F9DC7F 78C3EE CDE8F9 BC5259 000000 000000 000000 0 1 1 1 0 1
5	359	0	000000 000000 0343B0 B40002 2F5DAD FFFFFF A1BAE5 E1E9F7 A1BAE5 E1E9F7 475C7A 000000 000000 000000 0 1 1 1 0 1
5	360	0	FFFFFF FFFFFF BBE0FF FEC3C1 FFE848 FFFFFF 0F77A1 119CD8 0F77A1 119CD8 343532 FFFFFF FFFFFF FFFFFF 0 1 1 1 0 1
5	361	0	000000 000000 0343B0 B40002 2C569F FFFFFF A1BAE5 DDE5F0 A1BAE5 DDE5F0 000000 000000 000000 000000 0 1 1 1 0 1
5	362	0	000000 000000 0343B0 B40002 2C569F FFFFFF A1BAE5 DDE5F0 A1BAE5 DDE5F0 000000 000000 000000 000000 0 1 1 1 0 1
5	363	0	000000 FFFFFF 0343B0 B40002 3078B2 FFFFFF 91BDE1 E6F0F8 55A9DF 268BCC 1B5475 FFFFFF FFFFFF 000000 0 1 1 1 0 1
5	364	0	000000 FFFFFF 0343B0 B40002 3078B2 FFFFFF 91BDE1 E6F0F8 55A9DF 268BCC 1B5475 FFFFFF FFFFFF 000000 0 1 1 1 0 1
5	365	0	000000 FFFFFF 0343B0 B40002 3078B2 FFFFFF 91BDE1 E6F0F8 55A9DF 268BCC 1B5475 FFFFFF FFFFFF 000000 0 1 1 1 0 1
5	366	0	FFFFFF FFFFFF C8DDFF FDCDCD FFE670 FFFFFF A595C8 8B76B7 BFC0D8 9192BC 514680 FFFFFF FFFFFF FFFFFF 0 1 1 1 0 1
5	367	0	FFFFFF FFFFFF CFE2FF FFD3D2 FFFBA9 FFFFFF CD641A E78743 ADD6E7 65B3D3 B06072 FFFFFF FFFFFF FFFFFF 0 1 1 1 0 1
5	368	0	000000 FFFFFF 0343B0 B40002 B65970 FFFFFF CC8A9A F6BCCC 935E96 AE8AC4 BD6584 FFFFFF FFFFFF 000000 0 1 1 1 0 1
5	369	0	FFFFFF FFFFFF C8DDFF FDCDCD FFF781 FFFFFF 816958 A99281 816958 A99281 484342 FFFFFF FFFFFF FFFFFF 0 1 1 1 0 1
5	370	0	FFFFFF FFFFFF C8DDFF FDCDCD FFED7D FFFFFF D8598C F283A8 F1A6C0 F283A8 966178 FFFFFF FFFFFF FFFFFF 0 1 1 1 0 1
5	371	0	FFFFFF FFFFFF C8DDFF FDCDCD FFED7D FFFFFF 1E7EAA 35A7DA 1E7EAA 35A7DA C5465E FFFFFF FFFFFF FFFFFF 0 1 1 1 0 1
5	372	0	FFFFFF FFFFFF C8DDFF FDCDCD FFED7D FFFFFF 1E7EAA 35A7DA 1E7EAA 35A7DA C5465E FFFFFF FFFFFF FFFFFF 0 1 1 1 0 1
5	373	0	FFFFFF FFFFFF C8DDFF FDCDCD FFED7D FFFFFF 1E7EAA 35A7DA 1E7EAA 35A7DA C5465E FFFFFF FFFFFF FFFFFF 0 1 1 1 0 1
5	374	0	FFFFFF FFFFFF C8DDFF FDCDCD FFED7D FFFFFF 3E697F 5792AB 3E697F 5792AB 898986 FFFFFF FFFFFF FFFFFF 0 1 1 1 0 1
5	375	0	FFFFFF FFFFFF C8DDFF FDCDCD FFED7D FFFFFF 3E697F 5792AB 3E697F 5792AB 898986 FFFFFF FFFFFF FFFFFF 0 1 1 1 0 1
5	376	0	FFFFFF FFFFFF C8DDFF FDCDCD FFED7D FFFFFF 3E697F 5792AB 3E697F 5792AB 898986 FFFFFF FFFFFF FFFFFF 0 1 1 1 0 1
5	377	0	000000 000000 0343B0 B40002 7C6959 FFFFFF A89586 DAD2CB A89586 DAD2CB B47559 000000 000000 000000 0 1 1 1 0 1
5	378	0	FFFFFF FFFFFF CFE4FF FECCCC FFEC86 FFFFFF 3B7FBC 5FA7D9 9AC6E5 5FA7D9 3B7FBC FFFFFF FFFFFF FFFFFF 0 1 1 1 0 1
5	379	0	FFFFFF 000000 CFE4FF FECCCC FFEC86 FFFFFF 4F4F4F 707070 899B9B D0D8D8 A04755 000000 000000 FFFFFF 0 1 1 1 0 1
5	380	0	000000 FFFFFF 0343B0 B40002 5458B1 FFFFFF A5A7D6 EEEEFE E4838D D74654 883837 FFFFFF FFFFFF 000000 0 1 1 1 0 1
5	381	0	000000 FFFFFF 0054C1 B40002 5458B1 FFFFFF A5A7D6 EEEEFE 7AACE3 3682D5 254B83 FFFFFF FFFFFF 000000 0 1 1 1 0 1
5	382	0	FFFFFF 000000 BBD6FF FFBBBB FFEB64 FFFFFF 184987 2369C1 909CBD DAE7F0 184987 000000 000000 FFFFFF 0 1 1 1 0 1
5	383	0	FFFFFF FFFFFF C8DDFF FDCDCD FFEB64 FFFFFF 9B1B23 DC3C46 7A4D44 966054 313131 FFFFFF FFFFFF FFFFFF 0 1 1 1 0 1
5	384	0	FFFFFF FFFFFF BBD6FF FFBBBB FFEB64 FFFFFF 17583E 258961 31B882 258961 AC3F5D FFFFFF FFFFFF FFFFFF 0 1 1 1 0 1
5	385	0	000000 000000 0343B0 B40002 967B24 FFFFFF D3B24A FFED96 B7B7B7 FDFDFD 32819D 000000 000000 000000 0 1 1 1 0 1
5	386	0	FFFFFF FFFFFF C8DDFF FDCDCD FFF381 FFFFFF B8632E E77E43 3B7893 4DB1C6 5D4369 FFFFFF FFFFFF FFFFFF 0 1 1 1 0 1
5	387	0	FFFFFF FFFFFF C8DDFF FDCDCD FEE08E FFFFFF 376F4B 499363 866442 A87E53 747472 FFFFFF FFFFFF FFFFFF 0 1 1 1 0 1
5	388	0	FFFFFF FFFFFF C8DDFF FDCDCD FEE08E FFFFFF 376F4B 499363 866442 A87E53 747472 FFFFFF FFFFFF FFFFFF 0 1 1 1 0 1
5	389	0	FFFFFF FFFFFF C8DDFF FDCDCD FEE08E FFFFFF 376F4B 499363 866442 A87E53 747472 FFFFFF FFFFFF FFFFFF 0 1 1 1 0 1
5	390	0	FFFFFF FFFFFF C8DDFF FDCDCD FEE08E FFFFFF B82124 DB4145 BC592A EC743B 2D4A90 FFFFFF FFFFFF FFFFFF 0 1 1 1 0 1
5	391	0	FFFFFF FFFFFF C8DDFF FDCDCD FEE08E FFFFFF B82124 DB4145 BC592A EC743B 2D4A90 FFFFFF FFFFFF FFFFFF 0 1 1 1 0 1
5	392	0	FFFFFF FFFFFF C8DDFF FDCDCD FEE08E FFFFFF B82124 DB4145 BC592A EC743B 2D4A90 FFFFFF FFFFFF FFFFFF 0 1 1 1 0 1
5	393	0	FFFFFF FFFFFF CFE2FF FEC2C1 FBE481 FFFFFF 063170 08459A 5F8CD9 336DCF 031F46 FFFFFF FFFFFF FFFFFF 0 1 1 1 0 1
5	394	0	FFFFFF FFFFFF CFE2FF FEC2C1 FBE481 FFFFFF 063170 08459A 5F8CD9 336DCF 031F46 FFFFFF FFFFFF FFFFFF 0 1 1 1 0 1
5	395	0	FFFFFF FFFFFF CFE2FF FEC2C1 FBE481 FFFFFF 063170 08459A 5F8CD9 336DCF 031F46 FFFFFF FFFFFF FFFFFF 0 1 1 1 0 1
5	396	0	FFFFFF 000000 BBD6FF FFBBBB FFEB64 FFFFFF 785D63 9F848A C6C6C6 FFFFFF 4C4649 000000 000000 FFFFFF 0 1 1 1 0 1
5	397	0	FFFFFF 000000 BBD6FF FFBBBB FFEB64 FFFFFF 785D63 9F848A C6C6C6 FFFFFF 4C4649 000000 000000 FFFFFF 0 1 1 1 0 1
5	398	0	FFFFFF 000000 BBD6FF FFBBBB FFEB64 FFFFFF 785D63 9F848A C6C6C6 FFFFFF 4C4649 000000 000000 FFFFFF 0 1 1 1 0 1
5	399	0	000000 FFFFFF 0343B0 B40002 81662F FFFFFF C7A767 EBDCAE DCB588 CA8B45 4E4239 FFFFFF FFFFFF 000000 0 1 1 1 0 1
5	400	0	000000 FFFFFF 0343B0 B40002 81662F FFFFFF C7A767 EBDCAE DCB588 CA8B45 4E4239 FFFFFF FFFFFF 000000 0 1 1 1 0 1
5	401	0	FFFFFF FFFFFF C8DDFF FDCDCD FCFF76 FFFFFF B23C2D E44B3F 5B5B5B 757575 343434 FFFFFF FFFFFF FFFFFF 0 1 1 1 0 1
5	402	0	FFFFFF FFFFFF C8DDFF FDCDCD FCFF76 FFFFFF B23C2D E44B3F 5B5B5B 757575 343434 FFFFFF FFFFFF FFFFFF 0 1 1 1 0 1
5	403	0	FFFFFF FFFFFF CCE0FE FDCBB9 FCFF76 FFFFFF 323344 45465D A0C5E6 5195D3 323344 FFFFFF FFFFFF FFFFFF 0 1 1 1 0 1
5	404	0	FFFFFF FFFFFF CCE0FE FDCBB9 FCFF76 FFFFFF 323344 45465D A0C5E6 5195D3 323344 FFFFFF FFFFFF FFFFFF 0 1 1 1 0 1
5	405	0	FFFFFF FFFFFF CCE0FE FDCBB9 FCFF76 FFFFFF 323344 45465D A0C5E6 5195D3 323344 FFFFFF FFFFFF FFFFFF 0 1 1 1 0 1
5	406	0	FFFFFF FFFFFF C8DDFF FDCDCD FFF68A FFFFFF BA3649 E15063 6EA9FA 3285F9 488765 FFFFFF FFFFFF FFFFFF 0 1 1 1 0 1
5	407	0	FFFFFF FFFFFF C8DDFF FDCDCD FFF68A FFFFFF BA3649 E15063 6EA9FA 3285F9 488765 FFFFFF FFFFFF FFFFFF 0 1 1 1 0 1
5	408	0	FFFFFF FFFFFF CCE0FE FFB9B7 FCFF76 FFFFFF 1D5B93 2D85D4 A4A4A5 828284 34312E FFFFFF FFFFFF FFFFFF 0 1 1 1 0 1
5	409	0	FFFFFF FFFFFF CCE0FE FFB9B7 FCFF76 FFFFFF 1D5B93 2D85D4 A4A4A5 828284 34312E FFFFFF FFFFFF FFFFFF 0 1 1 1 0 1
5	410	0	FFFFFF 000000 CCE0FE FFB9B7 FCFF76 FFFFFF 515354 7D7F81 DCB744 F9E4A0 393633 000000 000000 FFFFFF 0 1 1 1 0 1
5	411	0	FFFFFF 000000 CCE0FE FFB9B7 FCFF76 FFFFFF 515354 7D7F81 DCB744 F9E4A0 393633 000000 000000 FFFFFF 0 1 1 1 0 1
5	412	0	FFFFFF FFFFFF CCE0FE FFB9B7 FCFF76 FFFFFF 454545 5B5D5D 9BC79A 51945A 454545 FFFFFF FFFFFF FFFFFF 0 1 1 1 0 1
5	413	0	FFFFFF FFFFFF CCE0FE FFB9B7 FCFF76 FFFFFF 296F54 338B69 9BC79A 51945A 454545 FFFFFF FFFFFF FFFFFF 0 1 1 1 0 1
5	414	0	000000 FFFFFF 0343B0 B40002 886828 FFFFFF CEA758 F9D47F F3A478 EF7F42 464546 FFFFFF FFFFFF 000000 0 1 1 1 0 1
5	415	0	FFFFFF 000000 C6DCFD FDB9B9 FEDF73 FFFFFF 2B2B30 42424A CE8D00 FFD864 90491B 000000 000000 FFFFFF 0 1 1 1 0 1
5	416	0	FFFFFF 000000 C6DCFD FDB9B9 FEDF73 FFFFFF 2B2B30 42424A CE8D00 FFD864 90491B 000000 000000 FFFFFF 0 1 1 1 0 1
5	417	0	FFFFFF 000000 BCFFBB FDD4D4 FFED92 FFFFFF 127EAB 2AB0E8 8DC2D6 EEF8FA 127EAB 000000 000000 FFFFFF 0 1 1 1 0 1
5	418	0	FFFFFF 000000 BBDEFF FDD4D4 FFF67D FFFFFF C2601E DF7D3A D4AD1F F6DF53 3175AA 000000 000000 FFFFFF 0 1 1 1 0 1
5	419	0	FFFFFF 000000 BBDEFF FDD4D4 FFF67D FFFFFF C2601E DF7D3A D4AD1F F6DF53 3175AA 000000 000000 FFFFFF 0 1 1 1 0 1
5	420	0	FFFFFF FFFFFF C8DDFF FDCDCD FFF67D FFFFFF 308A49 3FB35F 766086 8F7B9F C26573 FFFFFF FFFFFF FFFFFF 0 1 1 1 0 1
5	421	0	FFFFFF FFFFFF C8DDFF FDCDCD FFF67D FFFFFF 308A49 3FB35F 766086 8F7B9F C26573 FFFFFF FFFFFF FFFFFF 0 1 1 1 0 1
5	422	0	FFFFFF FFFFFF BEDFFF FFC5C5 FFF670 FFFFFF 85542E A66939 F1ADC6 EB83AA 85542E FFFFFF FFFFFF FFFFFF 0 1 1 1 0 1
5	423	0	FFFFFF FFFFFF BEDFFF FFC5C5 FFF670 FFFFFF 85542E A66939 F1ADC6 EB83AA 85542E FFFFFF FFFFFF FFFFFF 0 1 1 1 0 1
5	424	0	FFFFFF 000000 C8DDFF FDCDCD FFF699 FFFFFF 8362A3 9376AF BAA549 EBD89A D1666F 000000 000000 FFFFFF 0 1 1 1 0 1
5	425	0	FFFFFF FFFFFF C8DDFF FDCDCD FFF670 FFFFFF 695876 887497 826F8F AC9CB4 BE4A4F FFFFFF FFFFFF FFFFFF 0 1 1 1 0 1
5	426	0	FFFFFF FFFFFF C8DDFF FDCDCD FFF670 FFFFFF 695876 887497 826F8F AC9CB4 BE4A4F FFFFFF FFFFFF FFFFFF 0 1 1 1 0 1
5	427	0	FFFFFF 000000 BEDFFF FFC5C5 FFF670 FFFFFF 7D4F36 A76A49 DCBA69 FFE7AF 7D4F36 000000 000000 FFFFFF 0 1 1 1 0 1
5	428	0	FFFFFF 000000 BEDFFF FFC5C5 FFF670 FFFFFF 7D4F36 A76A49 DCBA69 FFE7AF 7D4F36 000000 000000 FFFFFF 0 1 1 1 0 1
5	429	0	FFFFFF FFFFFF B4DFFF FFCCB0 FFED57 FFFFFF 675386 8069A2 675386 8069A2 C07EAA FFFFFF FFFFFF FFFFFF 0 1 1 1 0 1
5	430	0	FFFFFF FFFFFF 00BDFF FF8264 FFFF65 FFFFFF 293B50 395270 72716A 4D4C47 862E3A FFFFFF FFFFFF FFFFFF 0 1 1 1 0 1
5	431	0	FFFFFF 000000 BEDFFF FFC5C5 FFF670 FFFFFF 545D5F 7C8789 C6C6C6 F4F4F4 8F689A 000000 000000 FFFFFF 0 1 1 1 0 1
5	432	0	FFFFFF 000000 BEDFFF FFC5C5 FFF670 FFFFFF 545D5F 7C8789 C6C6C6 F4F4F4 8F689A 000000 000000 FFFFFF 0 1 1 1 0 1
5	433	0	000000 000000 0343B0 B40002 97812E FFFFFF CCB458 F9DC7F 78C3EE CDE8F9 BC5259 000000 000000 000000 0 1 1 1 0 1
5	434	0	FFFFFF 000000 BBDCFF FFCFCF FFFE64 FFFFFF 59435F 83648C E1BA80 FEE9C7 59435F 000000 000000 000000 0 1 1 1 0 1
5	435	0	FFFFFF 000000 BBDCFF FFCFCF FFFE64 FFFFFF 59435F 83648C E1BA80 FEE9C7 59435F 000000 000000 000000 0 1 1 1 0 1
5	436	0	FFFFFF FFFFFF BBDCFF FFCFCF FFFE64 FFFFFF 307D77 4AACA3 88B4B7 5B9499 A94A4F FFFFFF FFFFFF FFFFFF 0 1 1 1 0 1
5	437	0	FFFFFF FFFFFF BBDCFF FFCFCF FFFE64 FFFFFF 307D77 4AACA3 88B4B7 5B9499 A94A4F FFFFFF FFFFFF FFFFFF 0 1 1 1 0 1
5	438	0	FFFFFF FFFFFF 9CFF7A FE969D FEED69 FFFFFF 84644A A47C5D BA9C85 A47C5D 4F6047 FFFFFF FFFFFF FFFFFF 0 1 1 1 0 1
5	439	0	FFFFFF FFFFFF 6CCAFF F9BDCE FFF1AD FFFFFF 2567AA 2D7CCA 84B3E4 2D7CCA D85366 FFFFFF FFFFFF FFFFFF 0 1 1 1 0 1
5	440	0	FFFFFF 000000 8EF7FE FFD1A7 FFED7D FFFFFF CB6D96 E48BAD D1D1D1 E8E8E8 A27086 000000 000000 FFFFFF 0 1 1 1 0 1
5	441	0	FFFFFF FFFFFF C8DDFF FDCDCD FFED7D FFFFFF 2D2D2E 484849 6DB694 3A9866 3078B3 FFFFFF FFFFFF FFFFFF 0 1 1 1 0 1
5	442	0	FFFFFF FFFFFF B0DBFF FECFCB FFED7D FFFFFF 994C8C BC6AAC B7A59F 9C827A 427F35 FFFFFF FFFFFF FFFFFF 0 1 1 1 0 1
5	443	0	FFFFFF FFFFFF C8DDFF FDCDCD FFED7D FFFFFF 384374 4C5B9D 384374 4C5B9D A7424A FFFFFF FFFFFF FFFFFF 0 1 1 1 0 1
5	444	0	FFFFFF FFFFFF C8DDFF FDCDCD FFED7D FFFFFF 384374 4C5B9D 384374 4C5B9D A7424A FFFFFF FFFFFF FFFFFF 0 1 1 1 0 1
5	445	0	FFFFFF FFFFFF C8DDFF FDCDCD FFED7D FFFFFF 384374 4C5B9D 384374 4C5B9D A7424A FFFFFF FFFFFF FFFFFF 0 1 1 1 0 1
5	446	0	000000 000000 0343B0 B40002 8A672C FFFFFF DCC092 F3E9D9 DCC092 F3E9D9 085B85 000000 000000 000000 0 1 1 1 0 1
5	447	0	FFFFFF FFFFFF B0DBFF FECFCB FFED7D FFFFFF 05629D 0989D9 939393 6C6C6C 05629D FFFFFF FFFFFF FFFFFF 0 1 1 1 0 1
5	448	0	FFFFFF FFFFFF B0DBFF FECFCB FFED7D FFFFFF 05629D 0989D9 939393 6C6C6C 05629D FFFFFF FFFFFF FFFFFF 0 1 1 1 0 1
5	449	0	FFFFFF FFFFFF B0DBFF FECFCB FFED7D FFFFFF 474747 636364 D3BD62 AC9934 9D5C72 FFFFFF FFFFFF FFFFFF 0 1 1 1 0 1
5	450	0	FFFFFF FFFFFF B0DBFF FECFCB FFED7D FFFFFF 474747 636364 D3BD62 AC9934 9D5C72 FFFFFF FFFFFF FFFFFF 0 1 1 1 0 1
5	451	0	FFFFFF FFFFFF B0DBFF FECFCB FFED7D FFFFFF 6B3E65 8C5284 B89FC1 9E7DAB 0F719A FFFFFF FFFFFF FFFFFF 0 1 1 1 0 1
5	452	0	FFFFFF FFFFFF B0DBFF FECFCB FFED7D FFFFFF 6B3E65 8C5284 B89FC1 9E7DAB 0F719A FFFFFF FFFFFF FFFFFF 0 1 1 1 0 1
5	453	0	FFFFFF FFFFFF C8DDFF FDCDCD FFED7D FFFFFF 2A5383 3D78BD E88384 E05456 3B3935 FFFFFF FFFFFF FFFFFF 0 1 1 1 0 1
5	454	0	FFFFFF FFFFFF C8DDFF FDCDCD FFED7D FFFFFF 2A5383 3D78BD E88384 E05456 3B3935 FFFFFF FFFFFF FFFFFF 0 1 1 1 0 1
5	455	0	FFFFFF FFFFFF BEE1FF FEC6C7 FBFF8B FFFFFF 688245 83A859 9FC697 64A058 B7463F FFFFFF FFFFFF FFFFFF 0 1 1 1 0 1
5	456	0	FFFFFF FFFFFF BEE1FF FEC6C7 FBFF8B FFFFFF 263649 3A526F 7FCFE9 23A9D4 CB4E87 FFFFFF FFFFFF FFFFFF 0 1 1 1 0 1
5	457	0	FFFFFF FFFFFF BEE1FF FEC6C7 FBFF8B FFFFFF 263649 3A526F 7FCFE9 23A9D4 CB4E87 FFFFFF FFFFFF FFFFFF 0 1 1 1 0 1
5	458	0	FFFFFF 000000 BCD4FD FDAEAE FEF588 FFFFFF 25508E 3470C7 CCB0D6 E5D6EA 25508E 000000 000000 000000 0 1 1 1 0 1
5	459	0	000000 FFFFFF 004C8E B40002 646464 FFFFFF C5C5C5 FFFFFF 72C3B6 45A293 326351 FFFFFF FFFFFF 000000 0 1 1 1 0 1
5	460	0	000000 FFFFFF 004C8E B40002 646464 FFFFFF C5C5C5 FFFFFF 72C3B6 45A293 326351 FFFFFF FFFFFF 000000 0 1 1 1 0 1
5	461	0	FFFFFF FFFFFF C8DDFF FDCDCD FEF94E FFFFFF 4F5A75 707D9E 4F5A75 707D9E A73742 FFFFFF FFFFFF FFFFFF 0 1 1 1 0 1
5	462	0	000000 000000 0343B0 B40002 3C61B1 FFFFFF 8AA8E5 B8D4F7 8AA8E5 B8D4F7 586170 000000 000000 000000 0 1 1 1 0 1
5	463	0	FFFFFF FFFFFF B8DBFE FEDBBB FFED7D FFFFFF B65677 D36585 B65677 D36585 D59087 FFFFFF FFFFFF FFFFFF 0 1 1 1 0 1
5	464	0	FFFFFF FFFFFF 8EC7FE FEADB3 FFED7D F8937A A89699 917A7E A89699 917A7E 525059 FFFFFF FFFFFF FFFFFF 0 1 1 1 0 1
5	465	0	FFFFFF FFFFFF 8EF7FE FE9C9F FFED7D FFFFFF 4772B1 5D85BE A2B9DA 5D85BE C65776 FFFFFF FFFFFF FFFFFF 0 1 1 1 0 1
5	466	0	000000 000000 0343B0 B40002 79680A FFFFFF C7AB12 EDD138 C7AB12 EDD138 3E3E3E 000000 000000 000000 0 1 1 1 0 1
5	467	0	FFFFFF FFFFFF 8AC9FF FFCFD0 FBDE77 FFFFFF BC4619 E3602E E8A5AB EC7E86 AB312D FFFFFF FFFFFF FFFFFF 0 1 1 1 0 1
5	468	0	000000 000000 0030CC C50031 5F5F5F FFFFFF B9B9B9 F8F8F8 B9B9B9 F8F8F8 4583C7 000000 000000 FFFFFF 0 1 1 1 0 1
5	469	0	FFFFFF FFFFFF 92CEFF FEA28E FFEA61 FFFFFF 4D5C3F 5F7847 E8908D DD5955 3D3B3B FFFFFF FFFFFF FFFFFF 0 1 1 1 0 1
5	470	0	000000 FFFFFF 0343B0 B40002 947329 FFFFFF D3B064 F2DCAF CF9A7D B76C43 207B5D FFFFFF FFFFFF 000000 0 1 1 1 0 1
5	471	0	FFFFFF 000000 BFE1FE FECCCC FFFD8B FFFFFF 297591 3AA2C7 96C1E2 CBEEFF 17476B 000000 000000 FFFFFF 0 1 1 1 0 1
5	472	0	FFFFFF FFFFFF C1E4FF FEB4A3 FFE883 FFFFFF 6871A0 848BB2 B3B8CF 848BB2 B94759 FFFFFF FFFFFF FFFFFF 0 1 1 1 0 1
5	473	0	FFFFFF 000000 A2D8FF FFA9A5 FEFF95 FFFFFF 805C4B A47966 E3C6A5 FDF3EC 345D8C 000000 000000 FFFFFF 0 1 1 1 0 1
5	474	0	FFFFFF FFFFFF C8DDFF FDCDCD FFF07A D8E1F6 C72D63 E14A70 94C0E5 5DA1D8 2B4872 FFFFFF FFFFFF FFFFFF 0 1 1 1 0 1
5	475	0	FFFFFF 000000 BBD9FF FFBEBF F8FF5B FFFFFF 346F49 469663 D7BDBD FCFAFA C25B5D 000000 000000 000000 0 1 1 1 0 1
5	476	0	FFFFFF FFFFFF C8DDFF FDCDCD FFFB9F FFFFFF 993A35 C45E58 496F8C 5F8AAB 2D2C2C FFFFFF FFFFFF FFFFFF 0 1 1 1 0 1
5	477	0	000000 FFFFFF 003E9F B40002 666666 FFEB76 959595 C7C7C7 999999 7C7C7C 933F54 FFFFFF FFFFFF FFFFFF 0 1 1 1 0 1
5	478	0	FFFFFF 000000 C8DDFF FDCDCD FFF59F FFFFFF 2984B3 50A9D7 DCC8B4 F8F4F0 734B89 000000 000000 FFFFFF 0 1 1 1 0 1
5	479	0	FFFFFF FFFFFF C8DDFF FDCDCD FFF181 FFFFFF C14F21 EA6A3C C14F21 EA6A3C 734B89 FFFFFF FFFFFF FFFFFF 0 1 1 1 0 1
5	480	0	000000 FFFFFF 0343B0 B40002 926D21 FFFFFF D4A545 F3D667 587995 87A1B8 42577D FFFFFF FFFFFF 000000 0 1 1 1 0 1
5	481	0	FFFFFF FFFFFF CCDDFE FED6D6 FEF9A3 FFFFFF C8467A E86AA0 587995 87A1B8 42577D FFFFFF FFFFFF FFFFFF 0 1 1 1 0 1
5	482	0	FFFFFF FFFFFF CCDDFE FED6D6 FEF9A3 FFFFFF 34709A 5395C4 587995 87A1B8 42577D FFFFFF FFFFFF FFFFFF 0 1 1 1 0 1
5	483	0	FFFFFF FFFFFF CCDDFE FDB4B2 FEF9A3 FFFFFF 0E456E 145D95 AABED5 7092BA 0E456E FFFFFF FFFFFF FFFFFF 0 1 1 1 0 1
5	484	0	000000 000000 0343B0 B40002 6435A7 FFFFFF C0B0E3 EDE2FE C0B0E3 EDE2FE 8D5A89 000000 000000 000000 0 1 1 1 0 1
5	485	0	FFFFFF FFFFFF D0DFFE FFC8C9 FDFF8E FFFFFF 676764 8B8B87 6E7272 494C4C 773D2B FFFFFF FFFFFF FFFFFF 0 1 1 1 0 1
5	486	0	000000 000000 0343B0 B40002 977312 FFFFFF CA9918 FFCC3E C2D2DB E4FFFF 296B3A 000000 000000 000000 0 1 1 1 0 1
5	487	0	FFFFFF FFFFFF C8DDFF FDCDCD FEF988 FFFFFF 2E3133 424649 5F7484 879AAA BD3D3F FFFFFF FFFFFF FFFFFF 0 1 1 1 0 1
5	488	0	000000 FFFFFF 0343B0 B40002 9A7026 FFFFFF CB9433 FFD477 96A7F4 7089F0 B54C85 FFFFFF FFFFFF 000000 0 1 1 1 0 1
5	489	0	FFFFFF FFFFFF BBE0FF FEC3C1 FFE848 FFFFFF 0F77A1 119CD8 0F77A1 119CD8 0B5776 FFFFFF FFFFFF FFFFFF 0 1 1 1 0 1
5	490	0	FFFFFF FFFFFF BBE0FF FEC3C1 FFE848 FFFFFF 0F77A1 119CD8 0F77A1 119CD8 0B5776 FFFFFF FFFFFF FFFFFF 0 1 1 1 0 1
5	491	0	000000 FFFFFF 004B8B B40002 606060 FFFFFF B4C8D5 DDE6EC E98482 DE433F 2F2F2F FFFFFF FFFFFF FFFFFF 0 1 1 1 0 1
5	492	0	000000 000000 004B8B B40002 55702F FFFFFF 6B9B33 9BCB63 B4C8D5 DDE6EC B4536F 000000 000000 FFFFFF 0 1 1 1 0 1
5	493	0	FFFFFF 000000 C8E5FF FFD9DA F8FE69 FFFFFF 3A3D3F 565B5E B4C8D5 DDE6EC 255132 000000 000000 FFFFFF 0 1 1 1 0 1
5	494	0	FFFFFF 000000 ADD8FE FCC4C5 F8FE69 FFFFFF BB4E1B E16930 D3B462 FFE5AE 355493 000000 000000 FFFFFF 0 1 1 1 0 1
5	495	0	FFFFFF 000000 C8DDFF FDCDCD FFEE9F FFFFFF 007348 119A6E 73B495 A3D9BB 007348 000000 000000 FFFFFF 0 1 1 1 0 1
5	496	0	FFFFFF 000000 C8DDFF FDCDCD FFEE9F FFFFFF 007348 119A6E 73B495 A3D9BB 007348 000000 000000 FFFFFF 0 1 1 1 0 1
5	497	0	FFFFFF 000000 C8DDFF FDCDCD FFEE9F FFFFFF 007348 119A6E 73B495 A3D9BB 007348 000000 000000 FFFFFF 0 1 1 1 0 1
5	498	0	FFFFFF FFFFFF C8DDFF FDCDCD FEE677 FFFFFF CC4B09 F56921 E66659 E13F2E 3B3B3B FFFFFF FFFFFF FFFFFF 0 1 1 1 0 1
5	499	0	FFFFFF FFFFFF C8DDFF FDCDCD FEE677 FFFFFF CC4B09 F56921 E66659 E13F2E 3B3B3B FFFFFF FFFFFF FFFFFF 0 1 1 1 0 1
5	500	0	FFFFFF FFFFFF C8DDFF FDCDCD FEE677 FFFFFF CC4B09 F56921 E66659 E13F2E 3B3B3B FFFFFF FFFFFF FFFFFF 0 1 1 1 0 1
5	501	0	000000 FFFFFF 0343B0 B40002 86732A FFFFFF AF9637 D6C47E 3A97E6 1873C1 123E7F FFFFFF FFFFFF 000000 0 1 1 1 0 1
5	502	0	000000 FFFFFF 0343B0 B40002 86732A FFFFFF AF9637 D6C47E 3A97E6 1873C1 123E7F FFFFFF FFFFFF 000000 0 1 1 1 0 1
5	503	0	000000 FFFFFF 0343B0 B40002 86732A FFFFFF AF9637 D6C47E 3A97E6 1873C1 123E7F FFFFFF FFFFFF 000000 0 1 1 1 0 1
5	504	0	FFFFFF 000000 97CCFC FEADAD FFF670 FFFFFF 773A33 A85248 D49548 FECB60 773A33 000000 000000 FFFFFF 0 1 1 1 0 1
5	505	0	FFFFFF 000000 97CCFC FEADAD FFF670 FFFFFF 773A33 A85248 D49548 FECB60 773A33 000000 000000 FFFFFF 0 1 1 1 0 1
5	506	0	FFFFFF 000000 BCDEFD FECCCC FFF78E FFFFFF 8A512C BE703D D3AA57 FFE5AE 3A455A 000000 000000 FFFFFF 0 1 1 1 0 1
5	507	0	FFFFFF 000000 BCDEFD FECCCC FFF78E FFFFFF 8A512C BE703D D3AA57 FFE5AE 3A455A 000000 000000 FFFFFF 0 1 1 1 0 1
5	508	0	FFFFFF 000000 BCDEFD FECCCC FFF78E FFFFFF 8A512C BE703D D3AA57 FFE5AE 3A455A 000000 000000 FFFFFF 0 1 1 1 0 1
5	509	0	FFFFFF 000000 BCDEFD FECCCC FFF78E FFFFFF 6B5074 906F9C D3AA57 F9DB72 A84F5B 000000 000000 FFFFFF 0 1 1 1 0 1
5	510	0	FFFFFF 000000 BCDEFD FECCCC FFF78E FFFFFF 6B5074 906F9C D3AA57 F9DB72 A84F5B 000000 000000 FFFFFF 0 1 1 1 0 1
5	511	0	FFFFFF 000000 BCDEFD FECCCC FFF78E FFFFFF 236047 348D68 D29B62 F5D695 236047 000000 000000 FFFFFF 0 1 1 1 0 1
5	512	0	FFFFFF 000000 BCDEFD FECCCC FFF78E FFFFFF 236047 348D68 D29B62 F5D695 236047 000000 000000 FFFFFF 0 1 1 1 0 1
5	513	0	FFFFFF 000000 BCDEFD FED9C1 FFF78E FFFFFF D1352D EF5945 D29B62 F5D695 7D2B2C 000000 000000 FFFFFF 0 1 1 1 0 1
5	514	0	FFFFFF 000000 BCDEFD FED9C1 FFF78E FFFFFF D1352D EF5945 D29B62 F5D695 7D2B2C 000000 000000 FFFFFF 0 1 1 1 0 1
5	515	0	FFFFFF 000000 B6D2FF FFBFBE FFF78E FFFFFF 00819F 00AED6 D29B62 F5D695 00819F 000000 000000 FFFFFF 0 1 1 1 0 1
5	516	0	FFFFFF 000000 B6D2FF FFBFBE FFF78E FFFFFF 00819F 00AED6 D29B62 F5D695 00819F 000000 000000 FFFFFF 0 1 1 1 0 1
5	517	0	000000 FFFFFF 003B9C B40002 804860 FFFFFF E98F9D FFC6CC AE9CE3 967FDB B5638B FFFFFF FFFFFF 000000 0 1 1 1 0 1
5	518	0	000000 FFFFFF 003B9C B40002 804860 FFFFFF E98F9D FFC6CC AE9CE3 967FDB B5638B FFFFFF FFFFFF 000000 0 1 1 1 0 1
5	519	0	FFFFFF FFFFFF B6D5FF EFD0D8 FFFC81 FFFFFF 2D2F3E 4D4F69 A39EB2 8A839D 2D2F3E FFFFFF FFFFFF FFFFFF 0 1 1 1 0 1
5	520	0	FFFFFF FFFFFF B6D5FF EFD0D8 FFFC81 FFFFFF 2D2F3E 4D4F69 A39EB2 8A839D 2D2F3E FFFFFF FFFFFF FFFFFF 0 1 1 1 0 1
5	521	0	FFFFFF FFFFFF B6D5FF EFD0D8 FFFC81 FFFFFF AD2C2D EA4655 A39EB2 8A839D 2D2F3E FFFFFF FFFFFF FFFFFF 0 1 1 1 0 1
5	522	0	FFFFFF 000000 B6D5FF EFD0D8 FFFC81 FFFFFF 373536 514E4F B8BEC7 EDEFF1 005D87 000000 000000 FFFFFF 0 1 1 1 0 1
5	523	0	FFFFFF 000000 B6D5FF EFD0D8 FFFC81 FFFFFF 373536 514E4F B8BEC7 EDEFF1 005D87 000000 000000 FFFFFF 0 1 1 1 0 1
5	524	0	FFFFFF FFFFFF B6D5FF EFD0D8 FFFC81 FFFFFF 9D2D27 DF4442 808AAE 515FA0 3D4661 FFFFFF FFFFFF FFFFFF 0 1 1 1 0 1
5	525	0	FFFFFF FFFFFF B6D5FF EFD0D8 FFFC81 FFFFFF 9D2D27 DF4442 808AAE 515FA0 3D4661 FFFFFF FFFFFF FFFFFF 0 1 1 1 0 1
5	526	0	FFFFFF FFFFFF B6D5FF EFD0D8 FFFC81 FFFFFF 9D2D27 DF4442 808AAE 515FA0 3D4661 FFFFFF FFFFFF FFFFFF 0 1 1 1 0 1
5	527	0	FFFFFF 000000 B6D5FF EFD0D8 FFFC81 FFFFFF 305E87 4482BA 7AA5D3 B6DCF2 A24660 000000 000000 FFFFFF 0 1 1 1 0 1
5	528	0	FFFFFF 000000 B6D5FF EFD0D8 FFFC81 FFFFFF 305E87 4482BA 7AA5D3 B6DCF2 A24660 000000 000000 FFFFFF 0 1 1 1 0 1
5	529	0	FFFFFF FFFFFF B6D5FF EFD0D8 FFFC81 FFFFFF 646578 88899B AE978E 866C60 934C49 FFFFFF FFFFFF FFFFFF 0 1 1 1 0 1
5	530	0	FFFFFF FFFFFF B6D5FF EFD0D8 FFFC81 FFFFFF 646578 88899B AE978E 866C60 934C49 FFFFFF FFFFFF FFFFFF 0 1 1 1 0 1
5	531	0	FFFFFF 000000 CFE3FF FECCCC FFF07A FFFFFF C14770 DA6886 AE978E F5DC96 0772AF 000000 000000 FFFFFF 0 1 1 1 0 1
5	532	0	FFFFFF FFFFFF CFE3FF FECFD7 FDF296 FFFFFF 895F42 B18261 AFAEA8 8C8B83 AD5483 FFFFFF FFFFFF FFFFFF 0 1 1 1 0 1
5	533	0	FFFFFF FFFFFF CFE3FF FECFD7 FDF296 FFFFFF 895F42 B18261 AFAEA8 8C8B83 AD5483 FFFFFF FFFFFF FFFFFF 0 1 1 1 0 1
5	534	0	FFFFFF FFFFFF CFE3FF FECFD7 FDF296 FFFFFF 895F42 B18261 AFAEA8 8C8B83 AD5483 FFFFFF FFFFFF FFFFFF 0 1 1 1 0 1
5	535	0	FFFFFF FFFFFF CFE3FF FECFD7 FDF296 FFFFFF 216BA3 2B8AD3 A6CEDC 5AA4BF 393939 FFFFFF FFFFFF FFFFFF 0 1 1 1 0 1
5	536	0	FFFFFF FFFFFF CFE3FF FECFD7 FDF296 FFFFFF 216BA3 2B8AD3 A6CEDC 5AA4BF 393939 FFFFFF FFFFFF FFFFFF 0 1 1 1 0 1
5	537	0	FFFFFF FFFFFF CFE3FF FECFD7 FDF296 FFFFFF 216BA3 2B8AD3 A6CEDC 5AA4BF 393939 FFFFFF FFFFFF FFFFFF 0 1 1 1 0 1
5	538	0	FFFFFF 000000 CFE3FF FECFD7 FDF296 FFFFFF A83723 DD504E CFB484 EFE6D6 282828 000000 000000 FFFFFF 0 1 1 1 0 1
5	539	0	FFFFFF 000000 98CCFF FECFD7 FDF296 FFFFFF 234D8A 326DC3 CFB484 EFE6D6 282828 000000 000000 FFFFFF 0 1 1 1 0 1
5	540	0	000000 FFFFFF 0343B0 B40002 8B7B14 FFFFFF C3AD1C F1E062 9DC771 77AA40 3C7444 FFFFFF FFFFFF 000000 0 1 1 1 0 1
5	541	0	000000 FFFFFF 0343B0 B40002 8B7B14 FFFFFF C3AD1C F1E062 9DC771 77AA40 3C7444 FFFFFF FFFFFF 000000 0 1 1 1 0 1
5	542	0	000000 FFFFFF 0343B0 B40002 8B7B14 FFFFFF C3AD1C F1E062 9DC771 77AA40 3C7444 FFFFFF FFFFFF 000000 0 1 1 1 0 1
5	543	0	FFFFFF FFFFFF CFE7FF FEC9CA FFF076 FFFFFF B03641 D7495A 7F8EAB 5A6A89 82398B FFFFFF FFFFFF FFFFFF 0 1 1 1 0 1
5	544	0	FFFFFF FFFFFF CFE7FF FEC9CA FFF076 FFFFFF B03641 D7495A 7F8EAB 5A6A89 82398B FFFFFF FFFFFF FFFFFF 0 1 1 1 0 1
5	545	0	FFFFFF FFFFFF CFE7FF FEC9CA FFF076 FFFFFF B03641 D7495A 7F8EAB 5A6A89 82398B FFFFFF FFFFFF FFFFFF 0 1 1 1 0 1
5	546	0	000000 FFFFFF 004A95 B40002 8B7144 FFFFFF BDA478 E7DECE BB9E80 A67F58 2C6F46 FFFFFF FFFFFF FFFFFF 0 1 1 1 0 1
5	547	0	000000 FFFFFF 004A95 B40002 8B7144 FFFFFF BDA478 E7DECE BB9E80 A67F58 2C6F46 FFFFFF FFFFFF FFFFFF 0 1 1 1 0 1
5	548	0	FFFFFF FFFFFF CFE6FF FFCFD1 FFF792 FFFFFF BE4725 D9603E 268A4D 30AC60 6C8561 FFFFFF FFFFFF FFFFFF 0 1 1 1 0 1
5	549	0	FFFFFF FFFFFF CFE6FF FFCFD1 FFF792 FFFFFF BE4725 D9603E 268A4D 30AC60 6C8561 FFFFFF FFFFFF FFFFFF 0 1 1 1 0 1
5	550	0	FFFFFF FFFFFF C8DDFF FDCDCD FFE670 FFFFFF 323431 50544F EF938D EA635B 297A4E FFFFFF FFFFFF FFFFFF 0 1 1 1 0 1
5	551	0	FFFFFF 000000 A5D4FF FFBECF FFE670 FFFFFF AA3732 CB544F 8E9DAA CAD1D7 444444 000000 000000 FFFFFF 0 1 1 1 0 1
5	552	0	FFFFFF 000000 A5D4FF FFBECF FFE670 FFFFFF AA3732 CB544F 8E9DAA CAD1D7 444444 000000 000000 FFFFFF 0 1 1 1 0 1
5	553	0	FFFFFF 000000 A5D4FF FFBECF FFE670 FFFFFF AA3732 CB544F 8E9DAA CAD1D7 444444 000000 000000 FFFFFF 0 1 1 1 0 1
5	554	0	FFFFFF FFFFFF A5D4FF FFBECF FFE670 FFFFFF 942E1F D2432E CA9C78 B87B4B 732318 FFFFFF FFFFFF FFFFFF 0 1 1 1 0 1
5	555	0	FFFFFF FFFFFF A5D4FF FFBECF FFE670 FFFFFF 942E1F D2432E CA9C78 B87B4B 732318 FFFFFF FFFFFF FFFFFF 0 1 1 1 0 1
5	556	0	FFFFFF FFFFFF B0D9FF FFCFDB FFE670 FFFFFF 3B893D 54B457 346461 3F7874 AC6597 FFFFFF FFFFFF FFFFFF 0 1 1 1 0 1
5	557	0	FFFFFF FFFFFF B0D9FF FFCFDB FFE670 FFFFFF 634A35 856446 E49F80 D87244 634A35 FFFFFF FFFFFF FFFFFF 0 1 1 1 0 1
5	558	0	FFFFFF FFFFFF B0D9FF FFCFDB FFE670 FFFFFF 634A35 856446 E49F80 D87244 634A35 FFFFFF FFFFFF FFFFFF 0 1 1 1 0 1
5	559	0	FFFFFF FFFFFF C8DDFF FDCDCD FFE670 FFFFFF 9D2E27 D63D38 C25C1A E87823 313131 FFFFFF FFFFFF FFFFFF 0 1 1 1 0 1
5	560	0	FFFFFFF FFFFFF C8DDFF FDCDCD FFE670 FFFFFF 9D2E27 D63D38 C25C1A E87823 313131 FFFFFF FFFFFF FFFFFF 0 1 1 1 0 1
5	561	0	000000 FFFFFF 0343B0 B40002 825E0F FFFFFF C59814 ECC245 48A263 2D8748 1D6FB3 FFFFFF FFFFFF 000000 0 1 1 1 0 1
5	562	0	FFFFFF 000000 BBDDFF FFC8C9 FFF670 FF6567 187387 2196AF C89C14 ECC64F 212121 000000 000000 FFFFFF 0 1 1 1 0 1
5	563	0	FFFFFF 000000 BBDDFF FFC8C9 FFF670 FF6567 187387 2196AF C89C14 ECC64F 212121 000000 000000 FFFFFF 0 1 1 1 0 1
5	564	0	FFFFFF 000000 BBDDFF FFC8C9 FFF670 FFFFFF 216392 2F8CCF 72A3B4 C3DFE5 495764 000000 000000 FFFFFF 0 1 1 1 0 1
5	565	0	FFFFFF 000000 BBDDFF FFC8C9 FFF670 FFFFFF 216392 2F8CCF 72A3B4 C3DFE5 495764 000000 000000 FFFFFF 0 1 1 1 0 1
5	566	0	FFFFFF FFFFFF C8DDFF FDCDCD FFF670 FFFFFF 1C7260 269780 AF3B34 E55749 0860BF FFFFFF FFFFFF FFFFFF 0 1 1 1 0 1
5	567	0	FFFFFF FFFFFF C8DDFF FDCDCD FFF670 FFFFFF 1C7260 269780 AF3B34 E55749 0860BF FFFFFF FFFFFF FFFFFF 0 1 1 1 0 1
5	568	0	FFFFFF FFFFFF BBDDFF FFC8C9 FFF670 FFFFFF 1B6549 268A64 C5B4A5 A3876F 008AAA FFFFFF FFFFFF FFFFFF 0 1 1 1 0 1
5	569	0	FFFFFF FFFFFF BBDDFF FFC8C9 FFF670 FFFFFF 1B6549 268A64 C5B4A5 A3876F 008AAA FFFFFF FFFFFF FFFFFF 0 1 1 1 0 1
5	570	0	FFFFFF FFFFFF BBDDFF FFC8C9 FFF670 FFFFFF 811A2D BE2743 53545A 686A71 2F3B4D FFFFFF FFFFFF FFFFFF 0 1 1 1 0 1
5	571	0	FFFFFF FFFFFF BBDDFF FFC8C9 FFF670 FFFFFF 811A2D BE2743 53545A 686A71 2F3B4D FFFFFF FFFFFF FFFFFF 0 1 1 1 0 1
5	572	0	000000 000000 0343B0 B40002 45599D FFFFFF A7B2D8 E6E9F4 95949D BCBBC1 9C496A 000000 000000 000000 0 1 1 1 0 1
5	573	0	000000 000000 0343B0 B40002 45599D FFFFFF A7B2D8 E6E9F4 95949D BCBBC1 9C496A 000000 000000 000000 0 1 1 1 0 1
5	574	0	FFFFFF FFFFFF C8DDFF FDCDCD FFF781 FFFFFF 383738 525152 383738 525152 A34D82 FFFFFF FFFFFF FFFFFF 0 1 1 1 0 1
5	575	0	FFFFFF FFFFFF C8DDFF FDCDCD FFF781 FFFFFF 383738 525152 383738 525152 A34D82 FFFFFF FFFFFF FFFFFF 0 1 1 1 0 1
5	576	0	FFFFFF FFFFFF C8DDFF FDCDCD FFF781 FFFFFF 383738 525152 383738 525152 A34D82 FFFFFF FFFFFF FFFFFF 0 1 1 1 0 1
5	577	0	FFFFFF 000000 C8DDFF FDCDCD FFF781 FFFFFF 285F43 3C8C63 80B267 C4E7B4 285F43 000000 000000 FFFFFF 0 1 1 1 0 1
5	578	0	FFFFFF 000000 C8DDFF FDCDCD FFF781 FFFFFF 285F43 3C8C63 80B267 C4E7B4 285F43 000000 000000 FFFFFF 0 1 1 1 0 1
5	579	0	FFFFFF 000000 C8DDFF FDCDCD FFF781 FFFFFF 285F43 3C8C63 80B267 C4E7B4 285F43 000000 000000 FFFFFF 0 1 1 1 0 1
5	580	0	000000 000000 024992 B40002 626262 FFFFFF 9E9E9E EAEFE5 4FA8DB 87C4E9 505F75 000000 000000 FFFFFF 0 1 1 1 0 1
5	581	0	000000 000000 024992 B40002 626262 FFFFFF 9E9E9E EAEFE5 4FA8DB 87C4E9 505F75 000000 000000 FFFFFF 0 1 1 1 0 1
5	582	0	000000 FFFFFF 0343B0 B40002 5E5EAA FFFFFF A7A7D1 E4E4F1 467CB2 63A6EC 79519C FFFFFF FFFFFF 000000 0 1 1 1 0 1
5	583	0	000000 FFFFFF 0343B0 B40002 5E5EAA FFFFFF A7A7D1 E4E4F1 467CB2 63A6EC 79519C FFFFFF FFFFFF 000000 0 1 1 1 0 1
5	584	0	000000 FFFFFF 0343B0 B40002 5E5EAA FFFFFF A7A7D1 E4E4F1 467CB2 63A6EC 79519C FFFFFF FFFFFF 000000 0 1 1 1 0 1
5	585	0	FFFFFF 000000 C9E3FE FEC9CA FFF184 FFFFFF 593E2E 714F3C CDAD56 F0D7A4 BD5563 000000 000000 FFFFFF 0 1 1 1 0 1
5	586	0	FFFFFF 000000 C9E3FE FEC9CA FFF184 FFFFFF 593E2E 714F3C CDAD56 F0D7A4 BD5563 000000 000000 FFFFFF 0 1 1 1 0 1
5	587	0	000000 000000 024C99 B40002 767676 FFFFFF B9B9B9 F1F1F1 D3B03B F2D65D 414141 000000 000000 FFFFFF 0 1 1 1 0 1
5	588	0	FFFFFF FFFFFF C8DDFF FDCDCD FEF073 FFFFFF AC2930 D2444B 70707A 94949C 0152A4 FFFFFF FFFFFF FFFFFF 0 1 1 1 0 1
5	589	0	FFFFFF FFFFFF C8DDFF FDCDCD FEF073 FFFFFF AC2930 D2444B 70707A 94949C 0152A4 FFFFFF FFFFFF FFFFFF 0 1 1 1 0 1
5	590	0	FFFFFF FFFFFF BBDCFE FEC6C7 FEF073 FFFFFF B92D59 D34A75 BCB9B2 9D988D 594239 FFFFFF FFFFFF FFFFFF 0 1 1 1 0 1
5	591	0	FFFFFF FFFFFF BBDCFE FEC6C7 FEF073 FFFFFF B92D59 D34A75 BCB9B2 9D988D 594239 FFFFFF FFFFFF FFFFFF 0 1 1 1 0 1
5	592	0	FFFFFF FFFFFF BBDCFE FEC6C7 FEF073 FFFFFF 02709D 039BD9 B7C4E0 8A9FCC 02709D FFFFFF FFFFFF FFFFFF 0 1 1 1 0 1
5	593	0	FFFFFF FFFFFF BBDCFE FEC6C7 FEF073 FFFFFF 02709D 039BD9 B7C4E0 8A9FCC 02709D FFFFFF FFFFFF FFFFFF 0 1 1 1 0 1
5	594	0	FFFFFF 000000 C6E1FD FEE3CB FEE68E FFFFFF CC3F51 EA6274 E78084 FEBAB7 B3485E 000000 000000 FFFFFF 0 1 1 1 0 1
5	595	0	000000 000000 0343B0 B40002 917011 FFFFFF CA9C19 FEDD62 CA9C19 FEDD62 4053AA 000000 000000 000000 0 1 1 1 0 1
5	596	0	000000 000000 0343B0 B40002 917011 FFFFFF CA9C19 FEDD62 CA9C19 FEDD62 4053AA 000000 000000 000000 0 1 1 1 0 1
5	597	0	FFFFFF 000000 C0DDFC FEBBBC FDFA9A FFFFFF 2D7C56 399D6D 9AA19B CCCFCC 35383A 000000 000000 FFFFFF 0 1 1 1 0 1
5	598	0	FFFFFF 000000 C0DDFC FEBBBC FDFA9A FFFFFF 2D7C56 399D6D 9AA19B CCCFCC 35383A 000000 000000 FFFFFF 0 1 1 1 0 1
5	599	0	FFFFFF FFFFFF C0DDFC FEBBBC FDFA9A FFFFFF 006D7D 0097AD B63929 E3584E 747680 FFFFFF FFFFFF FFFFFF 0 1 1 1 0 1
5	600	0	FFFFFF FFFFFF C0DDFC FEBBBC FDFA9A FFFFFF 006D7D 0097AD B63929 E3584E 747680 FFFFFF FFFFFF FFFFFF 0 1 1 1 0 1
5	601	0	FFFFFF FFFFFF C0DDFC FEBBBC FDFA9A FFFFFF 006D7D 0097AD B63929 E3584E 747680 FFFFFF FFFFFF FFFFFF 0 1 1 1 0 1
5	602	0	FFFFFF 000000 C8DEFF FECCCC FEFE88 FFFFFF 0B414D 116273 C2A353 EFDDA6 B14352 000000 000000 FFFFFF 0 1 1 1 0 1
5	603	0	FFFFFF 000000 C8DEFF FECCCC FEFE88 FFFFFF 0B414D 116273 C2A353 EFDDA6 B14352 000000 000000 FFFFFF 0 1 1 1 0 1
5	604	0	FFFFFF 000000 C8DEFF FECCCC FEFE88 FFFFFF 0B414D 116273 C2A353 EFDDA6 B14352 000000 000000 FFFFFF 0 1 1 1 0 1
5	605	0	FFFFFF FFFFFF C8DDFF FDCDCD FEF89D FFFFFF 775750 A07A72 414041 5A595A 237C61 FFFFFF FFFFFF FFFFFF 0 1 1 1 0 1
5	606	0	FFFFFF FFFFFF C8DDFF FDCDCD FEF89D FFFFFF 775750 A07A72 414041 5A595A 237C61 FFFFFF FFFFFF FFFFFF 0 1 1 1 0 1
5	607	0	FFFFFF 000000 BED7FF FDC3C3 FEF89D FFEC70 5F3DC1 755ED8 828CDE C5CBF7 000000 000000 000000 FFFFFF 0 1 1 1 0 1
5	608	0	FFFFFF 000000 BED7FF FDC3C3 FEF89D FFEC70 5F3DC1 755ED8 828CDE C5CBF7 000000 000000 000000 FFFFFF 0 1 1 1 0 1
5	609	0	FFFFFF 000000 BED7FF FDC3C3 FEF89D FFEC70 5F3DC1 755ED8 828CDE C5CBF7 000000 000000 000000 FFFFFF 0 1 1 1 0 1
5	610	0	FFFFFF FFFFFF BED7FF FDC3C3 FEF89D FFFFFF 9D2729 CA3335 454553 5B5B6C 7E752B FFFFFF FFFFFF FFFFFF 0 1 1 1 0 1
5	611	0	FFFFFF FFFFFF BED7FF FDC3C3 FEF89D FFFFFF 9D2729 CA3335 454553 5B5B6C 7E752B FFFFFF FFFFFF FFFFFF 0 1 1 1 0 1
5	612	0	FFFFFF FFFFFF BED7FF FDC3C3 FEF89D FFFFFF 9D2729 CA3335 454553 5B5B6C 7E752B FFFFFF FFFFFF FFFFFF 0 1 1 1 0 1
5	613	0	0000000 000000 0343B0 B40002 3679A9 FFFFFF 95BFDD D2F3FF 81ABD8 9FDEF4 414141 000000 000000 000000 0 1 1 1 0 1
5	614	0	000000 000000 0343B0 B40002 3679A9 FFFFFF 95BFDD D2F3FF 81ABD8 9FDEF4 414141 000000 000000 000000 0 1 1 1 0 1
5	615	0	FFFFFF FFFFFF CCDFFE FFC8C8 FEFDB1 FFFFFF 23347B 334CB3 89A5DE 5E85D3 325592 FFFFFF FFFFFF FFFFFF 0 1 1 1 0 1
5	616	0	FFFFFF FFFFFF CCDFFE FFBEC0 FEFDB1 FFFFFF AA3C56 D74C6B 98ADD6 6785C3 3A5894 FFFFFF FFFFFF FFFFFF 0 1 1 1 0 1
5	617	0	FFFFFF FFFFFF CCDFFE FFBEC0 FEFDB1 FFFFFF AA3C56 D74C6B 98ADD6 6785C3 3A5894 FFFFFF FFFFFF FFFFFF 0 1 1 1 0 1
5	618	0	FFFFFF 000000 CCDFFE FFC8CA FEFDB1 FFFFFF 945E3E CF7D55 D8C752 FEDF73 634545 000000 000000 FFFFFF 0 1 1 1 0 1
5	619	0	000000 FFFFFF 015DAF C0070B A05B5B FFFFFF CEAAAA E7D5D5 C0B0D3 9D84BB A06C49 FFFFFF FFFFFF 000000 0 1 1 1 0 1
5	620	0	000000 FFFFFF 015DAF C0070B A05B5B FFFFFF CEAAAA E7D5D5 C0B0D3 9D84BB A06C49 FFFFFF FFFFFF 000000 0 1 1 1 0 1
5	621	0	FFFFFF 000000 B9DDFD FCC0C1 FFF2B4 FFFFFF B01827 E33647 CDAD4C E3D098 1E4C9E 000000 000000 FFFFFF 0 1 1 1 0 1
5	622	0	FFFFFF 000000 C6E3FD FCC0C1 FFF2B4 FFFFFF 0F5864 157B8B 4E93A1 97D1D7 88642C 000000 000000 FFFFFF 0 1 1 1 0 1
5	623	0	FFFFFF 000000 C6E3FD FCC0C1 FFF2B4 FFFFFF 0F5864 157B8B 4E93A1 97D1D7 88642C 000000 000000 FFFFFF 0 1 1 1 0 1
5	624	0	FFFFFF 000000 C3E2FD FEC1C4 FFF2B4 FFFFFF 8A2929 B83838 ABABAB E0E0E0 605F6F 000000 000000 FFFFFF 0 1 1 1 0 1
5	625	0	FFFFFF 000000 C3E2FD FEC1C4 FFF2B4 FFFFFF 8A2929 B83838 ABABAB E0E0E0 605F6F 000000 000000 FFFFFF 0 1 1 1 0 1
5	626	0	FFFFFF FFFFFF C8DDFF FDCDCD FFF2B4 FFFFFF 362F24 554A39 6E512E AB7E48 362F24 FFFFFF FFFFFF FFFFFF 0 1 1 1 0 1
5	627	0	000000 FFFFFF 0343B0 B40002 807448 FFFFFF B7AC80 F3EED6 494B67 64668C 8F363D FFFFFF FFFFFF 000000 0 1 1 1 0 1
5	628	0	000000 FFFFFF 0343B0 B40002 807448 FFFFFF B7AC80 F3EED6 494B67 64668C 8F363D FFFFFF FFFFFF 000000 0 1 1 1 0 1
5	629	0	FFFFFF FFFFFF C8DDFF FDC9CB FEF8A3 FFFFFF C5516E DA6E85 88705B AC9682 3B3B3B FFFFFF FFFFFF FFFFFF 0 1 1 1 0 1
5	630	0	FFFFFF FFFFFF C8DDFF FDC9CB FEF8A3 FFFFFF C5516E DA6E85 88705B AC9682 3B3B3B FFFFFF FFFFFF FFFFFF 0 1 1 1 0 1
5	631	0	FFFFFF 000000 C8DDFF FDC9CB FEF8A3 FFFFFF 745D4A 9B7D63 BE8E45 F2CF68 96393B 000000 000000 FFFFFF 0 1 1 1 0 1
5	632	0	FFFFFF FFFFFF C8DDFF FDC9CB FEF8A3 FFFFFF 707070 929292 515259 64656E 984B4D FFFFFF FFFFFF FFFFFF 0 1 1 1 0 1
5	633	0	FFFFFF FFFFFF C8DDFF FDC9CB FEF8A3 FFFFFF A23761 C45380 3668B0 5585CA 3D3C3D FFFFFF FFFFFF FFFFFF 0 1 1 1 0 1
5	634	0	FFFFFF FFFFFF C8DDFF FDC9CB FEF8A3 FFFFFF A23761 C45380 3668B0 5585CA 3D3C3D FFFFFF FFFFFF FFFFFF 0 1 1 1 0 1
5	635	0	FFFFFF FFFFFF C8DDFF FDC9CB FEF8A3 FFFFFF A23761 C45380 3668B0 5585CA 3D3C3D FFFFFF FFFFFF FFFFFF 0 1 1 1 0 1
5	636	0	FFFFFF 000000 C8DDFF FDC9CB FEF8A3 FFFFFF 424242 5D5D5D 7EA6B3 B7DFE4 9E482F 000000 000000 FFFFFF 0 1 1 1 0 1
5	637	0	FFFFFF 000000 C8DDFF FDC9CB FEF8A3 FFFFFF 424242 5D5D5D 7EA6B3 B7DFE4 9E482F 000000 000000 FFFFFF 0 1 1 1 0 1
5	638	0	000000 000000 0048BE B40002 A87523 FFFFFF BA9358 E9CA99 83BBDE C3DEEF 00777D 000000 000000 FFFFFF 0 1 1 1 0 1
5	639	0	FFFFFF 000000 B7D2FE FEC9CA FFF8BE FFFFFF 413731 62534A CDAF7F E3D2B8 7A6C6D 000000 000000 FFFFFF 0 1 1 1 0 1
5	640	0	FFFFFF 000000 B7D2FE FEC9CA FFF8BE FFFFFF 517C3B 6EA750 CDCD78 F4F3CF B05767 000000 000000 FFFFFF 0 1 1 1 0 1
5	641	0	FFFFFF 000000 B7D2FE FEC9CA FFF8BE FFFFFF 3D8E4A 4DB35E BECEE6 EFF3F9 763E94 000000 000000 FFFFFF 0 1 1 1 0 1
5	642	0	FFFFFF 000000 D0E1FE FEC9CA FFF8BE FFFFFF 1A82C2 3CA4E4 BECEE6 EFF3F9 554399 000000 000000 FFFFFF 0 1 1 1 0 1
5	643	0	000000 000000 0343B0 B40002 666666 FFFFFF A2B1C8 E0E2EC 9697BA C9CADC BE4F2F 000000 000000 FFFFFF 0 1 1 1 0 1
5	644	0	FFFFFF FFFFFF C8DDFF FDC9CB FEF8A3 FFFFFF 161616 30313A 00C4FC 30313A 161616 FFFFFF FFFFFF FFFFFF 0 1 1 1 0 1
5	645	0	FFFFFF 000000 D0E1FE FEC1C1 FFF8BE FFFFFF BD4A15 E66326 BECEE6 EFF3F9 B24C49 000000 000000 FFFFFF 0 1 1 1 0 1
5	646	0	000000 FFFFFF 0044B4 B40002 2E6971 FFFFFF 73BBC5 C7E4E8 ADB0B4 80858B 4C4F53 FFFFFF FFFFFF FFFFFF 0 1 1 1 0 1
5	647	0	FFFFFF 000000 BED6FF FFC5C5 FFFB7D FFFFFF 1C81D1 55A7E8 D8CA8E FFF3B4 CA493E 000000 000000 FFFFFF 0 1 1 1 0 1
5	648	0	FFFFFF FFFFFF C8DDFF FDCDCD FFFB7D FFFFFF 2A8496 3EB1C8 408E4A 58B563 4E463F FFFFFF FFFFFF FFFFFF 0 1 1 1 0 1
5	649	0	FFFFFF 000000 C5DAFF FFCFCF FFFB7D FFFFFF 7A3B9B A05FC2 A076D7 CFB6FD A83E3A 000000 000000 FFFFFF 0 1 1 1 0 1
5	413	1	FFFFFF 000000 CCE0FE FFB9B7 FCFF76 FFFFFF 85593B B58452 D8BB70 F1DDAD 454545 000000 000000 FFFFFF 0 1 1 1 0 1
5	413	2	FFFFFF FFFFFF CCE0FE FFB9B7 FCFF76 FFFFFF 9B4472 BA5F86 C76660 DE8286 454545 FFFFFF FFFFFF FFFFFF 0 1 1 1 0 1
5	492	1	000000 000000 004B8B B40002 55702F FFFFFF 6B9B33 9BCB63 B4C8D5 DDE6EC B64B3B 000000 000000 FFFFFF 0 1 1 1 0 1
5	479	1	FFFFFF FFFFFF C1D6FE FEC6CC FFF181 FFFFFF C14F21 EA6A3C C14F21 EA6A3C A9322E FFFFFF FFFFFF FFFFFF 0 1 1 1 0 1
5	479	2	FFFFFF FFFFFF C1D6FE FEC6CC FFF181 FFFFFF C14F21 EA6A3C C14F21 EA6A3C 2E5AA4 FFFFFF FFFFFF FFFFFF 0 1 1 1 0 1
5	479	3	FFFFFF FFFFFF C1D6FE FEC6CC FFF181 FFFFFF C14F21 EA6A3C C14F21 EA6A3C 795299 FFFFFF FFFFFF FFFFFF 0 1 1 1 0 1
5	479	4	FFFFFF FFFFFF C1D6FE FEC6CC FFF181 FFFFFF C14F21 EA6A3C C14F21 EA6A3C 88705A FFFFFF FFFFFF FFFFFF 0 1 1 1 0 1
5	479	5	FFFFFF FFFFFF C1D6FE FEC6CC FFF181 FFFFFF C14F21 EA6A3C C14F21 EA6A3C 4F6E3B FFFFFF FFFFFF FFFFFF 0 1 1 1 0 1
5	351	1	FFFFFF 000000 BED7FF FED6D6 FEF89D FFFFFF C5521E F26D35 A9ACBB DDDEE4 C54F3E 000000 000000 000000 0 1 1 1 0 1
5	351	2	FFFFFF 000000 BED7FF FED6D6 FEF89D FFFFFF 3E65C3 708DD3 9F9F9F C5C5C5 3E65C3 000000 000000 000000 0 1 1 1 0 1
5	351	3	FFFFFF FFFFFF BED7FF FED6D6 FEF89D FFFFFF 467168 5E998C B8A3D9 8D6BC2 467168 FFFFFF FFFFFF FFFFFF 0 1 1 1 0 1
5	555	1	FFFFFF FFFFFF B0D9FF FFCFDB FFE670 FFFFFF 356C82 589FBA AAC4DC 7FA6CA 356C82 FFFFFF FFFFFF FFFFFF 0 1 1 1 0 1
5	648	1	FFFFFF FFFFFF C5DAFF FFCFCF FFFB7D FFFFFF C65241 E97055 DB8395 CD536C 4E463F FFFFFF FFFFFF FFFFFF 0 1 1 1 0 1
