# The shiny Walking Pals in this folder that are exact recolors of their plain sheets, from PMD Sprite Collab d2ceb96254fb (2026-10-03), github.com/PMDCollab/SpriteCollab.
# Written by tools/trainer-data/convert_walking_pals_nat.py (THE SHINIES); the app recolors the plain sheet with
# the map. colors: each opaque color of the plain sheet = the shiny's color for it, as RRGGBB; animations whose
# maps agree on every color they share share a row. A key or animation not here or in shiny.tsv has no shiny.
# key	animations	colors
19-alola	idle,walk,sleep	000000=000000 303888=413c50 406068=743842 485890=54546e 788890=94424a 980000=980000 a8b0b8=b75a5a b87020=a98a85 b8c8f0=b8c8f0 d03800=d03800 d8a860=cfa293 f0d898=eeb3a1 f88058=f88058 f8f8f8=f8f8f8
20-alola	idle,walk,sleep	000000=000000 406068=6a3547 703800=685453 788890=96474e 7b6011=826958 988948=bb94a4 cdbf86=d7b4c8 d03800=d03800 f1eaca=fde5e6 f8f8f8=f8f8f8
25-cosplay	idle,walk,sleep,faint	000000=000000 212929=212929 a76f00=b72f00 bf7727=6f1f00 d73f00=b72f0f dfaf67=e7a700 dfb700=ef7f00 ff875f=e76747 fff700=efbf37 ffffff=ffffff
26-alola	idle,walk,sleep	000000=000000 3b73a6=3b73a6 773f00=773f00 a4ffec=a4ffec a75f1f=7f442a b78727=b78727 d7bf67=d7bf67 da843a=975a35 dfb700=d49427 eba64e=a3673c ff8faf=ff8faf ffc7d7=ffc7d7 fff700=ffb538 fff79f=fbcc7c ffffff=ffffff
27-alola	sleep	000000=000000 728ba0=707788 a9c0d1=9ca5b5 c0af7a=4473a5 daf6f6=c1c8d0 e7d7af=629ebc ffefc6=78bac1 ffffff=ffffff
28-alola	idle,walk,sleep	000000=000000 377aa4=377aa4 525252=525252 5a91af=6189bf 5aa4e6=5aa4e6 73d5e6=73d5e6 9ed3ef=66c0f4 baeff8=baeff8 bdbdb4=bdbdb4 bde6f6=a3d6f6 d0e1eb=b0d1e4 ffffff=ffffff
37-alola	sleep	000000=000000 355c8a=694d7e 4a7bb4=8e6895 525252=69626e 829d99=8c97c6 848a8f=a599b5 87a7ca=c0acda 94cec4=a9bbd1 bdd5ee=dbd6e6 c5c5c5=d9d5e2 ffffff=ffffff
38-alola	idle,walk,sleep	000000=000000 4162c5=b345b7 505e8a=5b479e 628bc5=ca66cc 7394c5=887cc9 a4d5ee=9996d1 cde6ff=cbcfed e03860=e03860 f8f8f8=f8f8f8
50-alola	idle,walk,sleep	000000=000000 302d30=302d30 4f4b4f=4f4b4f 684621=8b341f 6b646b=6b646b 8e878e=8e878e 90622e=b34429 a87035=e05333 bcb1bc=bcb1bc d6ce7e=d6ce7e e2677c=3458db f8f3ad=f8f3ad ff96a9=3d67ff
51-alola	idle,walk,sleep	000000=000000 232425=232425 393c3e=393c3e 4e5255=4e5255 703800=772d1c 74787d=74787d a05818=b34429 d8b000=d8b000 e03860=5d7eff f8c0d0=c6ceff f8f000=f8f000 f8f8f8=f8f8f8
52-alola	sleep	000000=000000 363a53=2e3f62 6a6f8f=4f5f82 6d6b71=49386c 773f00=773f00 949ac0=6d84b4 a75f1f=a75f1f b78727=b78727 bbb1bc=6b588e c6c9db=8fa6d8 dfb700=dfb700 e73f67=e73f67 ededed=6b588e ff8faf=ff8faf fff700=fff700
53-alola	idle,walk,sleep	000000=000000 0060b0=0060b0 1898e0=1898e0 303888=303888 485890=4c5fb4 6080a8=6d85c3 a0b0b8=98b5ff d0d0d8=64539b e03860=e03860 f8f8f8=f8f8f8
59-hisui	idle,walk,sleep	000000=000000 373737=534b42 5b5b5b=7e726a 848484=9a9885 9f0000=a38719 d73f00=d4c03d ffffff=ffffff
65-mega	idle,walk,sleep	000000=000000 4e1f01=3d014e 515151=515151 783000=742d89 8e111c=8e111c a05818=a355ad a06800=9a5009 bcbcbc=bcbcbc d50c2f=d50c2f d87018=cb72cc d8b000=ce9a2a f8f000=fdd949 ffffff=ffffff
74-alola	idle,walk,sleep	000000=000000 3d3835=3d3835 47676f=47676f 514c48=514c48 75706a=75706a 7d7c87=ce732f aaa9b2=f69c3d d3d2dd=ffb266 f8f8f8=f8f8f8
75-alola	idle,walk,sleep	000000=000000 3d3835=3d3835 406068=88491c 514c48=514c48 75706a=75706a 788890=a65c21 a8b0b8=e07a2c d0d8d8=f9984d d8b000=d8b000 f8f000=f8f000 f8f8f8=f8f8f8
76-alola	idle,walk,sleep	000000=000000 303888=384349 406068=77450b 485890=4b5c65 6080a8=6e8391 703800=462a2d 788890=b76a12 980000=980000 a05818=604a3e a8b0b8=f78f18 b87020=7a5e4d d8a860=af8e74 f8e098=e5b997 f8f000=f8f000 f8f8f8=f8f8f8
78-galar	idle,walk,sleep	000000=000000 3f2f5b=3b3861 466a9b=36727f 7092be=5ea9a1 75c3d6=80d3c4 99e6db=aafdee 9a5bac=93b499 9c9da7=9ca2aa b794d1=c9d9b4 d6ced6=d6d0d7 d7c662=d7c662 eac8f5=fdfdee fbff67=fbff67 ffffff=ffffff
79-galar	sleep	000000=000000 836a37=594100 a35686=aa880b b7a28d=b7a28d d4c4ab=d4c4ab d6b328=8e6800 d984b1=e6c522 eca6cd=f7e75b eee1d5=eee1d5 f5e819=b1950c ffffff=ffffff
80-galar	sleep	000000=000000 406068=6a4a18 491f73=491f73 693e95=7c52a7 788890=9b7a46 9672ca=a78fc8 a08899=a08899 a42163=a7501f a8b0b8=c3ad72 d1dfe2=f3d3ad debad3=debad3 e671b2=d8a06a f1dceb=f1dceb f8f8f8=f8f8f8 fdaad6=f3d3ad
80-mega	idle,walk	000000=000000 47676f=804f0a 7f8f97=a87937 9b4157=5f68c8 afb7bf=cda443 bf7727=bf7727 d73f00=8d83e4 d7dfdf=e5c564 dfaf67=dfaf67 ff875f=cbbafe ffe79f=ffe79f ffffff=ffffff
83-galar	idle,walk,sleep,faint	000000=000000 195500=195500 227500=227500 2d1c0a=494041 328200=328200 3a9600=3a9600 3d2104=605354 593006=897678 695802=695802 867313=867313 8e7756=8e7756 ae997a=ae997a b69f25=b69f25 e7c89b=e7c89b
88-alola	idle,walk,sleep	000000=000000 18497b=4d4b54 204139=5e496b 4183c5=80818f 535a3e=535a3e 578070=866d96 5ea0ea=b6bed1 7bb4a4=ba9ac2 8ccebd=d7b3e0 bfcff7=bfcff7 ceb300=ceb300 eacd02=eacd02 f7ed14=f7ed14 ffffff=ffffff
89-alola	idle,walk,sleep	000000=000000 208100=7e6788 31388b=31388b 4a5994=4a5994 5ab220=96829f 6281ac=6281ac 8b046a=8b046a 9cca6a=b09fb8 a46900=a46900 ac288b=ac288b bdcaf6=bdcaf6 e65dbd=e65dbd f6ea00=f6ea00 fffaff=fffaff
94-mega	sleep	000000=000000 2f1832=745e76 532a63=ceb4d1 5c3e75=f6e7f5 674d8a=ffffff 8f0b79=e67bd3 968c9e=868686 ba0596=db3ebb dbae22=dbae22 fcdb6f=fcdb6f ffffff=ffffff
100-hisui	idle,walk,sleep,faint	000000=000000 5c0606=1b1b1b 5e4e34=5e4e34 7f8f97=7f8f97 800505=282828 907954=907954 9f0000=333333 afb7bf=afb7bf bb9d6c=bb9d6c ceb07e=ceb07e d73f00=4c4c4c ecc88d=ecc88d f4752f=707070 ffffff=ffffff
101-hisui	idle,walk,sleep	000000=000000 45283c=090909 847e87=847e87 8f563b=8f563b 907954=907954 9f0000=242424 ba8358=ba8358 bb9d6c=bb9d6c cbdbfc=cbdbfc d9a066=d9a066 ecc88d=ecc88d eec39a=eec39a f4752f=646464 ffffff=ffffff
103-alola	idle,walk,sleep	000000=000000 278700=79322a 5fb727=8d4c3c 6a4317=887b00 7fdf57=a2685a 889139=889139 996730=c6b51c 9f0000=9f0000 b18117=b18117 be8a51=e8d739 c8e082=c8e082 d73f00=d73f00 d7b02c=d8b028 fff53a=fff53a ffffff=ffffff
122-galar	idle,walk,sleep	000000=000000 373f8f=433049 4f5f97=63536b 64adc2=7f9ec2 6787af=746aa7 a2d4e2=a5bee7 afb7bf=afb7bf b70000=b70000 bc98a4=bc98a4 d7dfdf=d7dfdf e73f67=e73f67 f8f8f8=f8f8f8 ffe0e2=ffe0e2 ffffff=ffffff
128-paldea	idle,sleep	000000=000000 2a2a2a=1c1c1c 333030=494949 393939=393939 47676f=47676f 494949=333030 4b4848=696969 636060=898989 696969=4b4848 7f8f97=7f8f97 898989=636060 afb7bf=afb7bf ffffff=ffffff
128-paldea-blaze	idle,sleep	000000=000000 2a2a2a=1c1c1c 333030=494949 393939=393939 494949=333030 4b4848=696969 636060=898989 696969=4b4848 7f8f97=7f8f97 898989=636060 9f0000=9f0000 afb7bf=afb7bf d60012=d60012 ffffff=ffffff
142-mega	idle,walk,sleep	000000=000000 00a050=674f9f 252729=252729 4b515d=4b515d 571f77=873f87 674f9f=0f3797 71797c=71797c 776797=9f5f9f 8f67bf=005fcf a73f5f=a73f5f a797c7=b787bf d7c7ef=efbfef df7f9f=df7f9f efa7b7=efa7b7 ffffff=ffffff
146-galar	idle,walk,sleep	000000=000000 1f1c18=917644 29a5ac=29a5ac 302b27=cca45f 453e38=e2b66a 574e46=f9cd7a 5a071e=5b1d0a 8bcede=8bcede a00031=a03311 a40e39=ad3c1d e6004c=d34a23 e92075=ce4116 f65d9c=c66e21 ff95c5=eb8226 ffffff=ffffff
150-mega-y	idle,walk,sleep	000000=000000 7f8797=7f8797 873f87=476041 979fa7=979fa7 af6fb7=64895d d797df=83b77c d7dfdf=d7dfdf dd3c5c=dd3c5c ffffff=ffffff
157-hisui	idle,walk,sleep,faint	000000=000000 382d5d=3e4d6c 4f4475=516f8f 817095=618cab 9f0000=9f0000 a96bad=a96bad af8f4f=af8f4f cb85be=cb85be d7b777=d7b777 de3d42=de3d42 f7e79f=f7e79f ffffff=ffffff
172-spiky	idle,walk,sleep,faint	000000=000000 a76f00=a76100 bf7727=a76a00 d73f00=bd2929 dfb747=eaae0b ff875f=ff4c5a ffff8f=ffe656 ffffff=ffffff
194-paldea	sleep,faint	000000=000000 352423=423c61 523831=5d558a 775f57=8781cc 776797=f29c77 97776f=a69ede a77fcf=f7b08d e74f47=e74f47 e7c7ff=ffcda3
201-b	idle,walk,sleep	000000=000000 47676f=0060b0 7f8f97=1898e0 afb7bf=afb7bf d7dfdf=d7dfdf ffffff=ffffff
201-c	idle,walk,sleep	000000=000000 47676f=0060b0 7f8f97=1898e0 afb7bf=afb7bf d7dfdf=d7dfdf ffffff=ffffff
201-d	idle,walk,sleep	000000=000000 47676f=0060b0 7f8f97=1898e0 afb7bf=afb7bf d7dfdf=d7dfdf ffffff=ffffff
201-e	idle,walk,sleep	000000=000000 47676f=0060b0 7f8f97=1898e0 afb7bf=afb7bf d7dfdf=d7dfdf ffffff=ffffff
201-exclamation	sleep	000000=000000 47676f=0060b0 7f8f97=1898e0 afb7bf=78c8f8 d7dfdf=d7dfdf ffffff=ffffff
201-f	idle,walk,sleep	000000=000000 47676f=0060b0 7f8f97=1898e0 afb7bf=afb7bf d7dfdf=d7dfdf ffffff=ffffff
201-g	idle,walk,sleep	000000=000000 47676f=0060b0 7f8f97=1898e0 afb7bf=afb7bf d7dfdf=d7dfdf ffffff=ffffff
201-h	idle,walk,sleep	000000=000000 47676f=0060b0 7f8f97=1898e0 afb7bf=afb7bf d7dfdf=d7dfdf ffffff=ffffff
201-i	idle,walk,sleep	000000=000000 47676f=0060b0 7f8f97=1898e0 afb7bf=afb7bf d7dfdf=d7dfdf ffffff=ffffff
201-j	idle,walk,sleep	000000=000000 47676f=0060b0 7f8f97=1898e0 afb7bf=afb7bf d7dfdf=d7dfdf ffffff=ffffff
201-k	idle,walk,sleep	000000=000000 47676f=0060b0 7f8f97=1898e0 afb7bf=afb7bf d7dfdf=d7dfdf ffffff=ffffff
201-l	idle,walk,sleep	000000=000000 47676f=0060b0 7f8f97=1898e0 afb7bf=afb7bf d7dfdf=d7dfdf ffffff=ffffff
201-m	idle,walk,sleep	000000=000000 47676f=0060b0 7f8f97=1898e0 afb7bf=afb7bf d7dfdf=d7dfdf ffffff=ffffff
201-n	idle,walk,sleep	000000=000000 47676f=0060b0 7f8f97=1898e0 afb7bf=afb7bf d7dfdf=d7dfdf ffffff=ffffff
201-o	idle,walk,sleep	000000=000000 47676f=0060b0 7f8f97=1898e0 afb7bf=afb7bf d7dfdf=d7dfdf ffffff=ffffff
201-p	idle,walk,sleep	000000=000000 47676f=0060b0 7f8f97=1898e0 afb7bf=afb7bf d7dfdf=d7dfdf ffffff=ffffff
201-q	idle,walk,sleep	000000=000000 47676f=0060b0 7f8f97=1898e0 afb7bf=afb7bf d7dfdf=d7dfdf ffffff=ffffff
201-question	idle,walk,sleep	000000=000000 47676f=0060b0 7f8f97=1898e0 afb7bf=afb7bf d7dfdf=d7dfdf ffffff=ffffff
201-r	idle,walk,sleep	000000=000000 47676f=0060b0 7f8f97=1898e0 afb7bf=afb7bf d7dfdf=d7dfdf ffffff=ffffff
201-s	idle,walk,sleep	000000=000000 47676f=0060b0 7f8f97=1898e0 afb7bf=afb7bf d7dfdf=d7dfdf ffffff=ffffff
201-t	idle,walk,sleep	000000=000000 47676f=0060b0 7f8f97=1898e0 afb7bf=afb7bf d7dfdf=d7dfdf ffffff=ffffff
201-u	idle,walk,sleep	000000=000000 47676f=0060b0 7f8f97=1898e0 afb7bf=afb7bf d7dfdf=d7dfdf ffffff=ffffff
201-v	idle,walk,sleep	000000=000000 47676f=0060b0 7f8f97=1898e0 afb7bf=afb7bf d7dfdf=d7dfdf ffffff=ffffff
201-w	idle,walk,sleep	000000=000000 47676f=0060b0 7f8f97=1898e0 afb7bf=afb7bf d7dfdf=d7dfdf ffffff=ffffff
201-x	idle,walk,sleep	000000=000000 47676f=0060b0 7f8f97=1898e0 afb7bf=afb7bf d7dfdf=d7dfdf ffffff=ffffff
201-y	idle,walk,sleep	000000=000000 47676f=0060b0 7f8f97=1898e0 afb7bf=afb7bf d7dfdf=d7dfdf ffffff=ffffff
201-z	idle,walk,sleep	000000=000000 47676f=0060b0 7f8f97=1898e0 afb7bf=afb7bf d7dfdf=d7dfdf ffffff=ffffff
208-mega	sleep	000000=000000 008cce=008c6e 4f4f4f=505050 616982=947421 9c9cb7=b9a438 c6e7ef=c6e7ef cbd1e4=dad66d f2f5ff=fff9be ffc7df=ffc7df fff7bd=fff7bd ffffff=ffffff
222-galar	sleep	000000=000000 636465=636465 878d90=707577 959595=959595 a7a6a8=a7a6a8 b6b4b7=969696 d3cdd4=afacaf e2e2e2=cccccc ff875f=707577 fff7f7=cccccc
302-mega	idle,walk	000000=000000 159a44=d14200 4f97ff=e5d190 572f9f=766635 6eda4d=ff9049 8f67bf=b29a62 940045=0b7447 b797df=e5d190 da1a31=3dc651 dfb700=2c2c28 ff6e91=84ffbd fff700=4f4e43 ffffff=ffffff
310-mega	idle,walk,sleep	000000=000000 0067b7=4d4a61 1f9fe7=7b7e8b 9f0000=9f0000 9fe7ff=a4aabe a76f00=946300 d73f00=d73f00 dfb700=cca700 ff875f=ff875f fff700=f6ee00 ffffff=ffffff
334-mega	idle,walk	000000=000000 198dad=a67637 5a608d=5a608d 63b5c7=c7a65a 8a9bc7=8a9bc7 a8dee8=edda95 bfc3ef=bfc3ef e0f1f8=e0f1f8 efc5e9=efc5e9 ffffff=ffffff
351-snowy	idle,walk,sleep	000000=000000 47676f=47676f 873f87=3f57bb 979fa7=979fa7 af6fb7=5575e6 d797df=eff489 d7dfdf=d7dfdf ffffff=ffffff
354-mega	idle,walk,sleep	000000=000000 4e6267=336881 838d92=478e9f 947b33=947b33 af263f=791e62 bda542=bda542 e84882=b052a6 ea7c85=e376b5 ffd631=ffd631 ffeda6=ffeda6 ffffff=ffffff
359-mega	sleep	000000=000000 4f6282=b65065 6b7e9e=de7966 7f8f97=93a1c2 8093b2=ea8d75 a6b4c1=bfc7d9 d03800=d03800 d7dfdf=e6e7eb ffffff=ffffff
380-mega	idle,walk,sleep	000000=000000 281a88=335701 47676f=47676f 4b3ea5=597d02 7170d6=78ac08 7f8f97=7f8f97 a69ceb=a5ce2c afb7bf=afb7bf c2b349=25b98e d7dfdf=d7dfdf ffffff=ffffff
381-mega	idle,walk,sleep	000000=000000 281a88=335701 47676f=47676f 4b3ea5=597d02 7170d6=78ac08 7f8f97=7f8f97 9f0000=b15202 a69ceb=a5ce2c afb7bf=afb7bf d7dfdf=d7dfdf ffffff=ffffff
384-mega	sleep	000000=000000 278700=283128 3d3838=3c3837 5fb727=4a524a 9fcf6f=737b73 a76f00=a41414 b7cfff=b7cfff d7efa7=94a49c dfb700=cf4b2c eac26b=eac26b f6886b=f6886b fbe27e=fbe27e fff700=e57828 ffffff=ffffff
389	idle,walk,sleep	000000=000000 376700=376700 4f8700=628b4a 575f00=2c6647 57af00=85b56e 5f5f67=005e2c 7f5f17=686814 8f8797=7b9696 9f7f37=9e9e53 b7a7bf=9eb5bc c70000=c70000 c79f5f=c5c539 e7dfe7=dae8ea ffffff=ffffff
390	sleep	000000=000000 87471f=87471f 9f0000=9f0000 a75f1f=a71f2e c75f00=c70015 d73f00=d73f00 df771f=f64a6e dfaf67=dec55a ffe79f=f6ee9c
391	idle,walk,sleep	000000=000000 0067b7=843cb3 1f9fe7=ad7bd6 97671f=94103a b7cfdf=b7cfdf bf7727=d63163 dfaf67=dfc767 dfb700=f5c400 e73f00=f34700 ff972f=fd6585 ffe79f=fffa9f fff700=fffd00 ffffff=ffffff
392	idle,walk,sleep	000000=000000 0057a7=6d3492 1f7fcf=9564bc 9f0000=9f0000 b75f00=d63163 bfdfff=dcbfff c72f00=e63a42 df8727=fd6585 dfaf67=dfaf67 dfb700=dfb700 ff7f57=ff7f57 ffe79f=ffe79f fff700=f7ef9c ffffff=ffffff
393	idle,walk,sleep,faint	000000=000000 373f8f=0d4a47 4f5f97=3c6fa2 5767b7=27807e 6787af=4ca4b1 879fff=65c1b3 af671f=a47119 b7bfc7=adc2d7 b7cfff=b7efff dfaf67=d5b03f ffe79f=fffc00 ffffff=ffffff
394	idle,walk,sleep	000000=000000 373f8f=235477 3f579f=2e7683 4f6fb7=248a9b 679fdf=57bead 7f8f97=778a93 7fcfff=b6f8f0 a76f00=67661a afb7bf=afb8c1 d7dfdf=d9e1e1 dfb700=c4c417 fff700=fffc00 ffffff=ffffff
395	idle,walk,sleep	000000=000000 0067ef=229780 072757=054155 1fafff=55c1af 375787=167292 7fdfff=b8f8f1 afb7bf=b2bac3 bf7727=997a09 d7dfdf=dae2e2 dfaf67=d3bc18 ff875f=ff8250 ffe79f=fffc00 ffffff=ffffff
396	idle,walk,sleep	000000=000000 3f373f=4e3325 574f57=77533c 675757=78573c 7f3f27=9c6b27 7f6f6f=a3745b 7f8f97=9c8574 a79797=be9983 b7bfc7=c7c4b7 cf6f47=c38200 e7e7e7=edeae4 ff875f=e8b014 ffffff=ffffff
397	idle,sleep	000000=000000 372f37=432b1f 4f474f=693e2a 675f5f=7f5948 676767=7f5948 7f8f97=9c8574 8f7f7f=ae7557 b7a7a7=be9983 b7bfc7=c7c4b7 c71717=c71717 cf6f47=c38200 e7e7e7=edeae4 ff875f=e8b014
398	sleep	000000=000000 3f3727=382c26 575747=634f46 777767=7f6355 7f7f87=776751 9f9787=998368 a73f0f=535d87 afafb7=bca589 b76f00=966e36 c7af9f=b79989 e76747=8c99ce e7e7ef=dccbb0 f7b71f=f3bc61
399	idle,walk,sleep,faint	000000=000000 371f00=583033 773f00=705205 7f8f97=7f8f97 9f0000=9f0000 a75f1f=a67e1a afb7bf=afb7bf bf7727=bf9427 d73f00=f543a8 dfaf67=e8c48e ffe79f=f9e9b9 ffffff=ffffff
401	idle,walk,sleep	000000=000000 47676f=6d463b 772f00=682b00 7f8f97=9b815e 9f0000=9f3a00 9f4f0f=ad4a00 afb7bf=c2a987 bf7727=bf7727 d73f00=d78e00 df670f=df7a2e dfaf67=dfaf67 ff570f=ffbd42 ffe79f=ffefad
402	idle,walk,sleep	000000=000000 47676f=6d4c43 773f00=773f00 7f8f97=9b815e 9f0000=9f3a00 a75f1f=a75f1f afb7bf=c2a987 bf7727=bf7727 d73f00=d78e00 df771f=df771f dfaf67=d9af5b ff5717=ffbd42 ffe79f=ffe6b5 ffffff=ffffff
403	sleep,faint	000000=000000 3f4767=2a314e 4787a7=96722a 67677f=4e4e63 67bfdf=d5ab39 8fe7ff=ffd748 9797af=79798f c78f3f=8c4d20 d7cfe7=d7cfe7 dfbf57=d37130 e75757=e64a73 ffe767=ff8c3a ffffff=ffffff
404	idle,walk,sleep,faint	000000=000000 3f4767=252c49 4787a7=96722a 67bfdf=d5ab39 6f6f87=505066 8fe7ff=ffd748 9797af=74748a c78f3f=ad5e29 d7cfe7=aea6bc dfbf57=d37130 e75757=e64a73 ffe767=ff8c3a ffffff=ffffff
405	idle,walk,sleep	000000=000000 3f4767=3f4767 4787a7=96722a 67bfdf=d5ab39 6f6f87=6f6f87 8fe7ff=ffd748 9797af=9797af c78f3f=a55a27 d7cfe7=d7cfe7 dfbf57=d37130 e75757=e75757 ffe767=ff8c3a
407	sleep	000000=000000 0f3fcf=41414a 1f97ff=6a6a73 27873f=5e8e2e 5fb747=80b050 77cfff=aaaab5 9f0000=8828bc 9fcf9f=cfe9b4 d73f00=d26cfe dfb700=b4c635 ff875f=e79fe1 fff700=dfea4c ffffff=ffffff
408	idle,walk,sleep	000000=000000 005797=8c0b1b 0f7fbf=a82333 1f9fe7=d05362 4f475f=66622c 4fcfff=ff7288 6f6777=807e5e 972700=790312 9f9fa7=a7a68c cfcfd7=cdccb0 d72700=ad2b1d ffffff=ffffff
409	idle,walk,sleep	000000=000000 003f7f=003f7f 005797=822121 0f7fbf=ac3140 1f9fe7=cd4f5d 4f475f=4f4335 6f6777=6e6758 9f9fa7=a7a78d cfcfd7=cfcfd7 d72700=d72700 ffffff=ffffff
410	idle,walk,sleep	000000=000000 4f4f57=303887 6f6f77=50589f 8f979f=9098c7 9f6707=bf8f1d afb7bf=a7afb7 c7971f=e0d000 d7dfdf=cfd7d7 efbf37=f8f098 ffffff=ffffff
411	idle,walk,sleep	000000=000000 4f4f57=212e44 6f6f77=34486b 8f5f07=827537 8f979f=8f979f a7375f=a7375f afb7bf=afb7bf c7971f=afa15b d7dfdf=d7dfdf ef7f8f=ef7f8f efbf37=d6c784
412	idle,walk,sleep,faint	000000=000000 007717=007717 476777=47619c 478f00=478f00 5fb727=5fb727 777f8f=7590a6 7fdf57=7fdf57 975f17=975f17 c78747=c78747 e7a700=e7a700 efdf00=efdf00
412-sand	idle,walk,sleep	000000=000000 476777=47619c 777f8f=7590a6 a7b7bf=a7b7bf d79f77=d79f77 e7a700=e7a700 efc787=efc787 efdf00=efdf00 ffefa7=ffefa7
412-trash	idle,walk,sleep	000000=000000 476777=47619c 777f8f=7590a6 a75757=a75757 a7b7bf=a7b7bf cf6777=cf6777 df7f9f=df7f9f e7a700=e7a700 efdf00=efdf00 ff9fb7=ff9fb7
413	idle,walk,sleep	000000=000000 007717=007717 476777=546994 478f00=478f00 5fb727=5fb727 777f8f=81959f 7fdf57=7fdf57 a7b7bf=a7b7bf ffffff=ffffff
413-sand	idle,walk,sleep	000000=000000 476777=546994 777f8f=81959f 975f17=975f17 a7b7bf=a7b7bf c78747=c78747 d79f77=d79f77 ef5700=ef5700 ef7f00=ef7f00 efc787=efc787 ffefa7=ffefa7 ffffff=ffffff
413-trash	idle,walk,sleep	000000=000000 476777=546994 777f8f=81959f a75757=a75757 a7b7bf=a7b7bf bf0087=bf0087 cf6777=cf6777 df7f9f=df7f9f ef27af=ef27af ff9fb7=ff9fb7 ffffff=ffffff
414	idle,walk,sleep	000000=000000 6f574f=505b47 97776f=798276 af8737=a88030 afafbf=afafbf b74f00=0850b8 d7d7df=d7d7df df6f1f=3880d0 dfaf57=d8b040 ff8f3f=68b0f0 ffe797=f8f888 ffffff=ffffff
415	idle,walk,sleep	000000=000000 676f77=676f77 773f00=773f00 976f1f=981028 a75f1f=c02020 bfb7b7=bfb7b7 d7a71f=e06848 df771f=d83800 dfd7cf=dfd7cf e7c727=f88058 f74f27=980000 ff8f47=f85008 ffe737=ff9966 ffffff=ffffff
417	idle,walk,sleep	000000=000000 2777bf=d057c7 57afdf=f669e9 6f6f6f=6f6f6f 87cfff=f996ef a7a7a7=a7a7a7 cfcfcf=cfcfcf dfb747=d08058 f7df5f=ffa050 ffffff=ffffff
418	idle,walk,sleep,faint	000000=000000 2f87bf=2f87bf 67d7ff=67d7ff 874f0f=735a20 a77747=788467 c76727=b49c31 d7a727=a0ac95 d7c767=e7e6a2 d7cfaf=d7cfaf f78f27=e7c732 f7b73f=e7ca49 ff5767=ff5767 ffd700=e6e6de ffe787=ffffce ffffff=ffffff
419	idle,walk,sleep	000000=000000 2f87bf=4c7699 67d7ff=9ed3ff 874f0f=735a20 a77747=788467 bfa74f=bfa74f c76727=b49c31 d7a727=a0ac95 d7c777=e0d577 d7cfaf=d7cfaf f78f27=e7c732 ffd700=e6e6de ffe7bf=ffffcd ffffff=ffffff
420	sleep	000000=000000 276700=106b31 3f7f00=398c21 4f9f00=a5ce21 57b700=d6ef39 9f0000=843152 cf2f00=9c4239 e73f67=e75a52 ff5797=ff9473 ffa7cf=ffb29b
421	idle,walk,sleep	000000=000000 278700=00ab00 375f00=007d00 571f77=1a506f 770000=770000 772f9f=1b7bb2 9747b7=3389ca 9f0000=9f0000 9f5fc7=4daad9 c73767=c73767 e75fa7=e75fa7
421-sunshine	idle,walk,sleep	000000=000000 00a747=00a747 bf003f=b20f46 bf7f00=a25447 cf477f=bc3c5c f7679f=ec60ac ff373f=ff54b0 ff8fb7=ff94ce ffb700=f08536 ffb7d7=ffc5e6 ffc7df=ffc7df fff700=ffce6b
422	idle,walk,sleep	000000=000000 5f6777=304062 97005f=940004 afafa7=aaaa9a d7dfdf=d5e0e0 df771f=ed4b00 e73f67=d80023 ff8faf=ff7262 ffb70f=ff9a04 ffc7d7=ffbed5 fff700=ffe40b ffffff=ffffff
423	idle,walk,sleep	000000=000000 8f2f00=786439 975fb7=c84050 b75f00=a59439 d77faf=f2776b d7dfdf=bfcece df8f00=d98711 efc700=ffce73 ff8faf=f49c93
424	idle,walk,sleep	000000=000000 47676f=41616b 873f87=823051 af6fb7=a25390 bf7727=82823d d73f00=f68180 d797df=ca69b0 d7dfdf=d7dbdf dfaf67=b9b960 ffe79f=ebebbd ffffff=ffffff
425	idle,walk,sleep	000000=000000 572f9f=885e18 6787af=6787af 8f67bf=f3bc30 a76f00=057a81 b797df=f3df30 bfcff7=bfcff7 dfb700=1b989f fff700=2ec2ca ffffff=ffffff
426	idle,walk,sleep	000000=000000 773f9f=c39318 8f97af=8f97af 9777bf=f3cd30 af3f00=1ea559 af97cf=f3e676 bfcff7=bfcff7 c7afdf=f7ed99 e7a700=1b989f f74f1f=45fd95 fff700=39cad2 ffffff=ffffff
427	idle,walk,sleep,faint	000000=000000 5f2f00=794b38 874f17=956856 b76f2f=c39481 b78727=e17b91 c7477f=af8f90 d7bf67=fb9fb3 ff8faf=d5c1c2 fff79f=f8c0c0 ffffff=ffffff
428	idle,walk,sleep	000000=000000 773f00=9d5b67 a75f1f=bd947b b78727=853f64 d7bf67=dc6090 df771f=edba9b e73f67=de3a8c ffc7d7=ffc7d7 fff79f=ffa196
428-mega	idle,walk,sleep	000000=000000 1b0e01=1e0e17 2a1703=3f1e30 773f00=9d5b67 a75f1f=bd947b b78727=853f64 c70000=c70000 d7bf67=dc6090 df771f=edba9b e73f67=e73f67 ffc7d7=ffc7d7 fff79f=ffa196
429	sleep	000000=000000 67179f=555418 8f3f87=6a6a29 a76fb7=a4a431 b70000=635a27 e73f67=dec539 ff77d7=fff777
430	idle,walk,sleep	000000=000000 0f3797=9d2f7c 474f57=474f57 4f5f97=c4479e 7f8f97=7f8f97 a7afb7=a7afb7 b72f00=b72f00 d78f2f=d78f2f d7d7df=d7d7df dfb700=dfb700 ef0000=ef0000 fff700=fff700 ffffff=ffffff
431	idle,walk,sleep,faint	000000=000000 173f7f=393152 47676f=705490 5767b7=764978 879fff=b47bc5 9fafb7=9fafb7 af274f=af274f b7cfff=b7cfff cf4f7f=cf4f7f d7dfdf=d7dfdf ef7fa7=ef7fa7 ffc74f=ffc74f ffffff=ffffff
432	idle,walk,sleep	000000=000000 275f7f=764978 67879f=b47bc5 7fa7cf=d8a8e6 873f87=2b3166 979fa7=979fa7 a73f5f=a73f5f af6fb7=535a97 d797df=6d76ba d7dfdf=d7dfdf dfaf67=dfaf67 ef4f9f=ef4f9f ffe79f=ffe79f ffffff=ffffff
433	idle,walk,sleep,faint	000000=000000 6f3f00=7a5202 9f0000=db5900 a76f00=b88e03 bfcff7=f1e6b4 d73f00=f59e25 dfb700=f0dd00 fff700=f4ff5b ffffff=ffffff
434	walk,sleep	000000=000000 572f6f=581621 6f4f8f=732436 876f8f=8b314f 9f8f87=a68379 d73f00=cf6e19 d7c78f=dbbab2 d7dfdf=d7dfdf ff875f=e89d5a ffefbf=f5d4ce ffffff=ffffff
435	idle,walk,sleep	000000=000000 572f6f=572f6f 6f4f8f=9e234f 7f8f97=7f8f97 876f8f=b74d5d 9f8f87=b7635d afb7bf=afb7bf d73f00=d73f00 d7c78f=e89e66 d7dfdf=d7dfdf ff875f=ff875f ffefbf=ffd5a4 ffffff=ffffff
436	idle,walk,sleep	000000=000000 2f007f=083221 4f5fa7=3b7b40 5787c7=6aa35f 5fb7ff=85d45f 97dfff=b6f4a7 af7f27=af7f27 dfb700=dfb700
437	idle,walk,sleep	000000=000000 072f37=143206 074f5f=226a15 078787=5d7a54 07a797=5aa955 07bfa7=a8c997 8fa7c7=a4bf96 970000=b64a20 9fc7e7=bbdcaa a7dfff=d6f3b3 bf0000=e85f27 ffffff=ffffff
438	idle,walk,sleep	000000=000000 278700=a52755 5fb727=e65a73 773f00=775100 8fff67=ffc6e9 9f0000=9f0000 a75f1f=a7821f d73f00=d73f00 df771f=dcbe2d dfaf67=dfaf67 ffe79f=ffe79f
439	idle,walk,sleep,faint	000000=000000 373f8f=03483a 4f5f97=056e49 6787af=2e8a5f 7f8f97=7f8f97 afb7bf=afb7bf b70000=9f007e c77f7f=c8827e d79faf=d89eac d7dfdf=d7dfdf f7d7d7=f7d8d7 ffffff=ffffff
440	idle,walk,sleep	000000=000000 7f8f97=7f8f97 afb7bf=afb7bf b70000=9700b7 bf7727=bf7727 d7dfdf=d7dfdf dfaf67=dfaf67 e73f67=c75bc7 ff8faf=ff99ea ffc7d7=ffd0f5 ffe79f=ffe79f ffffff=ffffff
441	idle,walk,sleep,faint	000000=000000 1f9fe7=f84858 2777b7=c82030 278700=002080 574f5f=305080 5fb727=0050a8 b78f00=b78f00 bfc7c7=bfc7c7 dfb700=dfb700 ff6777=dfb700 ff8faf=ffea00 fff700=fff700 ffffff=ffffff
442	idle,walk,sleep	000000=000000 00c700=c245d8 573700=573700 5f973f=8553b5 7f571f=7f571f 9f3f87=167582 a77f47=a77f47 c79f77=c79f77 cf6fb7=44aaba cfd727=ff7fc5 e787c7=4fbfd1 e7c7a7=e7c7a7 ff9fdf=7bdded fff700=ffbad3
443	walk,sleep	000000=000000 0097ef=0087f5 00cfff=00d0fe 07475f=17356e 2f7797=3555a9 57a7af=4085d2 8fc7cf=71acf7 971f00=976300 afb7bf=afb7bf cf471f=cf961f d7dfdf=d7dfdf ff7737=ffd137 ffffff=ffffff
444	idle,walk,sleep	000000=000000 1f479f=3c2fbe 3f77c7=5455e1 477797=477797 579fef=6f7cf9 67a7c7=6eb1df 971f00=971f00 9fa7b7=9fa7b7 9fdff7=abfdff cf471f=dc430c cfd7d7=cfd7d7 ff7737=f57e0b ffdf00=ffdf00 ffffff=ffffff
445	idle,walk,sleep	000000=000000 37478f=252e3d 4f6fb7=425466 6f9fe7=6a8699 9f172f=841000 a7afa7=a7afa7 af7f17=af7f17 cf473f=bd4a00 cfa72f=cfa72f d7d7d7=d7d7d7 ff6f57=ff8c39 ffd700=ffd700 ffffff=ffffff
446	idle,walk,sleep,faint	000000=000000 27474f=314a83 3f5f67=3962bd 4f8f8f=4794cc 5f7f77=4183de 7fa7a7=52acee 8f671f=4c4c2a a70000=a70000 bf8f57=7a7a43 bfd7d7=c9deed efc757=b4b462 f7ef9f=eee683 ff570f=ff570f ffffff=ffffff
447	idle,walk,sleep,faint	000000=000000 0067b7=756b22 1f9fe7=b5ac30 47676f=36616d 7f8f97=588191 7fcfff=e6ee7b 9f0000=a43962 afb7bf=afb7bf bf7727=5a87b5 d73f00=de528b d7dfdf=d7dfdf dfaf67=7eaedd ffe79f=8fc8e0 ffffff=ffffff
448	idle,walk,sleep,faint	000000=000000 0067b7=a99e3e 1fa7e7=d5dd63 47676f=39565d 7f8f97=5b8091 7fcfff=f1f984 afb7bf=6290a5 c78f4f=3e728a d73f00=d73f00 d7dfdf=d7dfdf ff87df=e38ba1 ffd787=70b4c4 fff7af=98d1de ffffff=ffffff
448-mega	idle,walk,sleep	000000=000000 4e4c4e=39565d 507f9e=a99e3e 6c6e6c=5b8091 6db4e0=d5dd63 8d949b=8d949b 9f2f00=9f2f00 c78f4f=3e728a d7dfdf=d7dfdf e93002=e93002 ffd787=70b4c4 fff7af=98d1de ffffff=ffffff
449	idle,walk,sleep	000000=000000 6f2f00=423907 873f00=6c5a00 979fa7=979fa7 9f6f27=91860d b79f4f=c5ac60 cf2737=cf2737 d7dfdf=d7dfdf dfcf77=e6dea5 ffffff=ffffff
450	idle,walk,sleep	000000=000000 574f4f=494536 6f2f00=6f2f00 77777f=6e7544 7f5f07=79705f 873f00=873f00 979fa7=979fa7 9f8707=a49b5f bf476f=bf476f bfa707=c7bf68 c72727=c72727 c7dfdf=c7dfdf d76787=d76787 ff070f=ff070f ffffff=ffffff
451	idle,walk,sleep	000000=000000 008797=008797 171f77=510002 17c7e7=17c7e7 373f8f=600f07 575fa7=8c170a 777fbf=b53842 8f9faf=8f9faf 979fcf=dd575e b7bfef=ff6780 c7cfd7=c7cfd7 ffffff=ffffff
452	idle,walk,sleep	000000=000000 00678f=00678f 17a7bf=17a7bf 5f1757=562636 7f3f7f=724554 8f9faf=8f9faf 9f5f9f=a46378 bf7fbf=bc738e c7cfd7=c7cfd7 d797df=d78ca5 ffffff=ffffff
453	idle,walk,sleep	000000=000000 0067b7=538378 1f9fe7=73bfb2 47676f=495267 7f8f97=707b8a 7fcfff=a0ede0 9f0000=9f0000 afb7bf=afb7bf bf7727=bf7727 d7dfdf=d7dfdf dfaf67=ffc200 ff771f=fb52b1 ffb787=ffafdd ffe79f=fff200 ffffff=ffffff
454	idle,walk,sleep	000000=000000 0067b7=009faa 1f9fe7=71d7e1 7f8f97=6b90c9 7fcfff=a7ecf9 9f0000=c40360 afb7bf=82a9bf bf7727=c15b2c d73f00=ff68bd d7dfdf=e0ffff dfaf67=ffc200 ff875f=ffafc3 ffe79f=fff200 ffffff=ffffff
455	idle,walk,sleep	000000=000000 006700=755800 2f8f17=af8c09 5faf27=82af27 97cf5f=b4cf5f 9f0000=a30303 a76f00=a76f00 cfef97=e6ef97 d7dfdf=d7dfdf dfb700=dfb700 e75700=ea5902 fff700=fff700 ffffff=ffffff
456	idle,walk,sleep,faint	000000=000000 37475f=4c3c32 3f7fc7=a8804f 4f5f77=7f5b47 67a7ef=dba96d 777f9f=997565 87d7ff=f6d5ac 97a7c7=d1a38e 9fefff=ffeed5 b70000=c74669 e73f67=e26184 ffffff=ffffff
457	idle,walk,sleep	000000=000000 37475f=3f3423 3f7fc7=958667 4f5f77=564735 67a7ef=b1a877 777f9f=8a7452 87d7ff=f7d6ad 97a7c7=b5a387 9fefff=ffefd6 b70000=b7003f c7d7d7=c7d7d7 e73f67=e73f67 ffffff=ffffff
458	idle,walk,sleep	000000=000000 0f57bf=004d71 3f87d7=006f97 679faf=5694c2 6fb7f7=0d98bf 9fbfc7=79b0d6 afdfff=68cde9 c74f00=c74f00 cfe7e7=afdce9 ff8727=ff8727 ffffff=ffffff
459	idle,walk,sleep	000000=000000 176f4f=09458a 2f876f=135eb5 4f2f00=50462e 579f87=2b83ea 777777=777777 7f571f=686a3f 977f47=8a8e53 afb7bf=afb7bf d7dfdf=d7dfdf ffffff=ffffff
460	idle,walk,sleep	000000=000000 176f4f=09458a 2f876f=135eb5 579f87=2b83ea 777777=777777 af6fb7=af6fb7 afb7bf=afb7bf d797df=d797df d7dfdf=d7dfdf ffffff=ffffff
462	idle,walk,sleep	000000=000000 47474f=47474f 576f77=606068 778fb7=88a8b0 7f878f=ac9393 9f0000=0060b0 9f9faf=c5b4b4 9fb7ff=d0e0d8 bfc7c7=ddd5d5 d73f00=1898e0 df9f27=d8b040 efeff7=f8f8f8 ff876f=78c8f8 ffd700=f8f888
463	sleep	000000=000000 afb7bf=acb4bc d7dfdf=d7dbdf dfb700=e0bc17 e73f67=b68535 f7678f=e0bc17 ff8faf=f1dc73 ffc7d7=fff1aa fff700=fffa65 ffffff=ffffff
464	idle,walk,sleep	000000=000000 574717=6a6241 6f5f47=7a7a66 8f3f00=8b7b39 8f7f7f=939382 9f5f1f=b49c39 9f9f9f=9f9f9f b71717=b71717 bfbfb7=bfbfb7 df771f=e6de39 dfdfdf=dfdfdf e73f2f=e73f2f ffffff=fff6ee
465	idle,walk,sleep	000000=000000 00678f=0c500f 0f8fd7=55ae4a 1f77af=427c32 679fef=54cd54 7f97af=7f97af 9f003f=bc4941 bfcff7=bfcff7 d73f00=ed8072 ffffff=ffffff
466	idle,walk,sleep	000000=000000 47374f=47374f 5f4f67=5f4f67 7f7787=7f7787 874700=543501 9f0000=018aa1 a76f00=7f5309 bfcff7=bfcff7 d73f00=00dbff dfb700=ca8716 fff700=f7aa2a ffffff=ffffff
467	idle,walk,sleep	000000=000000 573f3f=573f3f 8787a7=8787a7 a70000=a43b6c af5f77=af5f77 bf8700=c26481 c7c7d7=c7c7d7 df3f00=ec495f dfb700=f89faf f7771f=f77384 f78f9f=f78f9f ffbfe7=ffbfe7 ffe700=ffd4ef ffffff=ffffff
468	idle,walk,sleep	000000=000000 0077d7=a70f00 00a7ff=ef0000 5f5f97=978e5f 9797b7=b0b472 a70f00=0077d7 c7cfdf=d7daa4 ef0000=00a7ff ffffff=ffffff
470	idle,walk,sleep,faint	000000=000000 27876f=327d4a 57a777=46a051 773f00=62532a 7fc777=7ac254 9f0000=9d2f2f a75f1f=a07a27 afef5f=afef5f bf7727=b98730 d73f00=c45a2e df771f=bea53b dfaf67=dea15f ffe79f=facd76 ffffff=ffffff
472	sleep	000000=000000 5f47ff=477797 5f5f67=3f373f 6f87ff=7fa7cf 777f8f=4f4f57 9f0000=af8f4f a76f00=a76f00 a7b7df=a6d8f1 bfcff7=bfcff7 d73f00=d7c777 dfb700=dfb700 ffffff=ffffff
473	idle,walk,sleep	000000=000000 0067b7=088ca3 1f9fe7=39bfbf 2f0000=1c350f 874700=54670d 8fdfff=8af1f1 9f6700=7e8728 a7a7a7=a7a7a7 bf7727=aaa048 c77f87=c77f87 d7d7d7=d7d7d7 dfaf67=cdcd80 ff87bf=ff87bf ffe79f=f8f8ba ffffff=ffffff
474	idle,walk,sleep	000000=000000 0067b7=b57b94 1f9fe7=e6c5d6 8fdfff=ffcee6 9f0000=213ad6 b76f00=5a6342 c79f00=b5ad4a c7d7d7=ffecf6 e73f67=3a5aef ff8faf=6394ff ffc7d7=8cd6ff fff700=f7ef6b ffffff=ffffff
475	idle,walk,sleep	000000=000000 1f77c7=727272 1f9fbf=969696 276700=2c4cb7 278f00=5273e6 67777f=7e6e84 67a73f=668fea 67cfff=cdcdcd 8f979f=ae9caf c7c7cf=e0c7ef d73f00=cc742c ff6767=eaae54 ffffff=fff6ff
475-mega	idle,walk,sleep	000000=000000 1f77c7=5b5b5b 1f9fbf=747474 276700=3e58ad 278f00=5273e6 67777f=67777f 67a73f=668fea 67cfff=bbbbbb 8f979f=8f979f c7c7cf=c7c7cf d73f00=a1593e ff6767=ff8d62 ffffff=ffffff
476	idle,walk,sleep	000000=000000 003757=494439 1f578f=776437 2f9fdf=d3a156 3f2f00=3f2f00 3f77c7=a87d3c 4f0000=4f0000 67c7ff=edd176 8f979f=8f979f 970000=912245 c74f00=cc4759 c7c7cf=c7c7cf e76767=e56969 ffffff=ffffff
477	sleep	000000=000000 3f3737=3f3737 4f4f4f=424d61 676767=4f6677 87878f=71879b 9f0000=8c000e 9f6700=9f7100 bfc7c7=b9cdd7 c7a700=ceb115 d73f00=c42600 e7d700=f5e66c
478	idle,walk,sleep	000000=000000 4777ff=4879a9 572f9f=421e84 67a7ff=67b0ce 67cfff=a8e2ff 8f67bf=7d56ad 9f0000=8e2d64 bfcff7=bdd5dc d73f00=c854a9 dfb700=dfb700 ff875f=f89ee4 ffffff=ffffff
479	idle,walk,sleep	000000=000000 0067b7=0067b7 1f7fcf=1f7fcf 378fdf=f07018 4f9ff7=f88058 576767=576767 67b7ff=f8a878 7fcfff=f7bf8f a70000=990033 bfefff=f0c8b8 cfc7cf=cfc7cf d75f1f=c02020 ff875f=f83038 ffaf7f=ff988e ffffff=ffffff
479-mow	idle,walk,sleep	000000=000000 11b700=11b700 1fcf2f=1fcf2f 2e4833=2e4833 37df37=af937c 4ff76e=d3b196 78ff84=e2bea1 9bffa4=ffd8b7 a70000=a70000 bfefff=bfefff cfc7cf=cfc7cf d75f1f=cc345c ff875f=ff4274 ffaf7f=ff68ab ffffff=ffffff
480	idle,walk,sleep	000000=000000 4787ef=ac6a31 67b7ef=eebd62 8f673f=8f673f 9fefff=ffe69c cf3f00=cf3f00 df8727=a73f0f efb700=df771f ff3f00=ff3f00 fff700=ffae55 ffffff=ffffff
482	idle,walk,sleep	000000=000000 1f77d7=c98e28 276f87=395fad 478fa7=4e77c9 5fb7c7=5a89e8 67a7ef=e5b569 afd7ff=ffe69c cf3f00=cf3f00 efb700=efb700 ff3f00=ff3f00 fff700=fff700 ffffff=ffffff
483	idle,walk,sleep	000000=000000 002787=034747 0057af=087777 0f87df=4cb2b2 1f47ff=3a93ff 4f97f7=a0efe1 67bfe7=7cd372 7f9fcf=a0ad7e 97e7f7=9aef92 a71700=a71700 afbfe7=bdcdac c7ffff=d1ffcc dfe7f7=e9f4e3 ff2f00=ff2f00 ffffff=ffffff
484	idle,walk,sleep	000000=000000 4f3f5f=484345 777797=7a7275 7f2f77=733a51 977787=a0708a afafcf=b2abb5 b74fb7=ad6283 bf97a7=c191ab cfbfc7=dbbaca d73f00=d73f00 d7d7e7=d7d7e7 e77fe7=ea8fb9 e79f7f=e79f7f e7dfe7=f8e5ee ffffff=ffffff
484-origin	idle,walk,sleep	000000=000000 7f2f77=a32774 86748a=836a76 afafcf=afafcf b74fb7=e552ad b899be=bd93a7 d73f00=d73f00 dadaf3=dadaf3 dbc1e0=dfbacc e8796f=e8796f efe3f1=efdce5 f1aba6=f1aba6 ffffff=ffffff
486	idle,walk,sleep	000000=000000 1f9fe7=3f928d 278f00=408267 4f474f=4f474f 5fc737=5ab58c 7f7777=7f7777 97afcf=969696 9f7700=394056 bfcff7=b1c5c6 cf0000=b65042 d7a700=545f80 d7e7ff=d0e8ea e7d700=7f8ebb fff797=bdcbf9 ffffff=ffffff
487	sleep	000000=000000 37372f=2f3137 57574f=4f5357 777777=af7f5f 8f9797=d9b386 9f0000=279fd7 af7f00=676f77 b7b7bf=ffe7bf d73f00=77dff7 d7a700=8f9faf efcf00=b7bfc7 fff700=d7dfdf ffffff=ffffff
488	idle,walk,sleep,faint	000000=000000 577fbf=39204a 77a7ff=523173 a75777=397b83 af874f=af874f afcfff=944aac cf67a7=52acc5 e7bf6f=e7bf6f efafcf=8bd5cd f7d7ef=eee6c5 ffe78f=ffe78f ffffff=ffffff
489	idle,walk,sleep	000000=000000 0767af=2c75a5 178fff=369be2 4f77c7=299393 674f1f=674f1f 77afef=59c1b5 97dfff=8be8de c7171f=bc9020 c7c7c7=c7c7c7 cfffff=d1ffee ef3f57=eae164 ffffff=ffffff
489	faint	000000=000000 0767af=2c75a5 178fff=369be2 4f77c7=299393 674f1f=674f1f 77afef=59c1b5 97dfff=8be8de c7171f=bc9020 cfffff=d1ffee ef3f57=ef3f57 ffffff=ffffff
490	idle,walk,sleep,faint	000000=000000 377fdf=1e8e8e 378f77=28715d 3faff7=38c1b6 670000=670000 7fd7e7=8be8de 971f37=971f37 bfefff=bcfff5 cf3f67=cf3f67 cf8f00=a39800 efb700=d7ce00 ffcf77=ffff73 ffffff=ffffff
491	idle,walk,sleep,faint	000000=000000 271f47=281048 47376f=381878 4f8f8f=008000 67b7b7=20c810 8f9797=8f9797 9f0000=902870 b7b7bf=b7b7bf d73f00=d81080 d7dfdf=d7dfdf
492-sky	idle,walk,sleep,faint	000000=000000 2f6717=004858 479717=00a090 77b747=33cc99 9fdf47=99ffcc af0700=af0700 af9797=af9797 c7b7b7=c7b7b7 c7f787=d1ffe8 dfd7d7=dfd7d7 e73f37=e73f37 efefef=efefef ff6f4f=ff6f4f ffffff=ffffff
494	idle,walk,sleep	000000=000000 395aac=087394 73acff=20b4ee bd4a00=bd2908 c59c5a=bdbdbd ff6a18=ff4118 ffe6ac=ffffff ffffff=ffffff
495	idle,walk,sleep,faint	000000=000000 27873f=377767 5fb747=479777 9fcf6f=7fd7af a76f00=a76f00 bf7727=8f7f57 d73f00=d73f00 d8b000=d8b000 dfaf67=d7b747 f8f000=f8f000 ff875f=ff875f ffe79f=ffe79f ffffff=ffffff
496	idle,walk,sleep	000000=000000 050505=050505 208000=04484e 58b020=197d84 980000=980000 98c868=3eb3bc a06800=969b79 b08020=afb58d d03800=d03800 d0b860=ccd3a5 d8b000=d68120 f0e800=ffa338 f8f098=f8ffd4 f8f8f8=f8f8f8
498	idle,walk,sleep,faint	000000=000000 3a3837=3a3837 5b5756=87463e 990000=c63f6c 9b4c03=9b4c03 d13500=e75384 d16406=d16406 d9b200=d9b200 f08157=ff6698 f8912b=edcd40 f8f000=f8f000 f8f8f8=f8f8f8
499	idle,walk,sleep	000000=000000 3a3837=3a3837 5b5756=444859 990000=e07bbb 9b4c03=9b4c03 b2811a=5950a8 d0d8d8=d0d8d8 d13500=fe93d6 d16406=d16406 d9b200=6d65c6 f08157=ffade1 f8912b=ffb645 f8f000=8a7def f8f8f8=f8f8f8
501	faint	000000=000000 007898=4b85c3 31398c=2c4a7c 4a5a94=4d6c9d 58b8d8=53a7ff 70d8f0=79bcff adb5bd=b3ad92 bd7321=ac4b72 d6dede=d0d0bd dead63=cc994e ffe79c=be7691 ffffff=fffff0
503	idle,walk,sleep	000000=000000 213a63=141a4d 215a9c=193a63 2777b0=1d5370 4a4a4a=4a4a4a 5a7373=767d51 84a5a5=c5bd84 9f9fa6=9f9fa6 ad945a=bd735a c5c5ce=c5c5ce d65263=d65263 dece7b=de9c84 ffef94=f7bd9c ffffff=ffffff
504	idle,walk	000000=000000 151515=151515 423a31=423a31 7b524a=604840 9c6b31=806850 bdbdbd=bdbdbd c88c48=988060 d6bd94=dead63 f1e1c8=ffe79c f74a4a=008cff f8f8f8=f8f8f8 fad83f=adff00 ff9c29=63b500 ffffff=ffffff
504	sleep	000000=000000 423a31=423a31 7b524a=604840 9c6b31=806850 bdbdbd=bdbdbd c88c48=988060 d6bd94=dead63 f1e1c8=ffe79c f74a4a=f74a4a f8f8f8=f8f8f8
505	idle,walk,sleep	000000=000000 423a31=423a31 4f4a4a=4f4a4a 6f312b=5a294a 8b3c32=73315a 9e564c=943962 a99988=887850 cfc0ae=b09858 e2d5c2=e0c878 f74a4a=ff845a f8f8f8=f8f8f8 fad83f=8cffb1 ff9c29=33d06e ffffff=ffffff
506	sleep	000000=000000 525252=3f583e ac6252=917448 ac8b4a=ac8b4a c53931=c53931 cdac62=cdac62 d58b5a=c19b60 f66252=f66252 f6d594=f6d594
507	idle,walk,sleep	000000=000000 272e47=535353 31394a=727272 4a3110=4a3110 4a4a6a=929292 945a31=a0774d a10200=a10200 bd8352=ecba78 c5ac6a=d1b98f d53b2d=d53b2d f8e098=f8e098 f8f8f8=f8f8f8 ffe6ac=fff4c2
508	idle,walk,sleep	000000=000000 263c59=223c32 2b4567=255340 2f5f6e=7e696a 336879=a7939c 787878=787878 bf7521=885e27 d2843f=b16d2f e48534=c67830 ffec95=dca816 fff4a1=f3bf2e ffffb6=ffd150 ffffe6=ffffe6 ffffff=ffffff
509	idle,walk,sleep	000000=000000 008036=599b13 08b860=9ab24e 573f69=28395f 7352b1=3d4e77 9467cd=54648a a85c79=7f4fa6 c5a7a4=bab777 d87098=ad7bd6 ffdeac=efedc1 ffffff=ffffff
510	idle,walk,sleep	000000=000000 066636=066636 1d0534=522221 210d34=210d34 372845=422728 5a4173=5a3638 5a5210=a88952 836294=7d3c3d bd3983=c466a8 c84878=a14786 cda418=d5bb78 e67b9c=dd74be e878a0=e878a0 f6d541=f7dc8d f8f8f8=f8f8f8
511	idle,walk,sleep	000000=000000 006a2e=167752 008238=2ea743 18ab58=69cc55 805818=a4761d 9fcfb7=acfa91 c8a018=d5b550 f2b21d=fad665 f8e088=f9f08c ffffff=ffffff
512	sleep	000000=000000 017d35=046060 2fbd6a=3c967d 8b6b1a=8b5a1a 8c93a4=8c93a4 95d7ae=83c0af c3c9d6=c3c9d6 d7a700=c48f60 f2d690=ecc988 ffffff=e6e7ec
513	idle,walk,sleep	000000=000000 680800=8e4d25 805818=805818 bd4139=df803e c0c0d8=c0c0d8 c8a018=cbad6c e65241=f8aa47 f89018=ffd249 f8e088=f7dfa7 f8f8f8=f8f8f8
515	idle,walk	000000=000000 034c5c=1e8270 04657a=34ad9b 45beda=6be3d3 805818=976547 8ad3da=c0e2ef c8a018=d5a16f f8e088=ffd68d ffffff=ffffff
518	idle,walk,sleep	000000=000000 2a2f4a=2a2f4a 614291=4d6490 6d4b50=573899 8660b8=5986ad 91536a=63499d a489af=66ade0 af708c=7253b3 cf966f=c5869b e170a1=8d6fcf f7cfb6=f7c2cc
519	sleep	000000=000000 292929=292929 4a4a4a=3d527e 6b6b6b=7d8083 838383=919d9d a4a4a4=b2bdbd bd6262=e584aa e0e0e0=eeeeee
521	idle,walk,sleep	000000=000000 1c6b62=1e4e63 2e2736=3e241f 31a56d=32918b 454251=5f4744 6d6d82=736860 747d98=b5997e 9da5b3=d2c59e ae1571=803ca5 c56308=c56308 ced4d7=f3eed0 e43272=bb56c6 e962b3=e962b3 f2d01d=f2d01d
524	idle,walk,sleep	000000=000000 182039=2d0d33 29396a=50256e 42528c=713d8f 5a4131=4c4138 7b5a4a=6d595a 9c7310=b75e00 ffbd4a=ff7200
525	idle,walk,sleep	000000=000000 202939=1f1640 29396a=362967 41528b=553d7b 6078b0=81639e 9c7b10=cb481f c02d12=1495a1 e65a40=3bd1d8 ffcd41=fc8e58
526	idle,walk,sleep	000000=000000 202941=2c1e48 2f3e5e=4a3b74 445a88=6c5d90 4a4a4a=574949 6078b0=8c77bc 838383=877c7e ac2121=239a9e b89840=bf4117 c7443d=54d8cb d16863=9ef6f9 f0e048=e86f47
527	idle,walk,sleep	000000=000000 3e6068=2d384b 568c97=61b30b 798991=596195 8bc7c1=92cb68 c9e6f7=baf09b f088a8=de7388 f0c0d0=ffafb9 ffffff=ffffff
528	idle,walk,sleep	000000=000000 0060b0=f08e0b 1898d8=f1bb0d 3e6068=562002 798991=743507 a8b0b8=8ad385 d0d8d8=ccf2ca d83860=9f4475 f088a8=d176af f0c0d0=f7a0eb ffffff=ffffff
529	idle,walk,sleep	000000=000000 3b2b2a=3b2b2a 4e6099=885373 50403a=50403a 5a75ca=b55e94 665952=665952 7384db=c670a6 8c7b6c=8c7b6c a86460=738fae af0c00=af0c00 b5a4a2=b5a4a2 e29690=97cafa f3f1ef=f3f1ef ff3b2d=ff3b2d
530	walk,sleep	000000=000000 292119=501033 423129=803244 5a4a42=b05763 636363=665d62 842931=157483 a5a5a5=a79ea1 bd4242=2dafb3 d6d6d6=dad6d8 ef847b=ef9b7b ffffff=ffffff
531	idle,walk	000000=000000 006aac=006d4b 22a9e7=009871 9f272a=603375 a497ae=a497ae b47b37=b46f3c e0b36e=dea977 e1d3e1=e1d3e1 e35c7a=a263b0 e3ba78=dea977 f8f8f8=f8f8f8 fe98b1=bb86c8 fec2d2=cca9d7 ffeaa8=fde2b3
532	sleep	000000=000000 4d4d4d=9f003f 66472a=66472a 665f52=8f671f 805934=805934 998f7a=b79f4f b35968=c7171f cca37a=cca37a ccbfa3=d7c767 e67386=e74f47
533	idle,walk,sleep	000000=000000 693258=980f24 732941=892c00 7d6c64=8c6a38 832939=832939 9c4a83=d1463f 9c8b83=b6a264 ac2941=cb5414 bd394a=bd394a c5bdac=dbca94 d56ab4=ea7c69 de525a=de525a f8f8f8=f8f8f8
534	idle,walk,sleep	000000=000000 3f3d39=3f3d39 5a3920=673141 5a5953=5a5953 6a2157=7c1020 7e1d2e=892c00 8b8b83=8b8b83 95337d=b03d30 99664e=a75e4b a9a9a0=a9a9a0 ac292b=cb5414 c59c73=cb826b c85cb4=e86e61 e1ba9c=eda28e fafafa=fafafa
535	idle,walk,sleep	000000=000000 007ada=d38d0a 1f9fe7=ffbb34 2d2e30=2d2e30 3b3d41=3b3d41 3eb7ff=ffdc8c 4a4c52=4a4c52 ff7070=ffe8d1 ffdda2=ccb9a7 ffe0e0=ffe8d1 ffffff=ffffff
536	idle,walk,sleep	000000=000000 2d2e30=2d2e30 2e719d=2e719d 398dc5=08c5d6 3b3d41=3b3d41 4a4c52=4a4c52 6eb8b7=d38e0e 7bcecd=ffbb3d 9f0000=9f0000 a1f2f1=ffcd7c bcd7d1=bcd7d1 cbc47f=c59c9c d73f00=d73f00 fff79f=ffded6 ffffff=ffffff
537	walk,sleep	000000=000000 0894d5=07bfa7 10417b=004f37 296aac=078787 3a8f75=b74f00 3abaf8=97dfc7 414141=414141 4bc29c=cf6f47 626262=626262 73e6cd=ff8f3f 980000=d7a700 d03800=ffff00 f0f0f0=f0f0f0
539	idle,walk,sleep	000000=000000 174f76=384282 1f77af=676bcb 2d353a=2d353a 47676f=516a75 679f8f=79a49d 67a7c7=9e97e5 a4ccc0=b3cecd afd7ff=d8c2f5 c1f7ef=d7f7f5 c71717=c71717 ffffff=ffffff
540	idle,walk,sleep	000000=000000 506d1e=00643e 684717=5e7100 6f9131=009f65 88888c=88888c 91bc42=0eb377 a6d850=47c091 af832a=799006 c6731f=d9311b dba73f=9dbf00 dddddd=dddddd f29532=f44f39 ffcd6b=cbf806 ffe6bc=f3ffa1 ffffff=ffffff
541	idle,walk,sleep	000000=000000 005711=66541a 007717=9d8949 426c00=546a02 69a210=6f8a09 8bc531=92af24 907800=907800 a4ee4a=abca38 dfb700=a4a88c fff700=ffffff ffffff=faaa95
542	idle,walk,sleep	000000=000000 007717=2c860b 27873f=59b017 384030=384030 478f00=b1bf00 8bc531=ccdc00 907800=b88500 a4ee4a=c7ea13 d73f00=da20bf dfb700=efb213 ff875f=ff00db fff700=ffd453 ffffff=ffffff
543	idle,walk,sleep,faint	000000=000000 007339=5a7731 00945a=77934f 084a39=3d531c 313139=313139 622031=622031 733141=733141 940041=7b4430 bd3152=96614d e6627b=cd8367 eeb408=eeb408
544	idle,walk,sleep	000000=000000 45454f=372f5f 575757=3f4767 6f4f8f=47376f 7f6f97=776797 af97bf=9f7fb7 bf8700=af5f77 cf3f67=57bf77 efbf37=f79fbf
545	idle,walk,sleep	000000=000000 383636=27474f 4f4f4f=47676f a050ac=478fa7 a11a35=9f0000 c178ba=67bfe7 d13d5b=cf1717 dfb700=6fc75f e05c5e=e74f47 f5e769=8fff67
547	idle,walk,sleep	000000=000000 266f1c=1c4ba4 3eb53a=2c7bd3 4ec856=2ba6da 57330d=554041 784713=6d5951 78664e=7a7a7a d73f00=b66700 e3bc86=b1b1b1 fadbaf=c5c5bc ff7237=f0aa00 ff875f=c54d6d ffe8c9=faefe3 fff0db=fffaf5
548	idle,walk,sleep,faint	000000=000000 296e0d=448610 43983a=63b947 619f3a=899f57 9b1909=4f4981 aed162=cedd5a d4e0c2=d4e0c2 d73f00=666da2 eaee82=ffff98 ffffff=ffffff
550	idle,walk,sleep	000000=000000 007010=037a00 008080=008080 406068=406068 408800=629903 58b020=7bc71c 788890=788890 980000=ae1616 a0b0b8=b4b585 d03800=e16030 f8f8f8=fff9d5
550-blue	idle,walk,sleep	000000=000000 0060b0=0879b2 007010=037a00 008080=008080 1898e0=29b2de 406068=406068 408800=629903 58b020=7bc71c 788890=788890 a0b0b8=b4b585 f8f8f8=fff9d5
551	idle,walk,sleep	000000=000000 3b321c=3b321c 716244=80743b a68f60=b39e5d afaeae=afaeae b75164=b75164 dec07f=f9f38d ed8599=ed8599 ffffff=ffffff
553	idle,walk,sleep	000000=000000 141414=3f2f00 212121=c7a74f 312931=e7cf4f 3a3a3a=ffe76f 562335=6f5737 7b314a=876f57 8484a5=8484a5 980000=980000 adadc5=adadc5 b55263=b79767 c5d6e6=c5d6e6 de6b84=d7b777 f7f7f7=f7f7f7
554	idle,walk,sleep	000000=000000 406068=406068 600000=7f2750 980000=a4526a a06800=b19428 d03800=e68b9c d0d0d8=d0d0d8 d8b000=c5b14c f88058=ffbd5a f8f000=ffe66a f8f8f8=f8f8f8
555	idle,walk,sleep	000000=000000 441212=48041c 575757=575757 741818=65182c 750000=870000 ac2018=811850 b3512f=b3512f b3751c=bf8700 c8bfe7=c8bfe7 d14e3b=9f3f77 d47b4e=c7775f ee1010=e40f4d ee9e52=ef9f7f eec910=efc700 ffffff=ffffff
556	idle,walk	000000=000000 195033=195033 238918=5d963e 2d6b4a=c8057b 2ea422=68a149 37c629=8cc31e 5ff051=a3da36 c6b82b=b42470 e4115e=e4115e e4d432=de3b8d ff3a82=e3b319 ff80ae=ffc300 fff05d=ee64a4 fff380=ff8ac1
557	idle,walk,sleep,faint	000000=000000 2e2e2e=282828 406068=5b4e40 788890=73736a a05818=cc5422 a12e3f=a12e3f a3a3a3=91af40 ce4055=ce4055 d0d0d8=d0d0d8 d87018=d96f43 e88633=e78358
559	idle,walk,sleep,faint	000000=000000 68531c=874700 a82219=9f172f af8925=b76f00 b99b4d=af8f4f c8c8c8=c8c8c8 cfa720=df8f00 e0c16d=c6b368 e6483d=cf2737 f7d357=ffb700 f8f8c0=efe797 f8f8f8=f8f8f8
562	idle,walk,sleep	000000=000000 2f343b=2b2a53 313131=313131 424850=47466a 5e6a70=626180 718088=7b7a8f 8b5a20=626248 9f0000=9e8713 cd9110=93937f e02323=c9a333 f1bd10=b5b5b3 ff5657=e4c054 ffef47=cfcdc7
563	idle,walk,sleep	000000=000000 1de2ff=f9b8e8 3194ac=e67fca 395e79=be379c 4f4f4f=271f59 676767=36386b 980000=980000 a06800=777177 a0b0b8=a0b0b8 e60000=e60000 e8b403=939d9d ffef47=cadade ffffff=ffffff
567	idle,walk,sleep	000000=000000 086a5a=167dad 10a494=249ed8 1bbebe=26b0f1 31529c=1d7e7b 3183f6=29bbb2 3f65ba=229f98 9c4a4a=9c4a4a bd9452=ce9b69 c1c1cf=c1c1cf de524a=de524a f26f68=f26f68 f6cd62=edbb7e fbdf98=fcd9b0 ffffff=ffffff
568	idle,walk,sleep,faint	000000=000000 008be6=00da7a 103120=001c3a 184a31=06294d 296a4a=1e4a6d 313131=313131 4a8b6a=416b8e 736252=68744e a48b73=9aa56d ee52a4=a7bf00 f4f4f4=f4f4f4
569	idle,walk,sleep	000000=000000 004f37=07475f 009fb7=00c700 2bcce5=afef5f 375f4f=007787 47876f=009fb7 57a777=17c7e7 9f5f3f=4f4747 af7f5f=7d7376 afb7bf=afb7bf c7af8f=a79797 cf67a7=df8f00 ff87bf=ffc74f ffffff=ffffff
571	idle,walk,sleep	000000=000000 282c43=472f37 29898c=bfa707 3b4675=6f4f57 4fd6f3=ffe737 58565b=4f4f4f 7b747f=675f77 86233a=6f47af b92533=9777bf ffffff=ffffff
572	idle,walk,sleep,faint	000000=000000 574842=52313a 86777a=9c5b6e a69d9f=ad7384 aa4b4e=849429 cfccc6=dea5ad e28185=deef84 e9e5e3=e9e5e3 ffffff=ffffff
573	idle,walk,sleep	000000=000000 403840=4c3939 706860=705b3b 901830=6c0b76 989088=a1855b b0a8a0=b9a772 b0b0b0=b0b0b0 b84058=9e3293 c8c0b8=c9be9d e86090=d55ce1 e8e8f0=e8e8f0 ffffff=ffffff
574	idle,walk,sleep	000000=000000 1073b8=7b1073 182529=181b44 3c4e52=3e4164 626b6f=595c7b 63bef8=b72cad 7e888d=7e888d 8a677b=a66b84 ae3c18=7b1073 ba8ca7=d089a4 c1c1c5=c1c1c5 d1a9c7=e6a4bd f87550=ff42a5 ffffff=ffffff
575	idle,walk,sleep	000000=000000 1073b8=7e1182 193941=181b44 3c4e52=3e4164 626b6f=595c7b 63bef8=b937bc 8a677b=a55a79 a0b0b8=a0b0b8 ae3c18=b43676 ba8ca7=be889e d0d0d8=d0d0d8 d1a9c7=d6acbd f87550=e566a6 ffffff=ffffff
576	idle,walk,sleep	000000=000000 060606=000000 1073b8=7e1182 193941=27266a 3c4e52=424175 626b6f=5a5983 63bef8=a728aa 8a677b=9a4f6e a0b0b8=a0b0b8 ae3c18=c34b88 ba8ca7=c07f9a d0d0d8=d0d0d8 d1a9c7=cfa6b7 f87550=e566a6 ffffff=ffffff
577	walk,sleep,faint	000000=000000 006b00=325160 10a552=388283 218400=325160 4ade8c=59b4ab 5ab521=68897e 7bde52=b0cb9a 8cffce=98fcfd 9c0000=9c0000 ce9400=c56294 d63900=d63900 d6efa5=dbebbc f7e700=de9c94 f7ff73=f6deb4 ffffff=ffffff
578	idle,walk,sleep	000000=000000 006b00=325160 10a552=388283 4ade8c=59b4ab 5ab521=78948b 7bde52=b0cb9a 8cffce=98fcfd 9c0000=9f1543 d63900=c83b51 d6efa5=dbebbc ffffff=ffffff
580	sleep	000000=000000 2887a2=8d35a6 3fbfe3=b17ec8 69c0c3=e18598 a0eef0=f4c4c8 d8b000=c9a300 f8f000=fff70d
581	idle,walk,sleep	000000=000000 405680=405680 597eb3=5f5093 666666=666666 8ab8e6=887aba b8cfe6=bba9f0 ccb43d=ccb43d cfdae6=cfdcbf ffe14d=ffe14d ffffff=ffffff
582	idle,walk,sleep,faint	000000=000000 174b8c=812b82 326db7=a73ca8 4c97d5=b95fc8 6ec8f3=deb4fc 9ef9ff=ffdbff afb7bf=c0a9d1 d7dfdf=dad7e8 ffffff=ffffff
583	idle,walk,sleep	000000=000000 41479d=5b568f 49a5cf=7f81b9 649bb2=7571b6 6d9dd9=7f81b9 6eb2cf=9a9fd7 73c4e7=bcc3f2 76a9be=bcc3f2 9db8d9=9b88ad b9d9ff=ae93c8 d6e2ff=cac3da ffffff=f0f0f0
584	idle,walk,sleep	000000=000000 326db7=5f6fba 4c97d5=838fdf 6ec8f3=929de7 7d6a96=6a5882 9ef9ff=c7cfff afb7bf=afb7bf d7dfdf=d7dfdf ffffff=ffffff
585	idle,walk,sleep,faint	000000=000000 665448=665448 b0415b=b0415b ca644e=ca644e dabc84=dabc84 e5a734=f9a9f4 ed728d=ed728d f497b0=f497b0 f7d154=fcc8f9 fff2c9=fff2c9
586	idle,walk,sleep	000000=000000 261005=4a2513 4a2513=62421f 552d00=773f00 773f00=a75f1f 8e510e=a76f00 a4651e=b78727 bb2c4a=bb2c4a cf8737=d0a54f d7bf67=d7bf67 ff7097=ff7097 ff9800=ff9800 fff79f=fff79f ffffff=ffffff
587	idle,walk,sleep,faint	000000=000000 414141=735242 686868=a57352 c8c8c8=d6bdad d5a431=d5a431 f0d858=f0d858 ffffff=ffffff
589	idle,walk,sleep	000000=000000 2a5c83=25776e 393939=2c2b26 39719c=309489 4a484a=4a4944 6e6e72=807b5e 94949c=a19d88 9e2833=d353ae b2b2b2=bcbaa4 c13d5d=f861bf ddbd35=aec92f dddddd=d0ceb7 e86081=ff83d9 ffde52=cee759 ffffff=ffffff
590	idle,walk,sleep	000000=000000 4f4138=4f4138 635247=635247 bfbfc2=c0b598 d73f00=654ebc da8db1=ed9190 dddee4=dad2bd ff4b00=8b76db ffffff=ece9e1
594	idle,walk,sleep	000000=000000 153e57=2c774e 36617b=5daf78 602836=462860 be5380=884588 cb516f=884588 f7aa04=f7d404 f89dae=d194e3 fc6a86=a867a7 ffbdbd=ddb7ec ffdbdb=f9e3fd ffffff=ffffff
595	idle,walk,sleep	000000=000000 626ae6=52009c 836918=218400 94aaff=8c00d6 cda518=63b500 e7c030=adff00 ffe652=f7ff73
596	idle,walk,sleep	000000=000000 2f3d9f=133c70 473248=4b2f30 6772bf=085178 c7a0ca=3f4a4a d9abdd=606a61 d9bd00=ec9d0d e4bee7=828282 ecd32a=ffd427 fae979=ffe57b ffffff=ffffff
597	idle,walk,sleep	000000=000000 278700=0057af 47676f=2f577f 5fb727=0f87df 7f8f97=5f7f9f a76f00=a76f00 afb7bf=8fa7bf d7dfdf=bfc7d7 d7efa7=c7ffff dfb700=dfb700 ffffff=ffffff
598	idle,walk,sleep	000000=000000 04301b=2d0000 0b6538=852a39 218c52=b73f54 292830=424231 33b071=e35e6d 5a5a5a=6d6732 84848c=a19847 b5bdbd=c9c07c ced7d7=d4cd9c efbd4a=efbd4a
599	idle,walk,sleep	000000=000000 298587=29874f 383032=383032 3bb2b3=58cc4e 47676f=776c53 71d1d2=9dec89 7f8f97=9f9789 afb7bf=e1cd83 d7dfdf=fff3ac ffffff=ffffff
602	idle,walk,sleep	000000=000000 4c515d=4c5f85 727c92=7692b4 9f324a=9f324a b2bcd2=a8ccdd e6475b=e6475b fde01e=fdc01e ffffff=d5eff6
603	idle,walk,sleep	000000=000000 28374f=2a3e5e 47566d=475686 bb3f37=c84e13 c5ac7b=8f9b68 d0d8d8=d0d8d8 eedea4=c5cfb5 f5756c=f0834e f8f8f8=f8f8f8 ffd500=b2e149
604	idle,walk,sleep	000000=000000 28374f=116a37 47566d=3b9e68 68768c=77cc9c aa9b6d=97c5c1 bb3f37=bb376e eedea4=def8f9 f4e86b=f9f66e f5756c=f56c92 f8f8f8=f8f8f8
604-mega	idle,walk,sleep	000000=000000 28374f=116a37 47566d=3b9e68 5e6f74=5e6f74 68768c=77cc9c aa9b6d=97c5c1 aabbb7=aabbb7 bb3f37=bb376e ced5d5=ced5d5 e2b04b=acca44 eedea4=def8f9 f4c212=f4c212 f4e86b=d9ea5b f5756c=f56c92 f8f8f8=f8f8f8
605	idle,walk,sleep,faint	000000=000000 38ce69=af5189 40f6a5=c98cbe 557991=4a5c61 91baba=6f8a94 b6fae6=98bac0 d24400=d24400 f4ba0b=f4ba0b ffffff=ffffff
606	idle,walk,sleep	000000=000000 292929=292929 3f291b=362b27 466666=606060 6e9e3e=5e96d5 793c1e=6e402b 82c242=60b8ff a4624a=95675a c5a47b=b7a794 da8f6b=c9947f e3ab91=d1afa9 e6c5a4=d4c8c0 e6cd00=c4d80f e8f8b7=d7f5ff f40000=ff0085
608	idle,walk,sleep	000000=000000 302f2f=37312b 444343=413f3d 625d5d=575145 6b63bd=6d4a98 7384c5=a673be 7d7272=6c6658 8cbdf7=c7a5df adbdd6=adbdd6 bc8728=209090 bdffff=debef4 ffef5a=69cbe3 ffffff=ffffff
611	idle,walk,sleep	000000=000000 324219=4f432b 3a3a3a=3c3b3e 426b3a=636342 5a5a52=525258 5c8d55=7b8c4a 737373=62636a 757575=64656b 910629=0f4c65 9c9c9c=9c9c9c b52121=2994d6 d3562c=7bbde6 ffffff=ffffff
612	idle,walk,sleep	000000=000000 262626=262626 3d3d52=3d3d52 565667=565667 8c841d=473e33 9f0000=9f0000 ada521=5d5d51 d73f00=d73f00 d7c421=707070
615	idle,walk,sleep	000000=000000 1880ff=e0624d 18c2f8=ffce4b 373f8f=356586 607dcb=4eaee1 83d5ee=ffeea5 87adff=7ef1f6 b7cfff=c5fcfc ffffff=ffffff
617	idle,walk,sleep	000000=000000 040609=000000 225f00=ab174c 353535=353535 3d505e=3d4246 4d6070=565d60 5fb727=f94887 607283=696e73 66839e=919191 af3d39=c57a28 b74b61=d39739 eb726d=d39739 ec716e=fccc5c f4eded=f4eded
619	idle,walk,sleep,faint	000000=000000 3c3c3c=686868 4a4a4a=7b7b7b 610217=3a3aad ac0618=4a4ace cc162a=6b63f7 dfc165=ada58c ecd078=d6cea5 ffe082=efefce
620	idle,walk,sleep	000000=000000 684a8c=c03d7c 7b615e=645975 9473c5=da5c99 a42020=b30015 ac8bc5=ef79b2 b49e9c=9e93ae d1b9b5=c7bcce d4a445=a279c0 f3e5e3=e8dee7 ffda5d=d2a1f8 ffffff=ffffff
621	sleep	000000=000000 094b7b=0f5833 10719c=178433 2b9bca=27aa1e 414041=414041 a42531=d97549 a48d31=a27d6e a9c7d3=a9c7d3 e04b52=f9b954 ff745a=f1e180 ffffff=ffffff
622	idle,walk,sleep,faint	000000=000000 073430=073430 0d5360=271f47 106a7b=37475f 29838b=5f6777 29857b=5f7f77 5aaca4=7fa7a7 6a4100=6a4100 83cdcd=9fbfc7 9c7329=9c7329 c59c52=c59c52 d7c27b=7fdf57 ffeea4=afff3f
624	idle,walk,sleep,faint	000000=000000 424242=393737 6b6e6b=626262 943134=2557cb 999999=999999 bb7930=a37e26 bd4b4d=4273e6 bdbdbd=bdbdbd f79427=eacd00 ff8487=769fff ffffff=ffffff
625	idle,walk,sleep,faint	000000=000000 363336=363336 4b4848=4b4848 5e615e=5e615e 752433=752433 825227=826727 832839=4a2b9f 888892=888892 b4482b=5346c0 c19141=c1aa41 c7c7cf=c7c7cf c94420=c94420 f4d241=f4e941 ff757b=73a0de ffffff=ffffff
627	idle,walk,sleep,faint	000000=000000 29445a=41311c 4f5f77=70593e 738594=8e7454 9c0000=9c2700 b5c6ce=b5c6ce bd8d52=bd8d52 ce9c00=ce9c00 d63900=d66f00 dec27b=dec27b f6eeac=f6eeac fff700=fff700 ffffff=ffffff
628	walk,sleep	000000=000000 1862ac=b2232b 31314a=44301d 424260=533f31 525273=6e513e 732020=004a7f 8e2929=045c95 a43131=006bb1 acacb4=acacb5 b9b18e=b3aa84 bd9c10=d4a300 cdcdd3=cdcdd3 d5cdac=d6cda8 e6e6e6=e6e6e6 eed55a=f4cd00
629	idle,walk,sleep	000000=000000 444444=4f3333 7c6a65=734f38 a5908a=8c6e5b b67789=a44863 c4af8e=bcb7af d892a6=de6c99 f2d9b2=eaeaea ff0200=ff4700 ffffff=ffffff
630	idle,walk	000000=000000 101010=101010 4a3131=3c2829 525252=843d3f 624a41=554041 7b7b73=a26e44 947b62=9979c2 b45262=c94d7a b4a483=a69ca5 c5ac83=caaacf d53920=d55c00 e68394=e8669c eeeec5=e6e6dd f7f7f7=f7f7f7
630	sleep	000000=000000 101010=101010 4a3131=3c2829 525252=843d3f 624a41=554041 7b7b73=a26e44 947b62=9979c2 b45262=c94d7a b4a483=a69ca5 c5ac83=caaacf d53920=c94d7a e68394=e8669c eeeec5=e6e6dd f7f7f7=f7f7f7
631	walk,sleep	000000=000000 734939=3f3737 926e53=573f3f 9f0000=670000 bd9c7b=675f5f d73f00=970000 dbbe9e=8f7f7f dfb700=e74f47 ff875f=d73f00 fff700=ff7f57 ffffff=ffffff
632	idle,walk,sleep	000000=000000 414041=493836 5e6162=805d55 6a2c29=409848 9c9ca5=a8816e c5c2bd=e1b39b de5552=87d484 ebeae9=eee8c9
633	idle,walk,sleep,faint	000000=000000 12285f=244528 211921=211921 2f579b=466c38 372f37=372f37 474747=474747 578ada=70974e 732918=814440 932f5f=8b639c 9c4131=b94f4f
634	sleep	000000=000000 12285f=27282d 211921=211921 2f579b=5f8446 372f37=372f37 474747=474747 578ada=7fa758 772200=a25a6d 9c4131=ff8f87 d0e5e8=d0e5e8
635	sleep	000000=000000 12285f=244528 211921=211921 2f579b=466c38 372f37=372f37 474747=474747 578ada=70974e 622041=403656 8b2962=58456e bd527b=8b639c d0e5e8=d0e5e8
636	idle,walk,sleep	000000=000000 137baf=1e8049 272a27=202320 29baff=16af58 3f3f3f=393d39 646364=4c524c 704a27=704a27 9f0000=866409 a06f3d=a06f3d bdbcbd=bdbcbd d73f00=caa71b e4e2e4=e4e2e4 ff875f=f1d004 fff700=fffb76 ffffff=ffffff
637	idle,walk,sleep	000000=000000 0069a5=37a777 00c7ff=7fdf57 313039=37475f 41898d=575fa7 4c4c4c=4f5f77 74bcc0=979fcf 8b8d9b=8b8d9b b51818=af7700 bcbcc0=bcbcc0 bcede7=afcfff e32929=c7971f f45a22=efc700 ff7e4f=f7df5f ffffff=ffffff
638	idle,walk,sleep	000000=000000 18acb4=0867ae 317b8b=025287 484848=363232 6a6a6a=504848 836a41=67742f 8bb4c5=91bcac c49f61=97d336 c5deef=b8f8e5 e6cd7b=b9e570 f8f8f8=f8f8f8
639	idle,walk,sleep	000000=000000 24272e=39362d 464a51=59554d 47322a=751423 605043=ae2c2b 606060=80654d 63443e=67503e 8f939c=9f8760 917766=bca075 ab4924=1c7d8e afb8ca=b3a074 c3ac92=dfc597 f18c3c=46bdad ffffff=ffffff
640	walk	000000=000000 378234=b7412a 49494d=47438f 4c6956=797eb4 75b333=d96464 8bd72f=f0979b ab3724=6aab49 c8c8d4=c8c8d4 d3ac72=e1b684 e06b88=aed375 eeeef7=eeeef7 f7e7c8=efe8bd
641	idle,walk,sleep	000000=000000 095327=095327 318622=318622 430c6b=3e2b5d 552b9e=4a427b 62ac38=62ac38 7ad148=7ad148 7fa7a4=7fa799 8442ad=566290 ad7b4a=b07b33 c2d5d4=b5d1c7 deb56b=f1c561 ffc500=ffc500 ffffff=ffffff
642	idle,walk,sleep	000000=000000 212121=212121 25348b=63238b 29426b=24285d 310c6b=60137d 383838=383838 5284a5=43598b 5a42ad=912fa2 72b5c7=6280b0 7fa7a4=7fa7a4 98d6fa=84b4ce c2d5d4=c2d5d4 ffc500=ffc500 ffffff=ffffff
643	sleep	000000=000000 404058=4c4058 686890=686890 848796=9c6739 9898b8=9898b8 b1b9c9=b6952a c8c8d8=c8c8d8 d5e4f7=d4c151 e8e8f8=e8e8f8
644	idle,walk,sleep	000000=000000 181818=121c1a 205860=003a21 207078=10633a 209090=089c31 282828=283421 30b0b8=21ce5a 383838=314441 40c8e0=7be684 484848=3a5a63 686868=3a7384 982038=007f9c e03858=00c5ff ffffff=ffffff
645	idle,walk,sleep	000000=000000 634231=583422 7d1a51=ac3d19 7fa7a4=7fa7a4 84634a=6b4223 903508=ac4a12 942c44=c34e28 b0415a=df6924 c2d5d4=c2d5d4 c75921=cc792a df7a29=e39346 ec9930=f1bd54 ffc500=ffc500 ffffff=ffffff
645-therian	idle,walk,sleep	000000=000000 4c3015=4b2a16 714d2e=70462f 788890=788890 976338=95593a a81643=9b2b00 a8b0b8=a8b0b8 af4606=ac4a12 cb711e=d59536 cf4a64=e1671f d0a000=c88c00 d0d8d8=d0d8d8 f8a050=f1bd54 f8f000=fcd300 ffffff=ffffff
646	idle,walk,sleep	000000=000000 404040=283130 476b6f=504b67 686060=455151 82afc1=9886b6 888080=5d6969 a09898=6c7e7e afd5e4=c0b1da d5f2f0=d3d3eb e8b838=c444a8 f8e808=ef88d8 ffffff=ffffff
646-black	idle,walk,sleep	000000=000000 0036c0=007b37 222731=232231 343e43=343543 4e5e62=434f52 808688=5c675c 82afc1=9886b6 98a0a0=758079 afd5e4=c0b1da ce5298=ce5298 d5f2f0=d3d3eb e8b838=c444a8 f8e808=ef88d8 ffffff=ffffff
646-white	idle,walk,sleep	000000=000000 303028=2e2830 506060=7e7bd4 606060=31423a 889890=8494e6 908878=637363 b0c8b8=8ac0ed b8b098=798776 c0c0d0=c0c0d0 e8b838=c03acf e8e8f8=e8e8f8 f8e808=ef42b5
648	idle,walk,sleep,faint	000000=000000 2a2f4a=2a2f4a 2e6670=387227 4294aa=59b53d 49494d=49494d 695069=695069 6f8f47=476b60 91c151=7bb590 a6a6a6=a6a6a6 b0c6e0=7bf954 c5d278=9deaba c8c8d4=c8c8d4 eeeef7=eeeef7
648-pirouette	idle,walk,sleep	000000=000000 101010=101010 2a2f4a=2a2f4a 49494d=49494d 695069=695069 901840=901840 903800=83056d a6a6a6=a6a6a6 ad5239=b03b7c c8c8d4=c8c8d4 d88020=f96ebd e02068=d9712f eeeef7=eeeef7 f8b870=ffa5c5 ffffff=ffffff
649	idle,walk,sleep	000000=000000 2c1938=5e1717 482e59=8c2a2a 7b439e=ba3b3b a066c4=e54e4e a58dd3=bd7b94 ad4735=959bb2 bc93d6=ff7070 cdb4ff=ffb4cd d36450=b9bed7 d8972d=d8972d f3ae39=f3ae39 f48673=d5daef fbc6c9=ffffff
650	idle,walk,sleep,faint	000000=000000 482808=3b2522 578700=551a16 684820=5e3b35 8fb727=7e3226 a05818=a0632c b00000=b00000 b7d767=b24936 b87020=b77b3b d3c7cc=d3c7cc d85810=fee060 d8a860=dbb37b ffffff=ffffff
651	idle,walk,sleep	000000=000000 289703=6a1716 482808=3c1608 4f4747=4f4747 63cb21=982323 684820=57301d 8f1d10=861306 a05818=a05818 b1ef2f=ad4444 b87020=b87020 d3c7cc=d3c7cc d85810=fcba44 d8a860=d8a860 ffffff=ffffff
652	sleep	000000=000000 244216=551819 523d2e=551819 5c9940=7c3a3b 7e5e46=704432 7f7f7f=6d451e 8b1835=a11616 97c97e=ad6a69 b99662=4e6124 c5c0ba=a17952 df466c=d8582d e0cc96=8aa14b fafafa=ceac82 fff4d2=b4ce78
653	idle,walk,sleep,faint	000000=000000 941818=941818 ba6b3a=71758d c4c4c4=c4c4c4 d93b23=c62c49 e8a75d=83869a ff764d=e5364a ffe37d=acadb3 ffffff=ffffff
656	idle,walk,sleep,faint	000000=000000 00516c=00516c 007987=5a7f8b 20acbc=97bac5 2e5599=2f6998 455dcf=497da7 4cc9e3=bdddec 7f8f97=7f8f97 afb7bf=afb7bf d7dfdf=d7dfdf ffc981=face92 fff461=f7eb7d ffffff=ffffff
657	idle,walk,sleep	000000=000000 25377e=1f2a40 2b4599=2e394f 4367b6=435876 5a91ec=56758f 5eaadd=7ea6b5 78d1ea=afdbe5 999999=999999 c72f00=c72f00 d2d2d2=d2d2d2 d7bd60=bdaa5a f4e291=f8e6a6 fbfafb=fbfafb
658	idle,walk,sleep	000000=000000 1195f8=1ca8f3 1c2350=1b1a1e 2657ba=4c5258 303b8a=383943 3ec9ff=77d9ff 59172f=571714 a8c9e2=a8c9e2 c13069=bd2b2a c79562=3f3f49 eed19f=595e67 f46881=f03838 ffa8a3=f6715b ffffc9=6b6f73 ffffff=ffffff
659	sleep	000000=000000 582800=b7b4ab 615956=504840 804810=d4d5cd 928179=766f67 ada499=85837a b06828=ffffff cbc5be=9c9f93 f888a8=f8ac7c f8f9fc=f8f9fc
662	idle,walk,sleep,faint	000000=000000 343232=4a1d1c 4f4d4d=743939 57686c=8e4c4c 6f6f71=8e4c4c 92929a=a07d58 942e21=8b1f25 b3b3b4=b4956a ba7c05=ba8b09 da3b1d=cd1b1d efab00=f2c627 feda0c=fff753 ff6d3a=ff3d2a ff964e=ff7c65 ffffff=ffffff
663	idle,walk,sleep	000000=000000 343232=531a19 4f4d4d=993f3f 6f6f71=80553c 929294=a07d58 942e21=942e21 b3b3b4=b4956a c78a15=e2ae4a da3b1d=db3a3a efab00=ffd643 f3f3f3=f3f3f3 feda0c=f8f47a ff6d3a=eb655b ff964e=fc7f76
665	sleep	000000=000000 414141=776a52 535353=c8c7b6 6c6c6c=f9f9f9 757d71=3d3d3d 80827f=ab926a a2a2a2=bfb38c b11414=bd2435 c29854=ab926a c5cbc2=575757 f9f9f9=777777 fddaa1=d4c596 ff0000=fe485c ffd829=f9df6c
667	idle,walk,sleep,faint	000000=000000 272727=272727 352d29=9a7a5f 40372e=c29c7c 403733=403733 4f4f4f=4f4f4f 544945=d4ae8e b08a5a=e0d6c5 cea97d=f7f0e3 e84936=e84936 e9e7e7=e9e7e7 f3966b=f3966b ffffff=ffffff
668-female	idle,walk	000000=000000 008090=982828 10c0e0=e05050 503030=685c36 634242=8e8055 8c5a4a=b1a16c 905008=aa965e 982828=982828 c08838=c2af7b d0b860=e6d59e e05050=e05050 f1b30c=f1b30c f8f8f8=f8f8f8 ffe55a=ffe55a
670-eternal	idle,walk,sleep	000000=000000 254587=f183ae 27273c=27273c 3e3e4e=3e3e4e 5374bf=f4bac4 637173=637173 6b2421=6b2421 aa1327=aa1327 c5c7c7=c5c7c7 e64951=e64951 f12640=f12640 ffffff=ffffff
672	idle,walk,sleep,faint	000000=000000 007545=6b8001 009454=8ca104 44373e=443d37 4e4a49=bc9a1e 57a26a=a7c006 594c44=75706a 5f5d5e=e6c540 72655c=9d9488 8c8074=b8b1a7 bcb5af=bcb5af ca644e=c36f90 ffffff=ffffff
674	idle,walk,sleep	000000=000000 212929=4f271f 218400=38744c 4a4952=774938 5ab521=5ab521 646380=a76757 81818e=bf8777 a08f54=a08f54 e0d4ab=e0d4ab ffffd9=ffffd9 ffffff=ffffff
677	idle,walk,sleep,faint	000000=000000 303888=303888 788890=957592 a868b0=a868b0 a8b0b8=c0a6b9 d090d8=d090d8 d0d8d8=ddcee2 f8f8f8=f8f8f8
678	idle,walk,sleep,faint	000000=000000 208000=208000 303888=af8a41 485890=dcc572 5fbfdf=5fbfdf 6080a8=fdf4a8 77dff7=77dff7 788890=909078 9fffff=9fffff a8b0b8=b4b8a8 d0d8d8=d6d8d0 f8f8f8=f8f8f8
678-female	idle,walk,sleep	000000=000000 073777=b78727 373f8f=ffe78f 5f7f9f=977787 6787af=fff79f 7f9fcf=cfbfc7 bfc7d7=e7dfe7 d73f00=b70000 dfb700=dfb700 fff700=fff700 ffffff=ffffff
681	sleep	000000=000000 363836=3a2f3e 525552=574c5b 885fa1=b18d2e 8f675d=c7a35f 9c85e6=dac54c a4856a=decb6d b0b0b0=b03b38 b8a574=6b6b6b d4d4d4=e04b48 ebde7b=7d7d7d eef280=969696 ffffff=e04b48
681-blade	idle,walk,sleep	000000=000000 363836=3a2f3e 525552=574c5b 885fa1=b18d2e 8f675d=8f675d 9c85e6=dac54c a4856a=a4856a b0b0b0=b03b38 b8a574=6b6b6b d4d4d4=e04b48 ebde7b=7d7d7d eef280=969696 ffffff=ffffff
682	sleep	000000=000000 592e36=593679 c55f74=754b98 d09fb3=d09fb3 dbdef1=e8bcca ec8da1=8b6aba ffffff=f3d3de
683	idle	000000=000000 324448=393f41 47676f=60696c 890a5b=842445 afb7bf=bb8da4 c44496=c03d6a cf88af=674295 d73f00=dfb700 d7dfdf=d9b4c8 d977ad=eb6d92 dfb700=dfb700 ff875f=fff700 ffc7d7=956ed3 fff700=fff700 ffffff=efd1e1
684	idle,walk,sleep,faint	000000=000000 8f6673=63442e ce8099=795d4e d28fa5=6e4e3c f6b2c6=926f5c ff4680=a50039 ff719e=d1376b ffc3d5=b08d74 ffdfe9=e7bd8c ffffff=ffe79c
685	idle,walk,sleep	000000=000000 93213c=93213c 982b56=70021f 9f003f=9f003f a75777=523326 b79bb0=aa8961 cf477f=981336 d79faf=735142 dfbfd7=ccb190 fdc2c8=967460 ff77a7=c7204e ffffff=fef0c5
686	idle,walk,sleep	000000=000000 3b5c8b=86500f 5489c6=aa812b 565656=565656 65a7ed=c5ab2d a53f44=85549b afd3f6=afd3f6 e98387=a58fcb f3b761=eac72a f9feff=f9feff fcb8ba=e6caf0 fdec3a=fdf43a ffffff=ffffff
688	sleep	000000=000000 4a4d64=4a4d64 71759f=71759f 989bba=989bba a4b1cc=a4b1cc d9dfea=d9dfea
690	idle,walk,sleep	000000=000000 673838=5f2a6b 764f80=7159ac 770715=770715 7d8ea9=7da996 885e57=7e4382 a08473=a26398 b17fb5=7884cc c13232=c13232 c7d8e2=c7e2d9 dea7de=a6c2f4
692	idle,walk,sleep	000000=000000 00000c=00000c 305383=971f00 353435=c3c3c3 499bca=e73f00 5d5f5f=ffffff 81e1ff=ff6f4f baffff=ffaf8f bd9141=4f97ff c3c3c3=373737 f6d241=87d7ff ffffff=5f5f5f
693	sleep	000000=000000 0060b0=ea514a 303888=ae3a32 414041=4684ad 4191f9=ff7269 5d5f5f=62b9e7 735d4a=798288 73ceff=fc9d64 98f8f8=ffba72 bd9141=b2bac0 f6d241=ffffff
696	idle,walk,sleep	000000=000000 553f36=335691 776152=5891ca 7f7f7f=7a8183 9e8470=91b8df a4a4a4=a4a4a4 a8b0b8=a8b0b8 b81010=b81010 d0d8d8=d0d8d8 d87018=a4a4a4 fbab75=d0d8d8 ffffff=ffffff
698	sleep	000000=000000 0f3573=0f5973 4b5765=4e6a74 727fae=729eae 84a8b8=accfd1 9ad1f0=e4f8f9 dedded=dedded e58175=e58175 f1f0a0=f1f0a0 f6bdb6=f6bdb6 f7d5b0=f7d5b0 ffffff=ffffff
700	idle,walk,sleep	000000=000000 424642=424642 4294fa=c1436f 73d6fb=ee749f b5f7fd=f8a4bf d66b76=2882b9 d6adc6=d6adc6 efd9e7=efd9e7 f78ca7=67bff4 f9dae5=f9dae5 ffffff=ffffff
701	idle,walk,sleep	000000=000000 006b6b=3e3e52 00bc93=8984b3 378f77=6666aa 870000=3e3e52 8f0000=242432 91abab=a10e29 cf0000=3e3e52 cfddda=cd1b33 d7a727=d7a727 df3f00=699d2d e73f2f=4e4e62 ff771f=a0bd4c ffff4f=ffff4f ffffff=e73f2f
704	sleep	000000=000000 3da84c=55518e 58448e=963a47 71c47a=635fa8 7b5ebc=d57e8a 83de8c=928ec6 9171c4=cda166 a68ddf=f6b0ae b3335f=a31344 b693ee=dec36f dd668f=e25284 e0cbf5=fef4af ffffff=ffffff
705-hisui	walk,sleep	000000=000000 3c5369=54452f 63798e=77614f 8c9bab=9f8066 8c9cab=9f8066 bdc5d0=bca489 d6dae3=d9be92 fcf9ff=fcf9ff
708	idle,walk,sleep	000000=000000 16252e=16252e 27323c=27323c 374750=374750 37886c=9e321f 68471f=636a82 866845=8a93a2 9b8469=aab3c2 d66f86=6dabd1
709	idle,walk,sleep	000000=000000 343332=393837 394e41=5e3f3b 3d2817=7c7c7c 448462=a14a37 56ae7b=d1533f 80593a=afafaf 9f0000=9173c4 a07b5f=d1d1d1 d73f00=aaa8e9
710	idle,walk,sleep	000000=000000 382718=1c1c1c 483c28=303030 605543=424242 752b1d=5e2b55 8f7e6b=545454 c14e33=7c4472 e7aa46=c4ce35 e87a50=966a9a ffda4c=ebf469
710-large	idle,walk,sleep	000000=000000 382718=1c1c1c 483c28=303030 605543=424242 752b1d=5e2b55 8f7e6b=545454 c14e33=7c4472 e7aa46=c4ce35 e87a50=966a9a ffda4c=ebf469
710-small	idle,walk,sleep	000000=000000 382718=1c1c1c 483c28=303030 605543=605543 752b1d=5e2b55 c14e33=7c4472 e7aa46=c4ce35 e87a50=966a9a ffda4c=ebf469
710-super	idle,walk,sleep	000000=000000 382718=1c1c1c 483c28=303030 605543=424242 752b1d=5e2b55 8f7e6b=545454 c14e33=7c4472 e7aa46=c4ce35 e87a50=966a9a ffda4c=ebf469
711	idle,walk,sleep	000000=000000 372718=161515 483625=282828 614934=434343 8f4d49=6c3563 9e7f57=cd9c77 a68347=8d9122 c06d64=8f5497 c29b44=b9c026 dabb84=f9d09d f39984=b770c0 f6d241=dfe94b faff50=ecfaa1
711-super	idle,walk,sleep	000000=000000 482a1e=222227 5d402d=3a393e 7a5f45=535355 9c3622=621a7c 9c7855=9c7855 d1ac6a=d1ac6a d46a4e=85499a d6a137=ada629 eb967a=a36caa fcd841=d1db2e ffee5d=f3f765
712	walk,sleep	000000=000000 225c69=225c69 6891a8=5a99bc 9068da=6eac6b a6d6f0=87d5ff b8b8b8=cbc15a d0f0ff=bfeaff ffc42d=faee79 ffffff=ffffff
715	idle,walk,sleep	000000=000000 463734=478071 479a91=942841 572f9f=4a3636 695652=61c179 6dc4bb=b33f52 8f67bf=61504d a5a8b3=a5a8b3 b02210=4e4194 d73f00=7564b9 e4e2d8=e4e2d8 e6d35d=e6d35d
717	idle,walk,sleep	000000=000000 003584=003584 0281ff=0281ff 1b1d21=a4a6a7 2c2831=2c2831 3a434c=c3cbd3 4c4856=4c4856 6d0000=6d0000 888593=888593 9e1717=9e1717 b5bfca=b5bfca f74125=f74125 ff8442=ff8442 ffffff=ffffff
718	sleep	000000=000000 101010=557676 1b1d1a=839d9d 282d27=b8cbc9 35562c=1d7a61 3c4339=fafafa 52813b=2bb28e 8e967e=cacaa0 93bc3e=37e0b3 d1dab6=ededa7
719	sleep	000000=000000 584e54=252425 646486=454753 777b94=565961 9191ac=707179 ccb274=ccb274 d0474e=d0474e db67a5=db67a5 dfc9df=fa508f eee8ae=eee8ae fae7f7=fae7f7 ffb5de=ffb5de ffffff=ff78b5
720	idle,walk,sleep	000000=000000 494542=7a6838 5c6882=a68e4c 68635f=a68e4c 6eb123=d33719 82285c=8d5d2e 892a60=8d5d2e 8f9ec1=d1b962 b28d13=b28d13 b73c82=a57338 becff7=ffff86 d3a717=d3a717 e157a4=c39917 f9c51a=f9c51a ffffff=ffffff
720-unbound	sleep	000000=000000 3d3732=3d3732 605852=605852 606a96=afa842 82285c=5e4f23 968c84=968c84 979cc1=e0d954 aa8c00=967424 b73c82=7c6933 bec8e0=fcfb59 ddc13e=cc9c2c e157a4=a08841 ffff68=e5b137 ffffff=ffffff
721	idle,walk,sleep	000000=000000 25253b=25253b 393547=393547 52b2ff=52b2ff 73ceff=73ceff 7e091a=cb612b 942430=e1a840 b7bfc7=b7bfc7 b8404d=edd639 bd2b2b=be7c07 c49303=f54962 f0522e=f0522e ffc842=f77596 ffffe6=ffffe6 ffffff=ffffff
722	idle,walk,sleep,faint	000000=000000 272727=272727 2a6f6f=17445c 2fae6e=1a85a6 349278=126d89 6b747e=6b747e a37547=3f867c aa5d2e=982929 bdbfd3=bdbfd3 cb997b=54b493 dabb9e=91deb7 e17b3d=e13d3d e8e8f8=f0f0ee ef994b=ff0000
724	idle,walk,sleep	000000=000000 08613f=206880 0b8255=4088a0 0c363f=0c363f 0e4525=004858 145c6b=145c6b 700707=700707 8c8c87=8c8c87 945f3a=204048 b54414=9c0000 bc7c52=385860 ca9877=587870 ccccc4=ccccc4 e7652e=d63900 e8e8df=e8e8df
725	idle,walk,sleep,faint	000000=000000 1e212b=c6c6c6 2c3840=e6e6e6 3b5154=f7f7f7 801f27=801f27 9e9e9e=9e9e9e bd4b6c=bd4b6c c23c45=c23c45 d6a100=d6a100 de4f43=de4f43 e9ebeb=e9ebeb f07c4a=f07c4a ffea00=ffea00
726	idle,walk,sleep	000000=000000 182c29=87878f 2e3b38=d7d7df 4a505a=ffffff 9c2400=9c2400 cd5d29=cd5d29 d5c6c5=d5c6c5 f6e24a=ffff8f ff9539=ff9539
731	idle,walk,sleep	000000=000000 232829=2c3335 2b99d4=46b45a 383d3a=454b4c 404440=404440 474a53=61646c 4f4f45=60615f 96cdea=b3dba4 a0a09e=afafaf a82e20=a82049 aebcc5=c9d2d8 db4d3d=e43c78 ed968c=f9a4be ffffff=ffffff
734	idle,walk,sleep	000000=000000 404040=404040 703800=703800 9f5f3f=9f5f3f b7b7bf=b7b7bf c78f67=c78f67 d8b000=ae78b6 f8f000=ddbbec ff546c=ff546c ffffff=ffffff
736	idle,walk,sleep	000000=000000 5c402c=4a5767 818c9a=818c9a 85572d=818993 aa402d=981a2b aab2bb=aab2bb c8cdd2=c8cdd2 ca9f59=dc6156 d96f48=d54e4b e0e7ee=e0e7ee ebb59f=e38080 f6d37b=f09087 feffff=feffff
737	idle,walk,sleep	000000=000000 334d2a=67000d 4b667a=4b667a 4c733f=950e03 4caad9=4caad9 585040=585040 659954=b12d23 94bf86=d44a38 aaa6a6=aaa6a6 b37436=b37436 d5d1d2=d5d1d2 f8f8f8=f8f8f8 ffa64c=ffa64c
738	idle,walk,sleep	000000=000000 0a2a42=777f9f 154467=afafcf 25292f=1f3737 275f89=d7d7e7 37445b=37475f 3c91b2=ffffff 717da4=717da4 a5adc5=a5adc5 a66b48=9f2700 d9bc17=5fb747 ea9454=af5f37 fdfdfd=ffffff fff57c=afef5f
739	idle,walk,sleep	000000=000000 4485b9=d03800 463889=463889 68b6cc=ff5f2f 6b42b9=6b42b9 6c754f=876f4f 7ad0da=ff975f 8e6cce=8e6cce c0b974=c78f67 c2afe4=c2afe4 dae6aa=efc787 f3f2f4=f3f2f4
740	idle,walk,sleep	000000=000000 3cacdc=d1583f 434777=402e59 662f37=662f37 6f7299=5b4b80 809397=809397 98ddf9=ff9d89 b2c6cf=b2c6cf beb254=d1a44d de9292=de9292 f5eba0=ffd896 ffffff=ffffff
741	idle,walk,sleep	000000=000000 524a4a=ba2a32 7151bc=827df9 9e4e7e=9e4e7e a33238=36312f b5b5ad=b5b5ad de8bc4=de8bc4 f7363f=534e4d f7bbe4=f7bbe4 ffffff=ffffff
741-pom-pom	sleep	000000=000000 937a37=717974 9e4e7e=9e4e7e b99a30=bec1c2 c2c2bc=c2c2bc d3ce8a=d3ce8a de8bc4=de8bc4 f7bbe4=f7bbe4 ffe700=f6f6f6 fffde1=fffde1
742	idle,walk,sleep,faint	000000=000000 4a3d22=4a3d22 524a28=624a3c 7c563b=783f2c 917140=aa7361 9f7951=b2564b d0a227=f49faf d0ab71=e8ba9c d0c6ad=ebdace f7de5f=ffd0da ffffff=ffffff
745	idle,walk,sleep	000000=000000 383232=383232 5283b4=789a31 5aace6=b1cb59 5b5656=5b5656 684c43=3d527a a1a1a1=a1a1a1 a47d6a=6d82b6 d5a994=8fa6c7 d7d7d7=d7d7d7 e46f88=e46f88 ffffff=ffffff
745-dusk	idle,walk,sleep,faint	000000=000000 077e14=077e61 2db61b=63c499 342f2f=342f2f 5b5656=5b5656 9a3909=192c5b a1a1a1=a1a1a1 d7d7d7=d7d7d7 de6d1d=255785 e46f88=e46f88 ff974c=3e80a4 ffffff=ffffff
745-midnight	idle,walk,sleep	000000=000000 222222=222222 525252=525252 750000=182b59 9f0000=213979 a1a1a1=a1a1a1 bc0055=bc0055 d73f00=2e2da4 d7d7d7=d7d7d7 f42c86=f42c86 ffffff=ffffff
746-school	idle,walk,sleep	000000=000000 04195d=04224f 07233c=07233c 102533=152b41 114079=0a4264 143190=07297d 1d5ba7=0c5890 23404b=20424e 3b529e=2550b9 5d97d7=3d97df 7fd3f5=e8db83 829fd5=ac7e48 8bc4ec=7dbeec c0d4d5=d5903e ffffff=e8bb61
747	idle,walk,sleep	000000=000000 101010=101010 2b4c65=862b49 4572ab=b04a5f 4d3a55=a2655e 78c5ce=d46377 9345af=c17870 a6a1a9=a6a1a9 a96bd7=fdae9f b390bc=d1a39a b5e7ed=f8788e b99b46=b99b46 e4c156=e4c156
748	sleep	000000=000000 158cb3=932a49 51c7ef=dc5d86 8de3ff=ec8ca0 922d95=e392b9 bd470b=c94f11 be5dc1=ecc0d5 ea8142=f18b4e
751	idle,walk,sleep	000000=000000 0d2b39=20273c 145269=394c70 1b6d8c=4d6594 24404e=343c51 36a7d1=b1503d 4dcaf3=fc8070 648ca2=648ca2 728200=422652 99af00=5f3a76 a2e3f9=ffc6c3 b0cfe0=b0cfe0 c7e200=8250a3 caeffe=caeffe fefefe=fefefe
752	idle,walk,sleep	000000=000000 0d2b39=1d283c 1b6d8c=466694 24404e=313d52 43b2d7=b1503d 4dcaf3=fc8070 648ca2=648ca2 728200=422652 7a6345=121a26 937c4f=19222f 99af00=5f3a76 b0cfe0=b0cfe0 c7e200=8250a3 caeffe=caeffe fefefe=fefefe
753	idle,walk,sleep,faint	000000=000000 213e31=213e31 4b9e86=3ca892 59705a=627b64 5d8e5f=729e74 67c09c=76c49e 733240=1c5449 bf7181=2c8675 e08492=71c09c ebaeb2=ebc482 f5c1c7=f0d898 f7d1db=f0e6a1 ffffff=ffffff
757	sleep,faint	000000=000000 313131=333637 424242=515553 737373=b9b0c2 949494=f9f8fa a5423d=b34519 b59cdd=b59cdd d9c9f2=d9c9f2 e7523f=f16e29
761	idle,walk,sleep	000000=000000 536b49=31398c 70975b=5263b5 923544=923544 97c95b=849cff bab5c2=bd7321 c0ef85=b5ceff c13d5c=c13d5c c6606b=c6606b ddd8e5=e6b241 e6b241=e6b241 ffe777=ffe777 ffffff=ffffa5
762	idle,walk,sleep,faint	000000=000000 887272=887272 8ac031=9783aa 9fda3c=b3a9ce a24250=a24250 ac5073=ac5073 bcf55c=c9c2e7 bfbfbf=c7b68f c95e6e=c95e6e d0ff81=d7d2ed d75e8c=d75e8c e677a1=e677a1 eeeeee=d3d294 ffff29=9f81be ffffff=e5e7a7
763	idle,walk,sleep	000000=000000 536b49=31398c 70975b=5263b5 923544=923544 97c95b=849cff bab5c2=e6b241 c0ef85=b5ceff c13d5c=c13d5c c6606b=c6606b e6b241=52299c ffe777=8c63bd ffffff=ffffa5
767	idle,walk,sleep	000000=000000 5c7877=74807f 713e70=b12f26 867b73=867b73 8a9f9e=abb6b6 a65e97=ea6557 bed3cf=ecf1f0 ede650=ede650 f7f7f7=f7f7f7
768	idle,walk,sleep	000000=000000 2d5c3b=1f479f 363749=363749 3a4645=4f474f 497155=377fdf 4d5664=4d5664 758d8b=978797 764150=764150 774691=af1f1f 927280=927280 9eb6b4=c7b7b7 a869d1=e74f47 b99bae=b99bae cce1df=dfdfdf f0fff8=ffffff
769	walk	000000=000000 785337=2f3138 8e3636=c2a20a b74e4e=f9d92e bb8d73=403f4a c9aa8b=544e5a e3ca9f=635c6a ffffff=ffffff
770	idle,walk,sleep	000000=000000 5c3425=2e2c34 a31c2a=e2b800 b87652=4a4b50 baf2fa=baf2fa da9e6c=585961 ed5466=fff169 f7c488=6a6f75 ffdfdd=fac1be ffffff=4fa3c9
771	idle,walk,sleep	000000=000000 1f3737=008747 474f57=57a777 576f77=7fc777 97afcf=97afcf 9f3f87=cf7f00 ef4f9f=ffc700 ff87bf=ffe78f ffffff=ffffff
772	idle,walk,sleep,faint	000000=000000 18594e=18594e 232b62=232b62 2c7d5f=2c7d5f 2d2928=2d2928 394d82=394d82 3f3b39=3f3b39 4f5261=775748 595856=595856 70737b=8c7c5a 959799=aa9c7e 9c6150=9c6150 bfc6ca=d6c365 ca997f=ca997f
773	walk,sleep	000000=000000 185159=185159 232b62=232b62 2c7d5f=2c7d5f 2d2928=2d2928 394d82=394d82 3f3b39=3f3b39 595856=595856 6b6e70=867937 91a1bc=ae9f72 b1bac0=b1bac0 bbccdb=cec7a4 c03045=185159 e2eef5=edeccb f2f2f2=f2f2f2
775	walk,sleep	000000=000000 413e3c=413e3c 487e96=487e96 513a2a=6e6d77 71a7c6=71a7c6 78543f=b7b5bb 906838=9f3c7c 936b54=f1f3ff a5cede=a5cede ab5d27=ab5d27 bda66b=df73be d8cea2=f29de5 e5f2fc=e5f2fc f7c594=f7c594
776	walk,sleep	000000=000000 442727=442727 664644=664644 7e1f31=4f3023 87905e=5f969a be9113=be9113 c1c598=91bdbb c83537=785119 d9dec1=aacdc6 f96672=b37a2d ffee41=ffee41 ffffff=ffffff
779	idle,walk,sleep	000000=000000 36c2c8=bfcff7 762a9a=349548 89dee2=ffffff 9b69b4=5fda7b a76f00=b9892b bfcff7=bfcff7 e3b700=e9c632 e73f67=aa0f12 ff8faf=e75053 fff000=f8ee92 ffffff=ffffff
780-mega	sleep	000000=000000 1c1f25=1c1f25 218653=a2870b 32363f=32363f 3bb597=d8b800 3f4450=3f4450 555d6e=555d6e 7b8599=7b8599 98a3cd=98a3cd b9cbc2=e7dd7d d58294=d58294 e4ede8=fdffb5 e5b5d3=e5b5d3 f0d671=32363f
781	idle,walk,sleep	000000=000000 2e5162=a7343a 427e72=e85050 4aa59a=fa605e 5dc2a9=ff7674 6b543b=6b543b 9c7344=9c7344 af9e4f=a4a4a4 bd949d=b68590 c0833c=c0833c d03800=d03800 dece4e=cfcfcd f88058=f88058 f8f8f8=f8f8f8
782	idle,walk,sleep,faint	000000=000000 413e41=413e41 595656=595656 a0a0a0=bc9e15 bdbfbb=dbce41 d9a256=c55180 dcdcd6=f9f66c e8001e=e8001e edf0eb=f5ffb4 f488bb=f488bb f5e361=f488bb fff8a9=f2c1d9 ffffff=ffffff
783	idle,walk,sleep	000000=000000 2c2730=2c2730 3b3945=3b3945 7d542d=823f59 85858f=c7b316 b61649=b61649 b8bfc5=faf934 c7a348=c86389 d1e0e1=ffffa0 ddcf7d=e98fd5 e13e2b=e13e2b f7d85b=f178a5 fdfe9a=ffbae4 ffffff=ffffff
784	idle,walk,sleep	000000=000000 2c2730=2c2730 3b3945=3b3945 7d542d=701834 85858f=b3be29 b61649=9c1625 b8bfc5=e5df41 c7a348=c86379 d1e0e1=ffffa0 e13e2b=be1b1b f2815f=e95858 f7d85b=f178a5 fdfe9a=ffbae4 ffffff=ffffff
785	idle,walk,sleep	000000=000000 2a2323=34291c 3a3433=3a3433 4b4341=4b4341 51b19c=51b19c 91692e=2a2626 9d471e=c2714c beb0b0=beb0b0 c0a23a=34332b d66531=d4855d f3901e=f3a575 ffee57=4a4e46 ffffff=ffffff
786	idle,walk,sleep,faint	000000=000000 1f191c=1f191c 329672=329672 543248=543248 565656=384037 81eab0=81eab0 8a2e61=c14d57 a9c8ce=a9c8ce b23764=eb858d db67a5=202620 f94587=ffb0b7 ffb5de=4a5049 ffffff=ffffff
787	idle,walk,sleep	000000=000000 0d0909=0d0909 1f191c=1f191c 2f262b=2f262b 539e95=539e95 7c0002=252a22 9f1316=3d413a a49600=b39d48 b42125=4a5047 c9c4c6=c9c4c6 d3c318=c9bf5f d5272c=596057 eedd27=e7de72 ffffff=ffffff
788	sleep	000000=000000 191b19=191b19 282b28=232623 453b5d=2c3228 69568f=40443d 917abe=50574d 92a5c3=92a5c3 c1dafe=c1dafe c9c4c6=c9c4c6 ffffff=ffffff
790	idle,walk,sleep	000000=000000 050405=000000 414041=414041 4159b4=bd1a33 6a5239=6a5239 7fcfff=7fcfff 8a6d50=8a6d50 bdac62=bdac62 f6797b=f6797b f6ee83=f6ee83
791	idle,walk,sleep	000000=000000 019ffe=019ffe 1d3566=1d3566 29272a=29272a 345497=345497 7eb9e7=7eb9e7 931e14=931e14 939393=bd1a33 ba720e=ba720e bf3708=764d96 cfd3d0=d33049 f58256=8d66ab fede70=fede70 ffab28=ffab28 fffffe=f53f5c
793	idle,walk,sleep	000000=000000 124154=82613e 227da4=8d7000 6abde0=e4c23d 88b2ab=b09c84 8fdfff=f6e071 b8d1cd=ecd5a4 e5eceb=eceae5 ffffff=ffffff
794	idle,walk,sleep	000000=000000 121111=121111 282828=282828 5f4f4f=5f4f4f 611619=0b804e 7b7f83=7b7f83 91272b=4fce46 abb0b6=abb0b6 cc2109=cc2109 cf9742=cf9742 e8ba74=e8ba74 f28d2c=f28d2c f2bc2c=f2bc2c fd5735=fd5735
796	idle,walk,sleep	000000=000000 333435=4b9dd5 595b5d=4bb3ea 7b7b7b=61c8ff a4c1b6=97d2e6 b7fffb=b7fffb c27e41=c27e41 cdd7d7=c3dff7 d1a359=d1a359 f1f9f6=f1f9ff
800-ultra	idle,walk,sleep	000000=000000 66679c=66679c 77c7d7=77c7d7 7d5227=89a4b5 ab712d=a4c4d8 bc9549=8fbdd6 cccccc=cccccc d6b56d=a7cfe5 dcc996=c9eafc e64343=e64343 f2e397=f2e397 faedcf=e5f6ff ffffff=fafcfb
801	sleep	000000=000000 525252=686868 ad99a2=a1acac d6cbcf=b2c2c2 e6d05a=74807e fff28b=819693 ffffff=cdd2d2
803	idle,walk,sleep	000000=000000 271f47=3f4767 47376f=67879f 572f9f=afbfe7 5f1757=874700 6f47af=ffffff 9fb7ff=9fb7ff 9fffff=9fffff a7377f=df8f00 cfcfff=d7c7ef e757a7=ffc700 ffffff=ffdfff
804	idle,walk,sleep	000000=000000 523893=404947 545382=d47c1e 5a6185=5a6185 662e75=262b2b 6c86a1=6c86a1 7484b5=d1eb28 7b69a5=e3c024 8ed6d5=8ed6d5 aaa0ad=aaa0ad b0489b=7e8082 ca5198=b5b5bb e5d2e1=e5d2e1
805	idle,walk,sleep	000000=000000 16181a=1f1d13 2d2e30=695f13 505557=a67730 565751=694b2b 63655e=7d6d32 6d6f72=b59535 7289a6=7289a6 7be1f1=7be1f1 818579=8a833b 93988b=9dab44 939899=cabb37 ababab=c3de3e
806	idle,walk,sleep	000000=000000 00add3=00add3 00c6f2=00c6f2 484848=484848 cacaca=001682 e840b6=e840b6 ece816=ece816 ff4bc9=ff4bc9 fffb1b=fffb1b ffffff=0026c8
807	idle,walk,sleep	000000=000000 38c0e5=f9d325 3cdfe2=f9d325 41575c=416871 6f7e85=4a8c96 77faff=fdfe31 9aa1a8=7bacb8 ab812e=9baab8 c9dede=dbefef eab344=bbcdcd f2d356=dbefef fff273=ffffff ffffff=ffffff
808	idle,walk,sleep	000000=000000 4b4b4b=4b4b4b 81411b=81411b 838383=838383 961c0e=14559e bebebe=bebebe d11414=2280e6 d68414=9e6934 eaeaea=eaeaea f6be13=d49537 f8eba5=ffcb87
809	idle,walk,sleep	000000=000000 1c1c1c=1c1c1c 2d2c2c=2d2c2c 3c383d=3c383d 4b4b4b=4b4b4b 5d5c5d=5d5c5d 81411b=82290c 838383=838383 961c0e=173398 bebebe=bebebe d11414=185cdc d68414=d86317 eaeaea=eaeaea f6be13=eba272 f8eba5=fcd6b5
812	idle,walk,sleep	000000=000000 296f49=617c09 2e2323=3e1823 579f5d=a6b637 584545=58323e 7d6c61=907c71 9f8f7a=b1a08b a74d3a=a74d3a c08135=c08135 ceb596=dec7b4 d2b368=d2b368 f1d898=f1d898 fd8036=fd8036 ffffff=ffffff
813	idle,walk,sleep,faint	000000=000000 980000=df9300 a8b0b8=b49384 d03800=ffac0b d0d8d8=e9cabf f88058=ffbf76 fff700=ffd560 ffffff=fff2e5
814	idle,walk,sleep,faint	000000=000000 37393e=bfbfbf 5a5d66=e9e8e7 7d2411=741d0a 908585=868181 a03018=992b14 b4b4b4=999999 c84818=b34729 d4d4d4=bfbfbf d8a830=d8a830 ececec=e9e8e7 f0d070=f0d070 ffffff=ffffff
815	sleep	000000=000000 303888=dad6db 485890=fbfcfc 980000=bc5901 a8b0b8=987b78 d03800=e88300 d0d8d8=a49287 dfb700=dfb700 fff700=fff700 ffffff=c4b7a7
816	idle,walk,sleep,faint	000000=000000 0057af=0f87df 0f87df=67bfe7 1f9fe7=7f9fcf 7fcfff=afbfe7 97e7f7=dfe7f7 afbfe7=7f9fcf c7ffff=c7ffff d73f00=d73f00 dfb700=e73f67 dfe7f7=dfe7f7 ff875f=ff875f fff700=ff8faf ffffff=ffffff
821	sleep	000000=000000 042252=7f671f 1c1c1c=1f3737 23447a=bf9f5f 2f2e2e=47474f 4a4a4a=576f77 4d78b7=efdf9f 6f98d4=ffffbf 757581=757581 a5a5aa=a5a5aa d8b000=a5a5aa f8f000=f8f8f8 f8f8f8=f8f8f8
822	idle,walk,sleep,faint	000000=000000 26262f=2f3339 2e548e=6b6050 3f4048=50544d 457bb4=b09f84 5891b0=c9beab 657293=657293 65a0e0=c8b5a5 88b2c9=e8dccc 93a0ca=93a0ca b7bfc7=b7bfc7 c71717=c71717 ffffff=ffffff
824	idle,walk,sleep	000000=000000 342871=342871 4e46ac=4e46ac 805b40=805b40 9ea488=9ea488 c7bab1=c7bab1 cfb763=cfb763 d0881c=7981d1 f4ebb3=f4ebb3 f4f4ff=f4f4ff f8f8f8=f8f8f8 feda47=bab5f6
825	idle,walk,sleep	000000=000000 10bddc=10bddc 1480c8=1480c8 25fadf=25fadf 36305c=36305c 4e46ac=383b78 c93b18=c93b18 c97a2b=44478a e3ffff=e3ffff ecaa4a=6264ab f19f69=f19f69 fdda4d=9497d5 fff09a=babee5
826	sleep	000000=000000 4d3e3f=433542 574488=453374 6d585a=6d585a 6fa7e8=4cbfa7 8c7173=8c7173 a70a0e=444391 c0a24f=bf4769 e63337=6665bc e76161=8887d3 f7d342=ee7f95 ffffff=444391
827	idle,walk,sleep,faint	000000=000000 28201f=0e1a4a 3d3431=18355f 58524c=275b6b 87301f=74645b a14c2d=8b8276 aeb3b9=dad1bd c36a38=b5af99 d3dadc=f1edda f289a2=f289a2 f99b52=e8bf12 ffffff=ffffe7
828	idle,walk,sleep	000000=000000 29211f=29211f 3d3431=0a3b67 534744=1a5082 87301f=807362 a14c2d=9e968b b0a7ac=e2d5ce c36638=b3b0ad d9d4d7=f2eeeb f99b52=e1b640 ffffff=fffff7
829	sleep	000000=000000 445c44=445c44 602019=39626c 64996c=64996c 84c08c=84c08c 966f15=9f2a47 b5422d=81a9ba dedaa0=c3d8de e9bf20=d55b79 fde92b=de8a9b fefbc0=ffffff ff5b47=abcad2
831	idle,walk,sleep,faint	000000=000000 403433=c3b1ae 594746=f2e9ea 8a787d=453e3d 969493=969493 b5b1ac=b5b1ac c7bdbe=524948 d687a4=d687a4 e6cf2e=e6cf2e ffffff=6b6261
835	idle,walk,sleep,faint	000000=000000 5a9843=859549 97aab3=97aab3 ade17d=c0ce77 b0863f=db839b b50202=b50202 b58500=b58500 cbae7f=f3b2b8 cfdae4=cfdae4 dfb700=dfb700 e54167=e54167 fff700=fff700 ffffff=ffffff
836	idle,walk,sleep	000000=000000 3a4b40=522c4d 5a6b55=654359 828b7a=7b547a 8cb09c=88a966 a3968b=a3968b bd7923=908c29 c7a912=c7a912 d29e36=b3ba49 d6d1ca=d6d1ca d73f00=d73f00 e9d42f=e9d42f fbd541=dde27f fcfbf9=fcfbf9 ff875f=ff875f
841	idle,walk,sleep	000000=000000 2a4726=2a4726 553334=334127 5c8929=5c8929 83b641=83b641 882826=6c9344 966d3e=966d3e a5643a=a5643a c4a449=c4a449 c53431=a5e668 d3504d=dafda1 d5e28b=d5e28b fbd994=fbd994 ffffff=ffffff
842	idle,walk,sleep	000000=000000 414b41=414b41 5f7d5d=5f7d5d 732834=267556 75a870=75a870 835029=835029 af3044=4d9b3d bd7929=bd7929 c5db78=c5db78 db5d73=99dd7b e29a40=e29a40 f7cb83=f7cb83 fffed5=fffed5
844	idle,walk,sleep	000000=000000 251b14=251b14 273412=313939 3a3630=313939 43520f=4b4e4d 5c554b=5c554b 66b114=b18f13 70732b=6f7170 794f34=6a605f 880015=403659 8b8173=8b8173 9cd432=d1be24 9f7f53=98918b b4af9d=b4af9d f1eed6=f1eed6
845	sleep	000000=000000 1777df=df670f 1f479f=b74f00 1f97ff=ff9747 57b700=57b700 67879f=bf8f57 8fff67=8fff67 afbfe7=e7c7a7 d7a700=d7b777 dfe7f7=fff7e7 ffdf00=f7e79f
848	idle,walk,sleep	000000=000000 501581=8a2b4f 863f85=bd4c70 a661a4=ee6890 ac85cd=8366c0 d8d2dd=d8d2dd e6baff=b290f8 ffffff=ffffff
849	sleep	000000=000000 31305a=6b2d4a 4a3799=a83558 52462b=52462b 6a48b4=d1596f 8b69d5=ec748a 9b5bc1=9b36d6 ac8d29=ac8d29 d793ff=d98aff fed641=fed641 fff6d5=fff6d5
849-lowkey	sleep	000000=000000 006f84=006f84 31305a=6b2d4a 4a3799=a83558 59e4ff=59e4ff 6a48b4=d1596f 8b69d5=ec748a 9b5bc1=9b36d6 a6f1ff=a6f1ff d793ff=d98aff dffaff=dffaff
850	idle,walk,sleep	000000=000000 5b2f26=2a6870 681607=681607 804a3e=5697a0 942d1b=942d1b be5409=be5409 bf3922=bf3922 f89e08=f89e08 ff5839=ff5839 ff836c=ff836c ffd901=ffd901
851	walk,sleep	000000=000000 42221c=0d4452 5b2f26=2a6870 681607=681607 804a3e=5697a0 b96f5d=8ac8c4 ba2a29=ba2a29 d94b0a=d94b0a e49616=e49616 fc6e11=fc6e11 fe7a6e=fe7a6e ff3e45=ff3e45 ffd901=ffd901
853	idle,walk,sleep	000000=000000 181f53=570f09 243597=8a2119 2d292e=beaeac 414044=ffffff 4255bf=cb3328 59975e=59975e 8b97d8=ed4e42 a56e10=a56e10 a6b636=a6b636 bb9812=bb9812 bee8eb=e2bfbc e0dc18=e0dc18 fafafa=fafafa
854	idle,walk,sleep	000000=000000 2f7567=c05282 429584=bf7797 69bcac=ef87a7 7b4c8e=7b4c8e 9455b4=9455b4 a8dcd4=ffc7e7 b98d35=b98d35 be7dd0=be7dd0 ca9863=ca9863 d5d2c5=d5d2c5 ebedee=ebedee edc32c=edc32c
855	idle,walk,sleep	000000=000000 2f7567=d563a4 429584=ea88cc 591f71=591f71 69bcac=f8ade2 7b4c8e=7b4c8e 9455b4=9455b4 a8dcd4=fbcff6 ada99b=ada99b b98d35=b98d35 be7dd0=be7dd0 ca9863=ca9863 d5d2c5=d5d2c5 ebedee=ebedee edc32c=edc32c
856	idle,walk,sleep	000000=000000 475a75=9e808f 4b8695=bca0ae 63a7b7=ceb3c1 814b52=814b52 88cbfa=e7d7d8 986227=986227 abe7fe=ffeff0 c07c3e=c07c3e f18d3a=f18d3a f7a4ac=f7a4ac fed0dc=fed0dc ffecec=ffecec
860	walk	000000=000000 141428=959cb7 158238=7a256a 272741=e8e8e8 2cc25c=a84693 b70e0e=b70e0e bb1e47=035b8b bfcff7=bfcff7 c32121=c32121 ed3b6a=0093b7 ffffff=ffffff
867	idle,walk,sleep	000000=000000 3c373c=434046 474d54=3d3860 726e74=897f90 918d94=aca2b0 9672b1=8fcdd1 a20b4a=96199e acaab0=dedade b73634=c71ba9
871	idle,walk,sleep	000000=000000 271e27=21221d 392c39=30312b 564555=494b42 675567=595a51 817471=817471 a79693=a79693 c3862b=dc3700 d1b649=e5913e efc348=fb8041 fff46a=ffd555
873	idle,walk,sleep	000000=000000 262a71=0f4a37 3a3fad=3c952e 4950db=227149 5d6f91=5f8361 95a1c3=a0b8a4 9aabbc=819c7e 9fca90=9fca90 b8c5e6=afd5b4 c6d2f1=c9e3cc c7f098=f8ab9a d3dded=d9e7da e7f0f8=f3f8f2 e9ffda=e9ffda ffffff=ffffff
876	sleep	000000=000000 0d96b4=0d96b4 261435=3b4d6c 3f2d61=31405b 4f3c73=517990 5d4788=6d8997 685f81=796ca5 787388=8e88b6 a39fc2=c5adb0 bfbdcd=c5adb0 dddce8=c4c3ae ecfffd=f1f0de ff4646=ff4646
876-female	idle,walk,sleep	000000=000000 261435=261435 351c00=785170 402d61=38526b 4f3c73=537b8c 5d4788=799fa5 62421f=865f7e 685f81=7763a0 787388=998bbb a11194=a11194 aaa9b4=c1a5ab d3d1ed=dedccd ecfffd=fbffe7 ff4646=ff4646
877-hangry	idle,walk,sleep	000000=000000 384143=384143 565c5b=565c5b 763991=4e4e9f 915ca3=6561a1 dc1918=dc1918 ea7a7a=ea7a7a ffb8c7=ffb8c7 ffffff=ffffff
879	idle,walk	000000=000000 1b3837=193021 24514f=244a3c 396b69=386252 3a8585=4f8873 3d3c46=3d3c46 3d927e=5d9a9a 63b19f=94cbc5 738b93=738b93 793d1c=79561c afb8c0=afb8c0 c75f1e=c7881e ff8447=eec954 ffad6f=f8ee8e ffffff=ffffff
884	idle,walk,faint	000000=000000 111c42=171f77 178127=b79f4f 1b2c6a=0057a7 3d4052=3d4052 535a64=3f576f 5a70a9=67a7ef 727d8a=37778f a4acb7=7fa7a7 bf5151=e8f6fe c88f0d=df6f3f dadde1=cfe7e7 f8f000=ffa747 ffffff=e8f6fe
888	idle,walk,sleep	000000=000000 284764=375787 34313e=34313e 3f75a4=3f7fc7 4f4f76=4f4f76 70a3e0=7fbfe7 893120=072757 b58a3c=9f9787 cd442b=2e4263 e8c588=c7b7b7 ed6c6c=275f7f fef2d1=efefef ff9595=1f77af
888-crowned-sword	idle,walk,sleep	000000=000000 284764=375787 34313e=34313e 3f75a4=3f7fc7 4f4f76=4f4f76 70a3e0=7fbfe7 8f4e2f=8f4e2f b58a3c=b58a3c bc3c24=2e4263 e89338=e89338 e8c588=c7b7b7 ed6c6c=1f77af fef2d1=efefef ff9595=7fbfe7 ffdc66=ffdc66
889	walk,sleep	000000=000000 1a182b=1a182b 242435=242435 252c63=502229 323c94=712d39 4d4de8=9d3747 5c617c=5c617c 650e0e=794059 a1a9ba=a1a9ba af1010=ae5c84 e13737=e372ab e6e7eb=e6e7eb f65f5f=ff8ec7 ffd74e=d2d06a
889-crowned-shield	walk,sleep	000000=000000 1a182b=1a182b 242435=242435 252c63=502229 323c94=712d39 4d4de8=9d3747 5c617c=5c617c 650e0e=794059 8f4e2f=7a764b a1a9ba=a1a9ba af1010=ae5c84 d79a53=afac4c e13737=e372ab e6e7eb=e6e7eb ffd74e=d2d06a
890	idle,walk,sleep	000000=000000 312855=4b0040 4a3d7d=6f0052 5d5ab1=900378 7b82f7=ba417c a8151f=a8151f be4c56=be4c56 cf2934=cf2934 fab6db=fab6db ff5552=ff5552 ff5858=ff5858 ffffff=ffffff
891	idle,walk,sleep	000000=000000 2e363c=2e363c 827969=827969 abb7c3=abb7c3 ac9c91=ac9c91 c2b8af=c2b8af d0dfe3=d0dfe3 d5bd7d=f17463 edfafa=edfafa ffffab=ffa177
892	idle,walk,sleep	000000=000000 2f2f2f=2f2f2f 424142=424142 52595a=52595a 6b797b=6b797b 918836=914037 bdbec5=bdbec5 bec6cd=bec6cd d7ce33=d6715f fff700=ff927e ffffff=ffffff
892-rapid-strike	idle,walk,sleep	000000=000000 2f2f2f=2f2f2f 424142=424142 52595a=52595a 6b797b=6b797b 918836=914037 bdbec5=bdbec5 bec6cd=bec6cd d7ce33=d6715f fff700=ff927e ffffff=ffffff
894	idle,walk,sleep	000000=000000 003494=dadada 006dcd=f8f8f8 414041=414041 4f4242=4f4242 928f16=928f16 c5c239=c5c239 dee154=dee154 f1f43f=f1f43f fef9b4=fef9b4 ffa194=ffa194
895	idle,walk,sleep	000000=000000 2d2d2d=3e5b7e 374840=4e7495 414041=414041 4f6768=5881a6 52b2ff=52b2ff 739298=9db3c6 7a1521=7a1521 a03e4a=a03e4a a83453=a83453 cf2e4a=cf2e4a ff285a=ff285a ff5d83=ff5d83
897	idle,walk,sleep	000000=000000 222929=222929 2c2e2f=2c2e2f 4b5252=4b5252 4c3096=78294c 808087=808087 8567b8=9b4157 9f0000=9f0000 af97d9=c49dbf d73f00=d73f00 f7d1fc=ddbee4 ff875f=ff875f
898	idle,walk,sleep	000000=000000 002823=002823 00285c=00285c 003a87=003a87 00584b=00584b 007766=007766 545665=545665 615350=715c40 6b7489=6b7489 88a0b0=88a0b0 9e8f87=a29569 b0b0c0=b0c0c0 d1c8be=d9cd8c f1efee=f1efee
899	sleep	000000=000000 0f1f47=0f1f47 30324e=30324e 595954=566054 5d3b3c=5d3b3c 868682=739f54 8a504f=8a504f b1b1ac=abbd6c bf7727=bf7727 ccccca=c6d69a ffdc08=ffdc08 fff987=fff987 ffffff=deead7
901-bloodmoon	idle,walk,sleep	000000=000000 22b14c=22b14c 4c2f1e=66200e 544a45=544a45 6c615b=6c615b 794d33=8e432b 968d87=968d87 a27155=b85c3d a76f00=a76f00 b6aaa4=b6aaa4 c08e71=cf7b55 eac564=eac564 ff6496=ff6496 ffffff=ffffff
902	idle,walk,sleep	000000=000000 343738=343738 4f5d50=4f5d50 515759=515759 5c7869=5c7869 6f263c=702072 81a58b=81a58b 9c2018=9c2018 abacba=abacba b42160=a416bf f0488b=d84eea fea7c8=f5a6ff ffffff=ffffff
902-female	idle,walk,sleep	000000=000000 343738=343738 4f5d50=4f5d50 507f7e=a0770d 515759=515759 556c6b=556c6b 5c7869=5c7869 7fa8a7=d4af51 81a58b=81a58b 9c2018=9c2018 abacba=abacba b4dedd=f7e873 d8f8f8=f9fcd4 ffffff=ffffff
904	idle,walk,sleep	000000=000000 161824=161824 303346=acaab6 4d5068=d1cddc 6c2b60=615399 8e4280=7666b3 ac599d=8a75d9 acac86=b4b29e bfcff7=cdb6fa dbdbb4=d7d5c2 f2f2d0=f7f5e0 ffffff=ffffff
905	idle,walk,sleep	000000=000000 67475f=6f4f57 7f8f97=7f8f97 8f6f77=977787 9f274f=cf471f afb7bf=afb7bf d7dfdf=d7dfdf e5678d=ff67a7 f9005e=ff6f4f ff9fc7=ffafe7 ffc7e7=ffd7ff ffe237=ffe237 ffffff=ffffff
905-therian	idle,walk,sleep	000000=000000 0f1127=0f1127 67475f=6f4f57 7f8f97=7f8f97 8f6f77=977787 9f274f=cf471f afb7bf=afb7bf d7dfdf=d7dfdf e5678d=ff67a7 f9005e=ff6f4f ff9fc7=ffafe7 ffc7e7=ffd7ff ffe237=ffe237 ffffff=ffffff
906	idle,walk,sleep,faint	000000=000000 12651e=36604e 298737=4b867f 5cb82a=66c495 81a562=81a562 a90f20=6d5faf b0d497=b0d497 e1f2c9=e2f4c6 e36b77=bf98ff ffffff=ffffff
907	idle,walk,sleep	000000=000000 2c4b30=244643 407d49=387964 6ca74c=4eb08e 9cc988=86ce97 a50039=6b40ad e1f2c9=d7f6c8 e73963=a585d5 ff84ad=dbc6f2 ffffff=ffffff
908	idle,walk,sleep	000000=000000 132320=132123 16821b=378e6f 242e2b=242c2e 2c4b30=2c4b46 414441=3e4a49 508958=50896f 6ca74c=4ca77d 9cc988=88c998 e1f2c9=d7eed1 e73f67=7a5fb5 ff95b4=a78ed1 ffffff=ffffff
909	idle,walk,sleep	000000=000000 07274f=673f00 073777=97571f b70000=f7679f c7af8f=c7af8f cf4f47=cf4f47 d73f00=ff9fb7 dfc7a7=dfc7a7 e79f7f=e79f7f ffb72f=ffb72f ffefcf=ffefcf fff700=fff700 ffffff=ffffff
912	idle,walk,sleep	000000=000000 279ebb=4da1a3 2959ff=206ab5 5fd7f4=68d3cc 7be5ff=83e9dc 969a9b=8da6a6 b78727=b78727 bf8737=bf8737 cad0d1=c5d8de def0f1=def0f1 ffea5f=ffea5f ffffff=ecf9f9
913	idle,walk,sleep	000000=000000 0551a8=0551a8 0f3d76=117c93 0fb1c8=3f70d7 175bb6=3cb8c0 2577d6=8ae3d3 2a73da=2a73da 59b5ed=cdf7f5 69e5ef=6791ef 8ca2bf=8ca2bf b5d4df=b5d4df dfb700=dfb700 fff700=fff700 ffffff=ffffff
914	idle,walk,sleep	000000=000000 311461=614f82 3157ac=9aa1da 323ba2=8b7bbe 3d96b0=7cabb5 5ecccc=97d5cd 940e0e=be664b b51f1f=f18547 b95a27=b95a27 b9cbd1=b9cbd1 cc8f3b=cc8f3b dfeceb=dfeceb
915	idle,walk,sleep	000000=000000 252e30=df90a6 3c494c=fda8c9 4c5a5d=fbc7d3 603443=603443 6d5442=6d5442 7f6450=7f6450 927660=927660 a5596c=a5596c db7e93=db7e93 e2cb6f=e2cb6f ee8fa3=ee8fa3 ffb2cb=ffb2cb ffe682=ffe682 ffffff=ffffff
918	sleep	000000=000000 3b3b3b=333340 456916=9e2766 689030=ce4e81 91c14d=e77baa 977926=435767 c2c3c0=a11515 d8b769=6c8193 ffffff=d13b33
919	idle,walk,sleep	000000=000000 25354c=9e9814 3d5375=c0bb44 63738c=d5cf70 afb7bf=afb7bf d7dfdf=d7dfdf ffc608=ffc608
920	idle,walk,sleep	000000=000000 292829=292829 3c393c=9a842d 424e59=3c393c 505050=d5cb49 607381=505050 6b6d6b=efebbb 8a4a0b=8a4a0b 8e4815=8e4815 a59aa5=ada3ad ce6f0f=ce6f0f e6ebef=e7ecf0 f7a631=f7a631 ffffff=ffffff
921	idle,walk,sleep,faint	000000=000000 067162=5f9c92 23b4a0=77c0b4 763a29=b44b4f b45513=d56065 c7aa57=c7aa57 d9700f=ea757a e75757=e75757 e78a23=f68f94 e9d394=e9d394 f5d657=fbd855 faebc0=faebc0 ffa31f=ffaab1 ffffff=ffffff
922	idle,walk,sleep	000000=000000 289197=00d389 a76f00=a76f00 a85623=bd4f68 c9863d=ff91a4 d1a76a=d1a76a ecba5f=ffadbb f9d39b=f9d39b ffcc00=ffe500 ffecc9=ffecc9 ffffff=ffffff
924	idle,walk,sleep	000000=000000 626466=626466 87b7bf=c7af9f a7abae=a7abae b7dfd7=f7dfc7 ce94a4=ce94a4 dadcde=dadcde ffc7d7=ffc7d7 ffffff=ffffff
925	idle,walk,sleep	000000=000000 4f5153=4f5153 626466=626466 87b7bf=caa88e a7abae=a7abae b7dfd7=f5ddc5 ce94a4=ce94a4 dadcde=dadcde ffc7d7=ffc7d7 ffffff=ffffff
926	idle,walk,sleep,faint	000000=000000 69480d=69480d 966e26=966e26 d1a61b=d1a61b d1b481=ae7555 eed542=eed542 eee1b1=d69f79 fbf3de=f4c8aa ffffff=ffffff
927	idle,walk,sleep	000000=000000 525252=525252 66271a=793939 994018=9c5544 aa125e=aa1230 cc37b7=da2f77 cc5d2d=d1866d d5a711=f2c29c de852e=d69c77 f6b04a=f2c29c ffeb00=fff7f1 ffffff=ffffff
932	idle,walk,sleep	000000=000000 3e2015=3e2015 5c3424=5c3424 616768=7a4a37 7a4a37=7a4a37 8a9696=c0753f 915d48=915d48 b28f84=b28f84 becdcd=e19e59 d4b7ae=d4b7ae e8d5cf=e8d5cf ef9116=ef9116 ffb018=ffb018 ffffff=ffd5a0
934	idle,walk,sleep	000000=000000 201913=201913 3e342b=3e342b 634f3b=634f3b 656e72=844212 8e999d=c0753f a37460=a37460 b4bec2=d89f64 c58c74=c58c74 dbe3e6=f9be74 e1a58b=e1a58b e5c2b3=e5c2b3 ff9000=ff9000 ffeb3b=ffeb3b ffffff=ffd5a0
937	sleep	000000=000000 312662=312662 483d7a=483d7a 617cc4=617cc4 645aa4=645aa4 8a9ed0=8a9ed0 b277b1=b277b1 b4c6e7=b4c6e7
938	idle,walk,sleep	000000=000000 3b2e28=3b2e28 544338=544338 776757=776757 b36c22=b36c22 c34b2d=c80d0d e6dab9=e6dab9 e9a429=e9a429 edec2a=edec2a fcfcfc=fcfcfc ff845b=e95242 fff282=fff282
940	idle,walk,sleep	000000=000000 262830=573f3f 434755=6f4f57 5e7390=77777f 6c707f=8f5f67 8497b3=9f9faf b7cae1=c7c7c7 c06716=b75f00 cd8000=cd8000 e5a000=e5a000 f28d1c=ff8727 ffd000=ffd000 ffffff=ffffff
941	idle,walk,sleep	000000=000000 141618=4f0000 242628=573f3f 34393f=6f4f57 394d58=77777f 54585d=8f5f67 59708d=9f9faf 5bdcc4=5bdcc4 64242a=b75f00 8d4c52=ff8727 cd8000=cd8000 e5a000=e5a000 ffd000=ffd000 ffffff=ffffff
948	idle,walk,sleep	000000=000000 9d9d9d=9d9d9d b0847d=8b8b8b d2b500=c3c3c3 d2cfce=d2cfce d6ae9d=c3c3c3 ecce11=ececdc f4c8b5=ecece4 f4e036=ffffec f8f8f8=f8f8f8 fce6de=ffffec fffff7=fffff7
951	idle,walk,sleep	000000=000000 0b3729=264b5f 1b5940=477189 1c6323=95730f 292934=292934 3d3d47=3d3d47 40b155=dec869 6ae76a=f0f090 a76f00=ad4e00 bcc6b3=bcc6b3 dfb700=ea8f06 fff700=ffc413 ffffff=ffffff
955	idle,walk,sleep	000000=000000 269ccb=269ccb 8fdfff=8fdfff 91700f=91700f 95a1ae=95a1ae 9e89d2=9e89d2 b14504=4c3429 c552b7=3fa55f d7dfdf=d7dfdf dc8117=5f4738 dfb700=dfb700 e796d4=a2da93 f5e578=f5e578 ffffff=ffffff
957	sleep	000000=000000 42636b=a45e43 63849c=bf826a ab1c3f=ab1c3f cb2b52=cb2b52 e73963=e73963 e97395=e97395 e9a4b8=e9a4b8 ff8cad=ff8cad ffc6d6=ffc6d6
958	sleep	000000=000000 453067=661f32 57486f=80394c 6e5575=9a593c 806787=9a593c 947cbf=c57e5e 950c2d=950c2d ab1c3f=ab1c3f c5909f=c5909f cb2b52=cb2b52 e73963=e73963 e97395=e97395 ffc6cb=ffc6cb ffdbdd=ffdbdd
959	idle,walk,sleep	000000=000000 2e1c60=4e1221 4c2f72=712239 6563a3=6563a3 756090=9c5842 9f1747=9f1747 ab9ad1=d38a73 c0af62=c6c0a4 ca8d9b=ca8d9b cb5790=cb5790 e75787=e75787 f0d3d3=f0d3d3 f29dc7=f29dc7 fdf9fa=fdf9fa ffc1df=ffc1df
960	walk	262d3a=262d3a 4a7875=4a7875 89a9a6=89a9a6 b4cbca=b4cbca
961	idle,walk,sleep	000000=000000 2b3342=2b3342 3d4c5d=3d4c5d 576972=576972 666666=936a1b 748089=748089 a72f48=4750c6 b0b0b0=e3a736 f3f3f3=f6d561 ff5674=757aec ff849a=80b0f1 ffc3cd=bfdafe
963	idle,walk,sleep	000000=000000 2d8acb=2d8acb 38797f=40438a 4ea0ab=5b5fba 637179=637179 64c7da=7a7fd8 8cdef1=9ca1ff a3b4bb=a3b4bb bdf4ff=babdff d6e5e6=d6e5e6 f092ad=66e388 ffffff=ffffff
964	sleep	000000=000000 2d8acb=2d8acb 38797f=40438a 4ea0ab=5b5fba 637179=637179 64c7da=7a7fd8 8cdef1=9ca1ff a3b4bb=a3b4bb bdf4ff=babdff c6617e=c6617e d6e5e6=d6e5e6 ffffff=ffffff
965	idle,walk,sleep	000000=000000 232323=232323 3a2938=3a2938 3b3b3b=3b3b3b 4c3d50=4c3d50 522764=3c3373 645a6e=645a6e 67677f=7d602d 7d4b93=5c5498 8787a7=9e7f43 afb7bf=bfae6a d7a700=c53582 d7dfdf=f9e69b ffe700=e169a8 ffffff=ffffff
966	idle,walk,sleep	000000=000000 232323=232323 3a2938=3a2938 3b3b3b=3b3b3b 4c3d50=4c3d50 522764=3c3373 645a6e=645a6e 67677f=7d602d 7d4b93=5c5498 8787a7=9e7f43 afb7bf=bfae6a d7a700=c53582 d7dfdf=f9e69b ffe700=e169a8 ffffff=ffffff
968	sleep	000000=000000 5abaef=1b4f66 73150e=1b4f66 8c5a45=525860 9adbfe=2e7596 9e231b=2e7596 c69c8a=c69c8a cd352c=52a5b7 e9cec2=e9cec2 f2eeee=f2eeee ff5349=89ced8 ffa29c=b9f6f7
971	idle,walk,sleep	000000=000000 212139=44300e 504e4e=554e4b 5e6a8c=886e27 8c1601=802717 919193=919193 949fc0=d1b553 b2c2d1=e8d07c b691f9=b691f9 b76aea=b76aea d5e0f1=f7eb88 d93521=bc483a f36c69=f36c69 ffd52d=ffd52d ffffff=ffffff
972	sleep	000000=000000 72699b=93703c 8f8683=8f8683 b1a7d1=ccb085 c1bcb8=c1bcb8 cac4e1=cfbe98 dfd9d4=dfd9d4 ffffff=e5debd
974	sleep	000000=000000 2f242c=2f242c 4d4d4d=4d4d4d 767b7d=6b7072 832041=832041 a29793=575f67 c7639c=d38362 cd394a=cd394a d3cacb=777f84 dc7569=dc7569 f493c9=fe9d77 faf8f7=99a0a3
976	idle,walk,sleep	000000=000000 3f182b=3f182b 474e56=474e56 636669=636669 762323=762323 828282=828282 ac3232=ac3232 acacac=acacac c62984=469676 ca60cf=5fb767 d4a8d6=97d77f d9d9d9=d9d9d9 ffffff=ffffff
978	idle,walk,sleep	000000=000000 776c5f=776c5f ab2d04=65251b d9510a=853b2f dc8173=b4350c dfdcd7=dfdcd7 f37432=97573f f6a386=d95a18 ff9f5d=bf785e ffc0a2=f37432 ffffff=ffffff
979	idle,walk,sleep	000000=000000 313131=313131 464258=2a2f74 474847=474847 5d6079=384d86 665c74=765fa2 748190=477594 888c99=8e86be a2255f=a2255f a5abb2=b1b8df cc0c29=cc0c29 cc4993=cc4993 f172ae=f172ae f1f1f1=f1f1f1
980	idle,walk,sleep	000000=000000 332626=2b2538 4d3936=40394d 66514d=655c78 806560=74728d 99637e=9a6a86 997973=9b98b8 a68d9d=b29d96 b37493=b37493 cc85a8=cc85a8 dac3e6=f8dcd4
982	idle,walk,sleep	000000=000000 195d75=a7377f 4ca2b3=e767a7 613b11=613b11 7ac8e8=ff9fdf 919eb7=919eb7 aa7827=aa7827 cbdcee=cbdcee d4ab2e=d4ab2e eedc6d=eedc6d ffec51=ffec51 fff6bc=fff6bc ffffff=ffffff
984	idle,walk,sleep	000000=000000 47376f=772f00 674f9f=9f5f3f 6f9fc7=579f87 9777bf=bf8777 9f172f=9f172f 9f9787=9f9787 afcfef=97dfc7 d7cfaf=d7cfaf ff477f=e7d700 ff77a7=ffff4f ffefcf=ffefcf ffff4f=ffff4f ffffff=ffffff
991	idle,walk,sleep	000000=000000 002942=002942 0039ad=0039ad 2184d6=2184d6 42c6ff=42c6ff 4a6b7b=4a6b7b 94adb5=94adb5 9c0000=4a6b7b 9c5a00=4a6b7b a5efff=a5efff ce9c00=94adb5 d63900=94adb5 deefef=deefef ff845a=deefef fff700=deefef
992	idle,walk,sleep	000000=000000 2c325d=3e3e3e 333c9a=787878 3e3e3e=3e3e3e 4a58bb=b8b8b8 545252=545252 787878=787878 968b02=968b02 98a5ff=ffffff 9c9c9c=9c9c9c b8b8b8=b8b8b8 f6e510=f6e510 ffffff=ffffff
995	idle,walk,sleep	000000=000000 0ec179=0ec179 11fe9f=11fe9f 1e1f20=1e1f20 313131=313131 376c25=576767 5ab53b=7f8b8f 67ffc2=67ffc2 98e269=c7cfd7 d2ffb6=ffffff
997	idle,walk,sleep	000000=000000 274759=2f5553 3a6882=4b7876 4e85a0=6f9fa6 6ca2bc=99cecc 77909b=77909b 9ebec0=9ebec0 c9efef=c9efef ce9000=b14c78 feb607=ed82b1 ffe000=f8c3da ffffff=ffffff
999-roaming	idle,walk,sleep	000000=000000 37475f=4f5f77 4f5fa7=67879f 574717=574717 879fc7=9fc7e7 a7870f=a7870f afcfef=ffffff c72727=c72727 efcf00=efcf00 ffff9f=ffff9f
1000	sleep	000000=000000 574717=574717 879fc7=879fc7 a73f0f=37557f a7870f=a7870f cf5f0f=547f9c efcf00=efcf00 ffff9f=ffff9f ffffff=ffffff
1004	idle,walk,sleep	000000=000000 2b5145=2b5145 406556=406556 782f2e=393943 80a59b=80a59b 97a193=80a59b b01717=616069 d2491d=47b0e2 dfe7dd=dfe7dd e2861d=8bd9ff f3b042=68ccfc f9f9e8=ffffff ffc139=8bd9ff ffcc42=bcfefa
1006	idle,walk,sleep	000000=000000 00673b=67777f 008f29=8f979f 297ba8=67777f 3c3135=3c3135 65bce4=a6aeb2 66b858=c7c7cf 67777f=67777f 8f979f=8f979f aa3560=aa3560 addc6e=ffffff c7c7cf=c7c7cf fb5a96=fb5a96 ffffff=ffffff
1009	idle,walk,sleep	000000=000000 009fb7=5fb7c7 1f578f=276f87 271f47=072757 67bfe7=87e7ff 873f87=0f3797 8f97af=8f97af b74fb7=005fcf c7d6dc=d7dfdf e74f47=e74f47 e77fe7=6f87ff ffa747=ffa747 ffff9f=ffff9f ffffff=ffffff
1010	idle,walk,sleep,faint	000000=000000 004f35=40444b 077235=5f6f77 32a44e=95a1a1 343334=343334 494849=40444b 7d1414=7d1414 7e8b91=7e8b91 8bee78=cfd7d7 b90730=b90730 bac2bf=bac2bf ff3263=ff3263 ff98d5=ff98d5
1011	walk,sleep	000000=000000 4a792d=c56b4c 5c0600=862c00 859b35=859b35 9c130a=975607 b6cb67=b6cb67 bbae4e=bbae4e d81f12=ce7d1e efe285=efe285 ff6542=f5cf45 ffc6bb=f9f362 ffffff=ffffff
1012	idle,walk,sleep	000000=000000 313234=223e19 3d8248=3d8248 494949=38562f 69ad68=69ad68 6fd973=6fd973 856135=a0a450 a59986=a59986 b19e57=b19e57 dad284=dad284 dbd4c7=dbd4c7 f7ffae=f7ffae ffffff=ffffff
1013	idle,walk,sleep	000000=000000 2b2f31=2b2f31 313234=223e19 3d8248=3d8248 494949=38562f 525151=525151 69ad68=69ad68 6fd973=6fd973 856135=b1b560 a59986=a59986 b19e57=b19e57 dad284=dad284 dbd4c7=dbd4c7 f7ffae=f7ffae ffffff=ffffff
1015	idle,walk,sleep	000000=000000 131517=342e28 25282b=504842 373a3d=635b52 7193b8=7193b8 97007b=97007b 98bce3=98bce3 bf00af=bf00af d7dfdf=d7dfdf f4e92b=f4e92b f711e4=f711e4 ff87df=ff87df fff653=fff653 ffffff=ffffff
1016	idle,walk,sleep,faint	000000=000000 333232=272d60 444444=444444 4f4f4f=4a4b7a 921737=921737 b23b10=b23b10 b6a875=b6a875 c4308d=c4308d c48509=c48509 c86524=c86524 e8bb05=e8bb05 ede9bd=ede9bd ffffff=ffffff
1017	idle,walk,sleep	000000=000000 278700=278700 2a550c=2a550c 2ead58=2ead58 3f3f3f=3f3f3f 5fb727=5fb727 676767=676767 88e397=88e397 9f0000=9f0000 b79674=b79674 c76700=5b7500 dfb700=dfb700 ff992d=a5cd00 fff700=fff700 ffffff=ffffff
1017-cornerstone	idle,walk,sleep	000000=000000 202020=202020 278700=278700 3f3f3f=3f3f3f 535f69=535f69 5fb727=5fb727 676767=676767 757a7a=757a7a 9f0000=9f0000 b79674=b79674 c76700=5b7500 dfb700=dfb700 ff992d=a5cd00 fff700=fff700 ffffff=ffffff
1017-hearthflame	idle,walk,sleep	000000=000000 278700=278700 3f3f3f=3f3f3f 5fb727=5fb727 660301=660301 676767=676767 9f0000=9f0000 b79674=b79674 c1a725=c1a725 c76700=5b7500 d73f00=d73f00 dfb700=dfb700 ff992d=a5cd00 fff700=fff700 ffffff=ffffff
1017-wellspring	idle,walk,sleep	000000=000000 004e90=004e90 006dc6=006dc6 278700=278700 333335=333335 34c3e9=34c3e9 575757=575757 5fb727=5fb727 9f0000=9f0000 b79674=b79674 c76700=5b7500 dfb700=dfb700 ff992d=a5cd00 fff700=fff700 ffffff=ffffff
1018	idle,walk,sleep	000000=000000 111c42=111c42 1b2c6a=1e5e80 295098=439daa 3d4052=383b4c 535a64=535a64 727d8a=506366 7a3d3e=94afb8 a4acb7=728b91 c88f0d=d16017 c94747=f3f7f8 dadde1=94afb8 ffdf9d=fba95d ffffff=cad4d8
1025	idle,walk,sleep	000000=000000 372f37=372f37 37475f=37475f 4f5f77=4f5f77 5f1757=5f1757 8f1757=8f1757 bd009a=bd009a ef4fb7=ef4fb7 ff87df=ff87df ffffff=ffffff
