# base id	target evo id (0 = single evolution)	evo:percent,...  (MaxDexExtension.lua 1.0, converted by tools/trainer-data/convert_maxdex.py)
1	0	30:5.68,33:5.36,828:5.21,93:4.64,278:4.54,676:4.47,521:4.27,1143:4.11,1005:3.74,192:3.7,836:3.64,932:3.59,1144:3.55,748:3.53,153:3.48,363:3.27,413:3.2,44:3.17,70:3.16,114:3.09,211:2.92,566:2.91,15:2.8,294:2.58,781:2.57,168:2.54,47:2.29,438:1.97,697:0.01,24:0.01
2	0	1041:1.94,818:1.93,812:1.73,1011:1.62,1040:1.61,1042:1.59,698:1.59,1026:1.56,1019:1.55,110:1.5,823:1.47,1039:1.45,279:1.44,495:1.43,594:1.4,490:1.39,1117:1.38,837:1.36,1233:1.34,537:1.28,783:1.26,788:1.23,677:1.22,829:1.19,991:1.18,574:1.18,169:1.17,1153:1.14,154:1.14,1172:1.14,929:1.13,34:1.13,1044:1.13,995:1.12,522:1.11,1231:1.1,89:1.1,477:1.1,182:1.09,94:1.08,716:1.07,1215:1.07,779:1.06,749:1.06,933:1.05,1232:1.03,623:1.03,432:1.02,31:1.02,1038:1,103:0.99,866:0.98,460:0.98,867:0.97,1200:0.96,734:0.96,1125:0.95,874:0.94,572:0.94,1036:0.94,1055:0.93,1116:0.93,928:0.93,414:0.92,1177:0.92,1141:0.9,970:0.9,1146:0.89,389:0.89,977:0.88,972:0.87,806:0.87,1201:0.86,736:0.85,1130:0.85,345:0.84,923:0.84,73:0.83,955:0.82,974:0.82,773:0.82,567:0.81,1199:0.81,1123:0.81,570:0.8,479:0.78,71:0.75,611:0.73,300:0.73,485:0.67,45:0.63,297:0.6
4	0	240:7.77,633:7.26,751:6.72,679:6.45,935:6.29,156:6.06,692:6.06,839:6.05,1162:5.8,77:5.71,1118:5.38,219:5.29,281:5.27,687:5.17,416:5,863:4.98,524:4.73,58:0.01
5	0	146:3.53,244:3.45,59:3.32,1029:3.27,78:3.17,1019:3.09,831:2.95,38:2.94,157:2.94,136:2.9,492:2.87,1139:2.81,126:2.73,840:2.71,662:2.69,656:2.68,539:2.66,1082:2.62,417:2.51,961:2.39,282:2.34,752:2.33,680:2.32,876:2.28,801:2.26,525:2.22,936:2.21,1142:2.18,1232:2.17,864:2.15,962:2.09,1184:2.07,1185:2.03,688:1.99,229:1.97,1173:1.92,693:1.85,634:1.84,1158:1.83,977:1.72
7	0	159:5.46,419:5.31,682:5.3,313:5.3,938:5.24,527:5.21,61:5.18,754:5.13,796:5.07,842:5.06,986:4.97,1163:4.74,561:4.61,117:4.4,342:4.1,222:3.81,310:3.71,184:3.7,284:3.55,195:3.45,425:3.31,211:3.22,373:0.07,589:0.03,140:0.02,138:0.01,1183:0.01,483:0.01,575:0.01,482:0.01
8	0	245:2.8,160:2.42,1016:2.37,672:2.36,813:2.28,1002:2.27,1222:2.2,1081:2.19,329:2.14,843:2.01,130:1.98,528:1.98,314:1.96,134:1.96,186:1.96,375:1.94,55:1.92,420:1.91,683:1.86,793:1.85,131:1.84,374:1.83,939:1.79,927:1.78,224:1.75,755:1.72,285:1.71,1231:1.69,541:1.69,872:1.68,230:1.68,444:1.66,718:1.61,514:1.61,91:1.6,1145:1.57,562:1.54,343:1.53,1174:1.52,907:1.5,62:1.48,1226:1.48,381:1.48,859:1.48,121:1.4,908:1.36,1001:1.35,618:1.34,226:1.28,73:1.28,199:1.26,139:1.25,1159:1.22,714:1.21,141:1.15,80:1.12,590:1.11,773:1.05,297:1.04
10	0	293:7.78,291:7.65,690:7.47,1169:7.39,426:7.28,290:7.19,14:7.16,897:7.15,942:7.1,1168:7.04,13:6.92,437:6.76,944:6.75,689:6.36
11	0	661:6.86,569:6.24,439:6.19,943:6.11,427:5.57,386:5.12,292:5.07,166:5.02,387:4.96,1171:4.78,193:4.76,762:4.69,294:4.62,691:4.54,566:4.31,1170:4.02,168:4.02,15:3.94,47:3.44,438:3.32,390:0.58,620:0.36,582:0.34,476:0.29,850:0.22,945:0.16,49:0.09,621:0.08,768:0.06,205:0.06,979:0.05,312:0.05,777:0.04,302:0.04
13	0	291:7.78,1155:7.74,11:7.03,293:6.96,437:6.69,942:6.68,689:6.61,1168:6.57,690:6.4,1169:6.39,944:6.35,897:6.3,290:6.27,10:6.2,426:6.03
14	0	30:5.17,828:4.95,93:4.86,33:4.85,661:4.42,439:3.73,1144:3.64,569:3.63,1005:3.46,943:3.25,363:3.18,386:3.17,166:3.17,387:3.15,762:3.15,427:3.13,12:3.11,70:3.05,193:3.04,2:2.97,292:2.92,1171:2.9,691:2.88,294:2.81,566:2.78,44:2.77,168:2.75,1170:2.69,47:2.3,438:2.05,24:0.03,994:0.02,390:0.01,582:0.01
16	0	552:4.31,177:4.22,133:4.15,483:4.11,532:4.06,610:4.06,450:4.04,747:4.02,652:3.98,847:3.96,1147:3.94,216:3.91,308:3.73,371:3.72,784:3.72,422:3.7,188:3.68,190:3.62,757:3.59,452:3.57,545:3.48,225:3.39,654:3.35,954:3.34,83:3.12,692:2.78,687:2.45
17	0	799:1.55,941:1.54,233:1.47,217:1.47,453:1.45,241:1.43,449:1.41,128:1.39,1160:1.37,533:1.36,317:1.35,365:1.35,556:1.34,115:1.34,380:1.3,848:1.3,758:1.29,234:1.28,651:1.27,113:1.27,598:1.27,227:1.26,1007:1.26,1211:1.25,655:1.25,800:1.24,950:1.23,845:1.23,455:1.23,1228:1.23,457:1.22,123:1.22,53:1.19,992:1.19,857:1.19,85:1.18,1049:1.17,701:1.17,164:1.16,1207:1.16,766:1.15,372:1.15,987:1.14,887:1.14,1006:1.13,305:1.12,488:1.12,22:1.11,966:1.1,441:1.1,924:1.09,451:1.06,369:1.05,805:1.05,359:1.04,1149:1.03,178:1.03,142:1.02,497:1.01,1205:0.98,653:0.97,546:0.96,1206:0.95,494:0.95,226:0.95,688:0.94,611:0.94,42:0.94,998:0.94,970:0.93,726:0.92,586:0.92,40:0.91,693:0.91,790:0.91,312:0.9,310:0.89,302:0.88,1217:0.87,870:0.87,785:0.87,1176:0.87,423:0.86,606:0.84,720:0.83,1148:0.82,189:0.79,901:0.78,203:0.76,955:0.68
19	0	83:4.29,530:4.26,137:4.25,316:4.04,385:3.97,206:3.96,162:3.91,289:3.9,956:3.86,760:3.84,471:3.82,1049:3.73,365:3.7,1160:3.67,108:3.63,466:3.55,317:3.52,53:3.49,556:3.48,457:3.48,113:3.35,1102:3.33,1133:3.1,685:3.05,22:2.85,164:2.76,40:2.66,425:2.55
21	0	20:1.96,612:1.89,198:1.86,289:1.84,591:1.77,162:1.76,530:1.74,385:1.73,449:1.7,316:1.69,701:1.69,598:1.69,950:1.65,206:1.61,365:1.6,760:1.6,53:1.57,799:1.55,113:1.54,466:1.5,845:1.5,956:1.49,176:1.48,317:1.48,207:1.47,85:1.47,1133:1.47,453:1.46,178:1.44,1160:1.43,556:1.42,457:1.42,685:1.41,1205:1.4,439:1.39,441:1.39,1102:1.39,227:1.37,234:1.37,1049:1.37,748:1.36,766:1.36,42:1.35,987:1.34,870:1.34,1207:1.33,380:1.31,800:1.26,164:1.26,758:1.26,805:1.23,305:1.22,310:1.2,606:1.19,40:1.17,1206:1.15,425:1.15,611:1.15,302:1.15,1217:1.13,369:1.13,691:1.12,18:1.11,312:1.11,423:1.09,553:1.08,901:1.05,189:1.03,970:0.97,720:0.96,226:0.95,203:0.93
23	0	828:6.39,93:5.87,594:5.54,110:5.52,368:5.23,379:4.92,1005:4.83,1143:4.66,1144:4.33,460:3.99,42:3.95,1130:3.73,2:3.73,1125:3.7,783:3.65,570:3.63,1123:3.52,211:3.45,479:3.35,970:3.32,49:3.26,616:3.18,71:2.99,45:2.96,1116:0.05,716:0.03,44:0.03,89:0.02,929:0.02,94:0.02,168:0.02,31:0.02,363:0.01,30:0.01,773:0.01,991:0.01,73:0.01,294:0.01,874:0.01,15:0.01,1055:0.01
25	26	430:4.52,135:4.21,101:4.19,125:4.08,504:4.01,548:3.97,629:3.96,861:3.88,338:3.84,964:3.83,181:3.79,905:3.46,1205:3.27,1176:3.17,1175:3.09,643:3.03,763:2.99,1215:2.91,621:2.88,82:2.85,906:2.83,966:2.81,948:2.79,171:2.7,720:2.68,1173:2.63,1114:2.62,1174:2.36,1177:2.33,874:2.25,1141:2.07
25	1103	135:4.45,430:4.43,964:4.31,338:4.29,125:4.19,181:4.14,861:3.92,629:3.84,548:3.76,101:3.62,504:3.6,905:3.39,1176:3.32,82:3.15,1205:3.11,643:3.04,720:2.93,621:2.87,763:2.87,966:2.83,874:2.76,1175:2.74,1114:2.72,906:2.67,1173:2.67,1215:2.52,1177:2.49,948:2.48,171:2.44,1174:2.25,1141:2.19,896:0.01
27	0	105:6.41,51:6.34,247:5.33,1109:5.2,207:5,1202:4.57,1005:4.46,112:4.28,1137:4.26,76:4.21,340:4.17,685:4.16,221:4.1,795:4.06,448:4.01,643:4,284:3.93,648:3.73,892:3.71,195:3.69,469:3.58,324:3.41,1170:3.16,75:0.04,774:0.04,775:0.03,497:0.02,95:0.02,232:0.02,869:0.02,555:0.01,974:0.01,208:0.01,561:0.01
29	0	593:10,72:9.48,109:9.46,994:9.45,459:9.36,476:9.05,33:7.88,569:6.42,363:5.21,44:5.05,294:4.75,70:4.69,15:4.65,168:4.55
30	0	1040:4.38,1041:4.3,89:3.77,829:3.47,1039:3.39,594:3.36,379:3.34,110:3.32,169:3.27,368:3.05,716:2.89,477:2.78,991:2.73,929:2.62,42:2.57,460:2.49,928:2.45,94:2.44,1125:2.43,874:2.43,34:2.41,1116:2.4,995:2.31,479:2.3,3:2.3,783:2.27,432:2.26,1215:2.16,570:2.14,616:2.11,73:2.11,1123:2.09,1055:2.05,71:1.98,970:1.98,45:1.98,773:1.87,1130:1.8
32	0	109:9.83,72:9.82,459:9.79,994:9.61,593:9.56,476:9.14,30:8.26,569:5.86,363:5.23,70:4.85,44:4.77,168:4.62,15:4.35,294:4.31
33	0	1039:3.83,1041:3.82,1040:3.76,594:3.56,89:3.5,379:3.49,368:3.48,829:3.36,169:3.26,110:3.23,716:2.82,991:2.8,1116:2.8,929:2.75,928:2.62,995:2.56,477:2.5,479:2.46,31:2.45,783:2.39,42:2.37,570:2.36,94:2.35,1125:2.33,1055:2.26,970:2.25,460:2.24,1215:2.2,1123:2.19,3:2.17,432:2.12,45:2.1,874:2.07,616:2.05,73:2.03,1130:1.97,71:1.79,773:1.68,1019:0.01,1143:0.01,24:0.01
35	0	725:6.21,708:5.72,894:5.49,210:5.48,952:5.33,710:5.25,789:5.08,984:4.99,886:4.52,394:4.31,803:4.05,883:4.05,1077:3.98,728:3.96,755:3.89,732:3.86,122:3.82,1107:3.69,40:3.61,1125:3.59,768:3.41,1121:3.2,572:2.5,727:0.01
37	0	321:3.6,59:3.54,580:3.31,662:3.21,136:3.21,157:3.19,1139:3.1,492:3.03,126:2.94,539:2.92,840:2.86,78:2.84,417:2.8,656:2.76,6:2.74,766:2.65,1142:2.63,801:2.59,876:2.5,1184:2.5,282:2.49,1232:2.41,864:2.41,936:2.4,752:2.4,680:2.37,525:2.22,962:2.21,688:2.2,229:2.19,783:2.19,1185:2.15,634:2.11,961:2.09,340:2.08,693:1.88,1173:1.87,1158:1.82,977:1.59
39	0	137:2.75,760:2.62,530:2.56,162:2.54,210:2.51,708:2.51,234:2.5,380:2.49,206:2.44,20:2.43,956:2.32,556:2.32,113:2.31,598:2.3,385:2.29,952:2.29,466:2.27,316:2.23,176:2.21,289:2.19,701:2.17,317:2.17,365:2.15,727:2.14,1160:2.13,53:2.08,1049:2.08,457:2.02,950:2.02,732:2.01,1102:1.97,122:1.95,845:1.94,803:1.92,1133:1.91,85:1.89,685:1.89,164:1.83,22:1.75,768:1.72,184:1.7,305:1.68,425:1.65,901:1.54,1217:1.51,611:1.4,781:1.38,203:1.32
41	0	612:2.04,24:1.92,828:1.92,207:1.86,799:1.85,89:1.83,359:1.79,1143:1.78,110:1.77,368:1.73,848:1.71,466:1.7,956:1.68,379:1.64,1005:1.56,227:1.54,991:1.5,123:1.5,178:1.49,594:1.48,85:1.46,716:1.44,441:1.44,164:1.44,966:1.42,987:1.42,758:1.41,998:1.41,305:1.41,22:1.4,439:1.4,1116:1.38,1144:1.38,616:1.38,870:1.37,1207:1.37,189:1.37,570:1.36,451:1.35,18:1.34,423:1.34,766:1.33,310:1.31,586:1.31,1055:1.3,553:1.29,1211:1.29,1205:1.27,369:1.27,688:1.25,1206:1.24,477:1.22,783:1.21,460:1.2,546:1.2,312:1.19,1123:1.17,606:1.17,302:1.17,479:1.14,49:1.13,94:1.12,1130:1.12,726:1.1,748:1.07,226:1,970:0.99,1125:0.99,691:0.98,211:0.94,773:0.84,71:0.84,45:0.77
42	0	1129:2.06,666:2.05,930:2.05,1127:2.05,1187:2,667:1.99,822:1.93,818:1.91,144:1.91,1227:1.87,145:1.87,592:1.83,1186:1.82,1018:1.78,1041:1.77,146:1.75,1128:1.72,1040:1.71,1039:1.66,493:1.65,1019:1.62,740:1.57,89:1.47,1056:1.45,829:1.36,494:1.34,987:1.32,130:1.31,123:1.29,848:1.28,110:1.28,455:1.26,758:1.24,1149:1.24,991:1.23,1211:1.22,423:1.22,655:1.2,688:1.2,653:1.2,6:1.18,928:1.18,359:1.17,546:1.16,1125:1.15,716:1.13,1116:1.13,995:1.11,929:1.1,497:1.08,1123:1.07,477:1.07,34:1.05,570:1.05,1176:1.04,479:1.03,998:1.03,451:1.02,874:1.02,142:1.02,1130:0.98,970:0.97,226:0.97,726:0.96,31:0.96,586:0.95,432:0.95,73:0.94,71:0.92,966:0.88,1055:0.87,94:0.85,3:0.85,1215:0.83,45:0.83,773:0.82
43	0	828:5.44,33:5.36,30:5.34,93:4.9,413:4.63,932:4.49,676:4.46,521:4.14,278:4.1,153:4.06,836:4.05,569:3.88,1005:3.81,1144:3.78,192:3.63,2:3.62,363:3.6,748:3.44,168:3.13,70:3.09,15:2.99,781:2.97,294:2.88,566:2.86,47:2.65,438:2.61,994:0.03,388:0.02,299:0.01,188:0.01,24:0.01,697:0.01
44	45	24:2.1,89:1.63,490:1.57,698:1.55,837:1.54,279:1.49,855:1.48,379:1.47,594:1.45,581:1.43,1172:1.43,368:1.42,154:1.42,929:1.38,477:1.37,110:1.35,677:1.34,460:1.34,574:1.34,522:1.33,480:1.32,537:1.31,446:1.31,1117:1.28,42:1.27,788:1.27,991:1.26,169:1.25,995:1.23,779:1.23,495:1.21,716:1.2,345:1.18,103:1.16,307:1.16,933:1.13,1116:1.11,616:1.11,189:1.1,1036:1.1,736:1.1,1153:1.09,3:1.08,479:1.08,1125:1.08,928:1.08,749:1.07,34:1.06,974:1.04,1141:1.03,94:1.03,867:1.03,570:1.02,866:1.02,783:1.01,623:1.01,1200:1,923:0.99,369:0.99,572:0.99,1215:0.99,414:0.98,734:0.98,389:0.97,806:0.97,955:0.96,485:0.95,972:0.94,71:0.94,1130:0.93,432:0.93,300:0.92,31:0.92,874:0.91,49:0.9,73:0.89,567:0.88,1055:0.87,977:0.87,1038:0.83,611:0.83,1199:0.83,970:0.83,1123:0.81,773:0.81,1201:0.78,1177:0.74,1146:0.74,297:0.68
44	182	490:1.95,698:1.65,24:1.62,279:1.59,379:1.56,594:1.53,855:1.52,110:1.51,89:1.48,837:1.46,522:1.46,929:1.42,537:1.39,1172:1.37,1117:1.35,368:1.35,581:1.33,788:1.32,928:1.32,477:1.31,991:1.3,42:1.3,154:1.3,480:1.29,749:1.25,1153:1.24,779:1.22,933:1.22,1125:1.22,1116:1.2,716:1.19,866:1.19,460:1.19,34:1.18,446:1.17,570:1.17,169:1.17,189:1.15,574:1.15,495:1.15,806:1.12,1036:1.12,677:1.11,616:1.11,1201:1.07,3:1.06,1199:1.06,1123:1.05,94:1.03,369:1.03,974:1.03,995:1.02,1215:1.02,31:1.01,734:1.01,874:1,955:0.99,867:0.99,611:0.99,307:0.99,414:0.99,479:0.99,970:0.98,103:0.98,1038:0.97,345:0.97,923:0.96,1055:0.96,389:0.94,623:0.93,1177:0.93,567:0.91,73:0.89,1146:0.88,1130:0.87,783:0.87,49:0.86,1141:0.85,432:0.84,972:0.84,572:0.81,300:0.8,977:0.8,736:0.79,485:0.79,1200:0.79,773:0.78,297:0.75,71:0.73
46	0	521:3.82,413:3.68,153:3.66,278:3.66,439:3.64,836:3.54,676:3.53,932:3.51,943:3.34,192:3.23,387:3.21,386:3.15,427:3.14,748:3.09,114:3.08,2:3.02,12:2.97,292:2.94,363:2.92,70:2.9,193:2.86,1171:2.83,44:2.82,762:2.8,166:2.79,168:2.76,691:2.72,781:2.6,1170:2.5,566:2.49,294:2.46,15:2.38,438:1.84,388:0.02,661:0.02,312:0.01,855:0.01,954:0.01,945:0.01,390:0.01,189:0.01,768:0.01,480:0.01
48	0	24:3.49,828:3.42,642:3,93:2.82,379:2.7,368:2.7,110:2.52,614:2.45,1143:2.34,979:2.28,1005:2.25,439:2.24,594:2.22,621:2.2,1144:2.19,716:2.07,42:2.06,441:2.05,691:2.03,898:2.03,460:2.01,657:2,391:1.96,583:1.95,386:1.95,387:1.94,2:1.91,312:1.91,570:1.9,783:1.87,1170:1.86,1125:1.84,1055:1.77,945:1.75,1123:1.73,479:1.72,616:1.68,1130:1.67,205:1.64,768:1.61,302:1.61,211:1.59,777:1.57,970:1.5,71:1.47,1171:1.44,45:1.36,773:1.31,438:1.24,47:1.18
50	0	774:8.32,105:7.73,75:6.74,28:6.72,247:6.68,207:6.55,95:6.55,1109:6.27,221:5.87,1005:5.75,284:5.1,561:5.1,340:4.91,685:4.83,469:4.48,195:4.27,1170:3.92,1137:0.04,1202:0.04,577:0.04,795:0.03,111:0.01,555:0.01,648:0.01,232:0.01,112:0.01,892:0.01
52	0	289:3.22,598:3.06,316:2.99,530:2.92,385:2.91,162:2.89,760:2.83,466:2.81,1102:2.79,956:2.76,20:2.76,206:2.73,701:2.68,845:2.61,453:2.61,800:2.56,449:2.56,1160:2.55,950:2.54,317:2.51,556:2.48,457:2.47,1049:2.45,234:2.42,365:2.42,1133:2.42,380:2.39,85:2.34,22:2.29,18:2.28,685:2.12,720:2.09,113:2.06,305:2.01,425:2,164:1.99,40:1.87,203:1.74,1217:1.66,611:1.61,901:1.6
54	0	329:2.1,1002:1.92,9:1.89,528:1.84,375:1.77,1183:1.76,1222:1.75,843:1.73,99:1.72,619:1.71,1182:1.69,989:1.65,1231:1.63,160:1.62,420:1.61,130:1.58,134:1.57,119:1.55,444:1.54,1003:1.54,1145:1.53,683:1.53,482:1.52,374:1.51,541:1.5,314:1.49,606:1.48,285:1.48,872:1.47,793:1.46,575:1.45,870:1.44,755:1.44,230:1.43,62:1.4,327:1.4,186:1.38,381:1.38,718:1.33,514:1.33,226:1.33,343:1.3,939:1.29,171:1.28,859:1.25,927:1.25,131:1.25,91:1.24,73:1.23,224:1.23,562:1.22,907:1.22,324:1.18,1226:1.18,1159:1.16,448:1.15,141:1.15,121:1.14,804:1.13,1174:1.11,87:1.08,199:1.04,331:1.03,714:1.01,773:1,1001:0.99,139:0.99,777:0.98,618:0.97,908:0.92,590:0.92,80:0.84,297:0.82
56	0	107:5.67,237:5.55,106:5.46,878:4.84,564:4.74,336:4.74,791:4.59,895:4.57,563:4.45,1154:4.36,585:3.47,998:3.4,700:3.33,1144:3.33,726:3.27,357:3.27,214:3.13,765:3.1,948:3.05,1158:3.02,524:2.97,808:2.88,307:2.8,479:2.67,785:2.58,1146:2.47,1159:2.29
57	0	1013:3.5,819:3.47,820:3.35,663:3.32,1017:3.28,1128:3.24,664:3.03,645:3.02,665:2.99,559:2.94,1009:2.89,68:2.86,791:2.86,1091:2.86,672:2.81,1039:2.71,890:2.68,917:2.6,473:2.53,1154:2.41,1222:2.31,700:2.26,417:2.19,928:2.18,726:2.16,677:2.14,585:2.09,939:2.06,998:2.04,1079:1.97,1153:1.92,500:1.89,282:1.86,525:1.85,785:1.83,479:1.76,948:1.74,214:1.73,1158:1.68,62:1.59,1159:1.4
58	0	746:4.3,1070:4.19,519:4.08,510:3.99,244:3.48,1045:3.39,146:3.33,1019:3.3,831:3.28,492:2.93,840:2.88,1029:2.8,78:2.8,157:2.69,1082:2.65,662:2.53,1184:2.52,1139:2.51,6:2.48,136:2.38,876:2.31,936:2.24,38:2.22,680:2.21,282:2.21,1142:2.19,752:2.16,1232:2.14,229:2.09,525:2.09,417:2.08,1185:2.05,962:2.02,1173:1.97,961:1.96,864:1.88,693:1.87,634:1.8
60	0	589:7.07,140:6.7,138:6.57,682:5.46,8:5.33,159:5.19,527:5.13,419:5.11,938:4.99,1163:4.95,796:4.89,313:4.87,754:4.85,842:4.75,561:4.64,342:4.07,284:3.94,222:3.87,425:3.81,184:3.79,443:0.01,717:0.01
61	62	1002:2.13,160:1.98,482:1.91,329:1.89,1081:1.87,134:1.78,130:1.77,99:1.77,619:1.75,528:1.75,683:1.74,375:1.74,1183:1.74,9:1.72,230:1.72,1182:1.67,575:1.65,1003:1.62,793:1.6,755:1.6,541:1.6,374:1.59,514:1.58,420:1.57,1145:1.56,444:1.56,718:1.56,843:1.54,872:1.53,224:1.5,121:1.5,314:1.48,55:1.45,1222:1.44,1226:1.44,343:1.43,939:1.42,870:1.4,927:1.37,324:1.37,907:1.35,606:1.34,562:1.33,1001:1.32,285:1.31,131:1.3,1231:1.3,327:1.28,590:1.26,91:1.23,448:1.22,804:1.21,87:1.21,908:1.19,714:1.18,1174:1.18,618:1.17,141:1.17,171:1.16,859:1.12,73:1.11,139:1.09,381:1.06,331:1.02,226:1.02,199:0.95,80:0.93,297:0.92,1159:0.92,773:0.86
61	186	843:2.09,160:1.95,9:1.87,130:1.85,329:1.83,989:1.83,482:1.82,1002:1.78,619:1.78,541:1.78,575:1.75,1145:1.71,793:1.7,528:1.7,420:1.69,1222:1.68,134:1.64,1231:1.6,1182:1.59,99:1.59,119:1.57,1183:1.54,375:1.53,718:1.5,314:1.49,374:1.48,285:1.48,131:1.47,230:1.42,562:1.42,755:1.42,907:1.41,872:1.4,444:1.39,1226:1.38,1003:1.38,683:1.37,55:1.36,606:1.34,343:1.33,224:1.31,91:1.29,121:1.28,327:1.28,590:1.28,171:1.28,448:1.27,514:1.27,73:1.25,927:1.25,870:1.24,939:1.2,714:1.19,908:1.18,87:1.15,324:1.15,859:1.14,226:1.11,331:1.1,777:1.09,1174:1.06,139:1.05,80:1.04,618:1.03,804:1.01,381:0.99,199:0.97,1001:0.96,141:0.94,773:0.94,1159:0.9,297:0.89
63	0	603:12.4,600:11.81,1120:11.8,882:11.48,202:11.32,815:10.99,553:10.3,399:9.37,357:9.09,702:0.46,124:0.19,1126:0.16,411:0.15,349:0.13,348:0.1,122:0.09,203:0.08,102:0.02,177:0.02,351:0.01,352:0.01,850:0.01,1194:0.01
64	0	703:2.85,97:2.81,604:2.76,411:2.75,601:2.69,1194:2.68,352:2.67,196:2.57,981:2.48,543:2.48,394:2.41,631:2.4,462:2.26,851:2.21,178:2.18,500:2.13,1079:2.1,1184:2.07,1149:2.06,883:2.05,680:2.05,891:2.05,586:2.02,1006:1.99,712:1.98,1206:1.93,1126:1.92,1121:1.91,349:1.9,124:1.87,122:1.86,1103:1.76,319:1.75,203:1.73,348:1.73,961:1.71,790:1.7,103:1.67,979:1.66,924:1.66,121:1.61,1123:1.59,1217:1.57,804:1.56,1130:1.55,901:1.4,923:1.37,80:1.33,1001:1.32,199:1.24
66	0	558:16.42,916:15.01,1124:14.91,416:9.52,357:9.11,1144:8.98,281:8.75,524:8.18,808:8.08,644:0.19,699:0.16,584:0.14,107:0.13,563:0.08,57:0.08,564:0.06,947:0.05,307:0.05,106:0.05,237:0.05
67	0	237:3.86,106:3.58,107:3.17,1039:3.11,890:3.09,563:3.07,878:2.99,559:2.96,895:2.89,564:2.84,917:2.83,1004:2.8,57:2.72,473:2.68,1154:2.66,1222:2.66,791:2.65,336:2.65,645:2.45,939:2.22,525:2.2,677:2.2,500:2.15,282:2.14,700:2.12,417:2.1,1153:2.08,585:1.98,1079:1.95,998:1.9,726:1.89,62:1.88,307:1.86,214:1.85,765:1.84,928:1.83,785:1.81,1158:1.78,479:1.77,948:1.76,1146:1.57,1159:1.46
69	0	828:5.42,954:5.4,33:5.38,30:5.31,388:5.26,93:5.08,932:4.33,153:4.26,278:4.11,192:4.07,413:4.07,676:3.95,836:3.9,521:3.9,569:3.73,748:3.42,2:3.37,363:3.28,44:3.16,566:3.02,15:2.95,294:2.94,168:2.65,781:2.63,438:2.24,47:2.15,1197:0.01,484:0.01
70	0	24:1.97,490:1.66,837:1.65,89:1.6,279:1.53,1117:1.51,368:1.49,154:1.49,855:1.44,169:1.38,698:1.37,110:1.37,379:1.36,594:1.36,495:1.36,716:1.35,581:1.34,480:1.33,522:1.32,574:1.31,103:1.27,991:1.27,446:1.26,933:1.25,928:1.24,182:1.21,788:1.2,929:1.2,1116:1.18,1036:1.18,1153:1.18,1172:1.18,307:1.17,1123:1.17,369:1.17,779:1.16,736:1.14,974:1.14,31:1.14,537:1.13,749:1.13,995:1.13,970:1.12,432:1.08,477:1.07,189:1.06,300:1.05,1177:1.05,1199:1.05,972:1.05,623:1.04,460:1.04,867:1.03,806:1.03,783:1.03,677:1.03,45:1.02,874:1.02,414:1.02,3:1,1215:1,616:0.99,570:0.97,1146:0.97,734:0.96,94:0.96,1038:0.95,1201:0.95,1055:0.94,866:0.92,773:0.91,42:0.9,1200:0.89,345:0.88,1125:0.87,977:0.85,34:0.85,572:0.85,73:0.84,567:0.84,611:0.83,479:0.83,955:0.82,389:0.8,923:0.78,1141:0.76,297:0.74,1130:0.73,49:0.7,485:0.64
72	0	1041:1.67,1039:1.58,1040:1.57,169:1.47,843:1.42,160:1.41,110:1.36,99:1.35,368:1.32,1081:1.29,9:1.28,89:1.25,619:1.24,1222:1.23,134:1.23,594:1.2,1002:1.2,755:1.18,793:1.18,929:1.18,528:1.18,1116:1.17,927:1.16,829:1.15,343:1.14,477:1.13,130:1.13,314:1.13,55:1.12,329:1.11,131:1.09,1145:1.09,514:1.08,683:1.07,230:1.07,285:1.07,995:1.06,718:1.06,374:1.05,991:1.05,375:1.05,870:1.04,186:1.04,121:1.02,94:1.02,541:1.01,420:1,432:1,444:1,1231:0.99,928:0.98,224:0.97,87:0.97,327:0.95,907:0.93,562:0.93,872:0.92,939:0.92,448:0.91,62:0.91,716:0.91,1003:0.91,1215:0.89,381:0.88,460:0.88,1055:0.88,91:0.88,570:0.87,618:0.86,590:0.86,1130:0.86,1226:0.85,874:0.85,616:0.85,1125:0.85,606:0.84,226:0.84,1001:0.83,139:0.83,479:0.81,1123:0.8,908:0.79,783:0.79,714:0.78,324:0.77,80:0.77,34:0.76,804:0.76,1159:0.75,141:0.74,199:0.73,1174:0.72,859:0.71,31:0.71,297:0.68,970:0.67,3:0.67,71:0.64,45:0.63,773:0.62
74	0	958:4.88,589:4.8,138:4.63,774:4.56,185:4.49,577:4.43,721:4.36,320:4.32,550:4.2,140:4.19,388:4.11,105:4.11,723:3.92,51:3.88,95:3.8,591:3.65,390:3.61,1113:3.55,1109:3.22,247:3.01,863:2.97,561:2.93,685:2.63,284:2.55,222:2.54,469:2.47,1170:2.19
75	0	770:2.36,1209:2.34,434:2.33,869:2.28,975:2.16,28:2.14,475:2.11,334:2.11,775:2.06,232:2.01,551:1.99,1208:1.95,384:1.92,555:1.92,208:1.85,899:1.84,959:1.84,722:1.78,319:1.77,501:1.73,34:1.66,497:1.66,340:1.62,285:1.59,348:1.59,489:1.58,498:1.58,436:1.57,578:1.56,213:1.53,1211:1.52,1202:1.51,391:1.5,648:1.5,925:1.49,1152:1.49,349:1.47,221:1.46,31:1.45,724:1.45,142:1.44,995:1.42,112:1.42,892:1.4,795:1.38,728:1.37,1137:1.35,414:1.34,583:1.34,864:1.31,643:1.29,324:1.24,448:1.24,562:1.22,1114:1.18,974:1.16,381:1.13,141:1.13,714:1.12,389:1.11,139:1.09,859:1.06,590:0.99
77	0	321:3.87,580:3.58,539:3.5,840:3.37,492:3.35,126:3.34,38:3.26,656:3.22,157:3.21,662:3.09,766:2.99,136:2.89,1184:2.89,801:2.79,752:2.77,680:2.76,1142:2.72,417:2.69,525:2.66,1185:2.61,6:2.5,876:2.46,282:2.43,229:2.39,1232:2.37,688:2.34,936:2.33,1158:2.25,783:2.25,962:2.25,961:2.24,340:2.23,864:2.21,1173:2.17,693:2.17,634:2.16,977:1.69
79	80	196:1.54,601:1.42,352:1.37,1194:1.35,65:1.34,981:1.33,411:1.3,631:1.3,604:1.23,97:1.23,394:1.17,843:1.17,285:1.14,103:1.13,9:1.11,224:1.11,703:1.1,528:1.08,1002:1.07,134:1.07,619:1.07,178:1.07,124:1.06,1182:1.05,122:1.05,891:1.03,482:1.02,989:1.02,119:1.01,1183:1,374:0.99,1079:0.98,327:0.98,901:0.96,314:0.96,680:0.96,924:0.96,872:0.96,375:0.95,160:0.95,961:0.94,99:0.94,755:0.92,575:0.91,324:0.9,500:0.9,1126:0.9,541:0.9,543:0.9,1103:0.9,1206:0.9,420:0.9,1149:0.89,907:0.89,131:0.88,186:0.88,718:0.88,462:0.87,851:0.86,514:0.85,121:0.85,939:0.85,1003:0.85,793:0.84,319:0.83,883:0.82,683:0.82,1145:0.81,714:0.81,55:0.81,1217:0.81,448:0.81,712:0.79,1006:0.79,586:0.78,444:0.78,348:0.77,1001:0.77,790:0.76,590:0.76,606:0.75,1121:0.75,91:0.75,141:0.75,73:0.74,349:0.73,343:0.73,804:0.73,1130:0.73,562:0.72,62:0.72,203:0.7,870:0.7,618:0.69,908:0.69,381:0.68,1159:0.68,1123:0.68,87:0.67,171:0.65,979:0.65,927:0.65,1174:0.65,1226:0.63,226:0.62,331:0.61,859:0.61,139:0.61,777:0.58,773:0.58,923:0.53,297:0.43
79	199	1194:1.5,981:1.42,65:1.37,543:1.33,604:1.31,196:1.3,703:1.2,160:1.19,411:1.19,97:1.18,352:1.17,843:1.17,1183:1.16,601:1.1,528:1.09,1002:1.08,619:1.08,186:1.08,575:1.07,482:1.05,1126:1.05,631:1.05,883:1.02,1182:1.02,119:1.02,224:1,500:0.99,349:0.99,99:0.99,394:0.99,314:0.99,712:0.98,891:0.97,1121:0.96,178:0.95,1079:0.95,134:0.95,718:0.95,541:0.94,444:0.94,514:0.93,103:0.93,924:0.93,989:0.92,1226:0.92,324:0.91,343:0.91,462:0.9,374:0.9,348:0.9,793:0.9,961:0.89,171:0.89,907:0.89,375:0.88,1206:0.88,939:0.87,680:0.87,872:0.87,285:0.87,1103:0.86,420:0.86,87:0.86,124:0.85,9:0.85,122:0.84,1003:0.83,851:0.83,606:0.83,755:0.82,331:0.82,927:0.82,870:0.81,1130:0.81,1217:0.81,586:0.79,131:0.79,55:0.78,381:0.78,683:0.78,979:0.76,1149:0.76,859:0.75,1145:0.75,562:0.75,1123:0.75,714:0.75,327:0.74,1174:0.71,139:0.71,1001:0.71,73:0.71,319:0.71,777:0.71,901:0.7,618:0.7,790:0.69,590:0.69,448:0.68,141:0.68,203:0.68,226:0.67,1006:0.66,62:0.66,91:0.66,121:0.65,804:0.65,773:0.62,908:0.61,1159:0.59,923:0.58,297:0.44
81	0	1157:2.86,904:2.69,896:2.42,625:2.34,1218:2.19,888:2.17,612:2.11,26:2.06,993:2.03,902:1.98,555:1.93,861:1.93,650:1.93,383:1.91,964:1.9,181:1.89,802:1.87,101:1.84,125:1.78,727:1.76,1195:1.74,991:1.7,1109:1.67,212:1.67,548:1.66,208:1.64,705:1.6,338:1.6,905:1.58,657:1.57,706:1.57,1105:1.56,614:1.54,984:1.54,504:1.53,732:1.53,399:1.52,1077:1.5,436:1.5,848:1.49,462:1.49,966:1.46,1205:1.44,227:1.41,643:1.37,1150:1.36,874:1.35,621:1.34,763:1.32,205:1.32,906:1.28,1137:1.27,171:1.25,720:1.21,1171:1.19,948:1.17,1114:1.15,1103:1.15,623:1.13,1215:1.12,1141:0.92
82	0	243:2.38,1187:2.34,667:2.29,919:2.27,403:2.22,821:2.21,904:2.07,822:2.06,145:2.01,909:1.97,663:1.95,1080:1.92,1017:1.88,626:1.83,830:1.81,810:1.8,1014:1.73,629:1.72,1015:1.71,125:1.7,823:1.7,491:1.69,861:1.65,964:1.64,26:1.61,1025:1.58,548:1.56,1008:1.53,384:1.5,1020:1.49,135:1.49,430:1.49,848:1.48,614:1.46,555:1.43,473:1.42,905:1.41,501:1.41,181:1.4,208:1.4,436:1.38,650:1.36,420:1.29,101:1.29,1176:1.26,984:1.24,706:1.23,1195:1.23,212:1.22,1114:1.21,462:1.17,991:1.16,948:1.14,1215:1.13,763:1.12,1177:1.11,1175:1.09,906:1.09,623:1.09,1103:1.07,874:1.05,1141:1,657:0.99,1174:0.98,966:0.96,1173:0.93
84	0	365:1.48,612:1.47,941:1.45,317:1.45,241:1.41,372:1.4,455:1.39,488:1.36,128:1.35,800:1.34,494:1.34,497:1.34,655:1.33,453:1.33,359:1.31,207:1.31,651:1.31,766:1.3,113:1.3,217:1.29,449:1.29,701:1.28,380:1.28,845:1.27,53:1.25,1160:1.25,178:1.25,115:1.25,533:1.24,310:1.24,546:1.24,848:1.23,18:1.22,950:1.19,598:1.18,1228:1.18,799:1.17,233:1.17,857:1.17,441:1.17,234:1.17,586:1.16,142:1.14,423:1.12,1149:1.11,1205:1.11,685:1.11,1207:1.11,987:1.1,1049:1.1,451:1.09,302:1.09,556:1.08,123:1.07,870:1.06,992:1.06,305:1.06,688:1.05,457:1.04,1206:1.04,998:1.04,553:1.03,805:1,227:0.99,22:0.97,439:0.97,606:0.97,164:0.96,1211:0.96,40:0.95,226:0.93,758:0.93,726:0.92,312:0.9,1148:0.88,966:0.88,203:0.87,42:0.85,189:0.85,901:0.84,369:0.84,1217:0.84,720:0.83,653:0.8,611:0.78,785:0.78,955:0.75,693:0.72,970:0.71,790:0.61
86	0	1182:2.64,314:2.63,575:2.6,1003:2.55,99:2.54,482:2.32,119:2.28,224:2.26,619:2.26,375:2.23,718:2.22,989:2.21,55:2.19,541:2.1,117:2.09,374:2.08,872:2.06,606:2.05,186:2.03,514:2,1183:2,444:1.98,907:1.91,448:1.88,195:1.88,310:1.83,121:1.83,870:1.75,327:1.75,324:1.72,226:1.7,804:1.66,171:1.65,859:1.64,62:1.64,331:1.61,562:1.61,141:1.58,714:1.58,73:1.56,590:1.56,1001:1.54,211:1.54,1174:1.5,908:1.5,1159:1.47,618:1.4,381:1.4,139:1.39,777:1.38,773:1.33,199:1.31,80:1.31,297:1.24,528:0.01,343:0.01,683:0.01
88	0	368:4.04,379:3.99,594:3.81,991:3.57,829:3.57,110:3.48,169:3.3,928:3.04,1125:2.96,31:2.93,1116:2.88,477:2.88,929:2.85,1215:2.78,995:2.77,460:2.74,42:2.7,716:2.63,1130:2.62,874:2.6,783:2.59,570:2.59,616:2.56,34:2.53,479:2.52,3:2.47,970:2.46,49:2.44,94:2.43,432:2.41,1123:2.31,1055:2.23,73:2.15,773:2.05,71:1.99,45:1.94,1041:0.04,1040:0.04,1019:0.03,211:0.02,818:0.02,1005:0.01,24:0.01,1143:0.01,1050:0.01
90	0	813:2.27,843:2.27,1016:2.19,99:2.13,329:2.11,55:2.02,1002:2,160:1.97,939:1.97,528:1.95,1081:1.92,1222:1.91,375:1.9,134:1.87,285:1.83,514:1.83,1231:1.81,9:1.81,420:1.81,186:1.77,1003:1.77,444:1.73,230:1.72,130:1.71,1226:1.66,907:1.65,224:1.6,793:1.6,374:1.57,131:1.57,448:1.56,718:1.55,541:1.54,606:1.54,755:1.53,73:1.52,683:1.52,62:1.5,872:1.5,343:1.46,314:1.44,1145:1.44,870:1.42,226:1.38,139:1.38,927:1.34,562:1.3,714:1.28,590:1.28,859:1.25,804:1.24,618:1.22,87:1.18,141:1.18,1174:1.18,381:1.15,773:1.08,1159:1.04,908:1.04,1001:1.04,121:1.04,80:1.03,199:1.01,297:0.92
92	0	1131:7.09,200:6.34,30:6.24,322:6.2,33:6.05,633:5.96,828:5.82,504:5.57,1005:4.72,1143:4.5,1144:4.44,911:4.19,44:4.17,1118:4.15,363:4.01,2:3.94,70:3.54,294:3.43,168:3.27,15:3.2,211:3.16,569:0.01
93	0	378:2.25,997:2.13,362:1.99,1025:1.92,829:1.92,588:1.91,880:1.85,454:1.84,379:1.83,110:1.74,889:1.73,502:1.67,368:1.63,594:1.62,1004:1.62,89:1.59,1195:1.54,169:1.53,706:1.48,1207:1.44,783:1.41,503:1.39,995:1.38,803:1.37,1148:1.36,928:1.35,716:1.35,1226:1.35,1142:1.35,31:1.34,929:1.34,892:1.34,460:1.32,874:1.31,749:1.31,1076:1.3,451:1.3,962:1.28,927:1.27,1116:1.27,34:1.27,477:1.27,970:1.26,795:1.25,616:1.24,734:1.24,1038:1.23,73:1.21,467:1.2,1125:1.2,1055:1.19,991:1.19,936:1.18,49:1.17,806:1.16,648:1.14,1199:1.14,570:1.12,42:1.11,3:1.08,1130:1.08,479:1.08,634:1.07,71:1.06,1200:1.05,618:1.04,45:1.03,1201:1.02,736:1,972:1,1123:0.97,432:0.97,773:0.94,1215:0.92
95	0	770:2.35,775:2.16,1208:2.16,475:2.13,959:2.12,501:2.06,869:2.06,551:2.05,232:2.04,434:2.03,1209:2.02,899:1.96,334:1.91,1082:1.88,722:1.86,498:1.84,384:1.83,1233:1.8,555:1.75,436:1.75,489:1.71,925:1.64,1152:1.57,578:1.57,1225:1.57,1139:1.55,497:1.54,1202:1.53,1211:1.48,391:1.45,142:1.45,643:1.44,926:1.44,648:1.44,285:1.43,213:1.42,1114:1.41,995:1.38,34:1.38,349:1.38,583:1.37,76:1.36,724:1.35,1137:1.34,795:1.34,112:1.34,864:1.33,348:1.33,340:1.28,448:1.27,974:1.25,31:1.23,139:1.22,562:1.21,892:1.2,728:1.18,324:1.17,414:1.16,141:1.15,714:1.11,859:1.08,590:1.08,381:1.06,319:1.04,389:1.01
96	0	411:3.05,196:3.01,1194:2.84,703:2.81,604:2.62,601:2.59,394:2.51,65:2.47,543:2.46,981:2.45,352:2.41,178:2.38,631:2.36,851:2.26,500:2.23,349:2.21,891:2.15,586:2.13,1079:2.11,348:2.11,1206:2.1,1126:2.06,1149:2.05,1121:2.02,124:2.02,462:2,103:2,712:1.99,979:1.98,961:1.98,883:1.95,924:1.95,1103:1.94,122:1.94,203:1.87,319:1.85,121:1.83,790:1.77,901:1.75,1130:1.74,1217:1.71,1006:1.7,804:1.6,1123:1.52,1001:1.48,80:1.38,923:1.36,199:1.3
98	0	575:2.56,619:2.53,989:2.41,482:2.41,1182:2.41,870:2.39,374:2.29,718:2.25,224:2.25,1183:2.24,314:2.21,55:2.19,606:2.17,186:2.13,117:2.12,1003:2.11,872:2.09,444:2.09,119:2.08,375:2.06,541:2.03,195:1.98,907:1.94,324:1.86,73:1.84,514:1.84,87:1.83,211:1.83,327:1.8,62:1.78,331:1.75,448:1.73,121:1.73,908:1.7,562:1.67,618:1.66,171:1.63,310:1.63,804:1.61,1174:1.55,141:1.49,139:1.48,773:1.47,590:1.47,226:1.46,1001:1.45,714:1.42,859:1.4,381:1.4,80:1.36,1159:1.35,777:1.33,199:1.3,297:1.16,159:0.01,134:0.01,222:0.01,842:0.01,8:0.01,683:0.01,160:0.01,425:0.01
100	0	430:4.28,135:4.09,26:4.03,338:3.97,964:3.93,629:3.92,125:3.9,861:3.88,487:3.77,181:3.66,548:3.65,905:3.53,1176:3.15,82:3.12,966:3.05,1205:3.03,763:3.02,643:2.87,621:2.87,1215:2.8,1175:2.77,906:2.72,874:2.6,948:2.6,720:2.6,1103:2.42,1173:2.41,1114:2.37,1177:2.35,171:2.31,1174:2.17,1141:2.16
102	103	513:1.94,1010:1.91,505:1.89,506:1.87,811:1.72,1127:1.69,507:1.64,812:1.57,196:1.54,490:1.52,65:1.52,665:1.48,1042:1.41,1011:1.38,543:1.37,279:1.34,631:1.34,1026:1.32,823:1.31,698:1.27,981:1.27,837:1.24,97:1.23,574:1.21,1040:1.21,394:1.19,154:1.16,522:1.14,182:1.12,495:1.12,500:1.1,883:1.08,867:1.08,933:1.08,604:1.06,601:1.05,537:1.05,462:1.01,1121:1,319:1,1044:0.99,1149:0.99,1036:0.99,1184:0.98,1123:0.98,788:0.97,1200:0.96,779:0.95,1231:0.95,866:0.94,1233:0.94,712:0.94,1130:0.91,961:0.91,623:0.91,749:0.9,1079:0.9,586:0.89,677:0.88,680:0.88,790:0.88,1006:0.87,1232:0.87,1172:0.86,414:0.86,806:0.86,891:0.85,1153:0.85,1103:0.84,1177:0.84,972:0.82,1038:0.81,432:0.8,851:0.8,1141:0.79,924:0.79,572:0.78,567:0.78,3:0.78,1201:0.77,300:0.77,977:0.76,1146:0.75,974:0.71,736:0.71,121:0.71,80:0.69,1199:0.68,45:0.68,71:0.65,955:0.63,1001:0.61,199:0.6,297:0.59,389:0.59,485:0.59,923:0.59
102	1117	507:2.18,513:2.16,505:1.86,506:1.77,811:1.77,1127:1.7,1026:1.66,1010:1.57,1042:1.55,665:1.53,1040:1.44,812:1.42,1233:1.41,196:1.38,490:1.37,601:1.35,1011:1.35,604:1.29,823:1.28,65:1.21,788:1.19,981:1.18,462:1.18,154:1.18,631:1.18,495:1.16,933:1.16,279:1.15,837:1.15,537:1.13,543:1.12,1172:1.1,574:1.09,698:1.08,97:1.06,182:1.06,1044:1.06,1153:1.06,680:1.06,883:1.05,779:1.04,851:1.03,586:1.02,522:1,394:0.99,1232:0.99,1121:0.99,500:0.99,319:0.97,1184:0.96,1149:0.96,974:0.95,749:0.94,867:0.93,1036:0.92,572:0.89,1123:0.88,414:0.88,866:0.87,736:0.87,677:0.87,1231:0.87,300:0.86,623:0.86,1038:0.86,961:0.84,1079:0.83,891:0.83,1199:0.83,712:0.82,567:0.8,432:0.78,1006:0.78,924:0.77,972:0.76,1130:0.76,1103:0.76,485:0.75,1177:0.75,790:0.74,121:0.73,1200:0.73,389:0.71,1201:0.7,3:0.7,977:0.69,1141:0.69,80:0.68,923:0.68,297:0.66,955:0.66,806:0.65,1146:0.62,45:0.6,199:0.57,1001:0.55,71:0.54
104	0	774:9.02,51:7.76,28:6.97,95:6.71,75:6.7,247:6.56,207:6.34,561:5.85,1109:5.75,1005:5.5,221:5.17,284:4.72,195:4.66,340:4.63,685:4.57,469:4.56,1170:4.38,1137:0.04,112:0.03,448:0.02,648:0.02,555:0.01,76:0.01,111:0.01,232:0.01
108	0	143:3.07,797:2.86,242:2.85,1096:2.8,499:2.67,598:2.57,950:2.49,449:2.49,115:2.47,941:2.43,1007:2.39,372:2.37,241:2.36,857:2.33,234:2.32,128:2.32,1228:2.3,453:2.29,217:2.29,651:2.28,1225:2.26,701:2.24,992:2.22,85:2.21,533:2.2,233:2.19,926:2.13,887:2.09,758:2.09,423:1.98,18:1.97,1006:1.91,546:1.91,800:1.87,805:1.85,1148:1.81,924:1.77,901:1.76,653:1.69,790:1.65,693:1.61,970:1.59,1217:1.59,720:1.37,611:1.37,785:1.36,955:1.36
109	110	24:4.58,379:4.28,89:3.86,368:3.84,594:3.73,169:3.66,991:3.19,31:3.05,477:2.99,716:2.97,42:2.94,928:2.82,460:2.81,1116:2.77,929:2.77,783:2.72,34:2.71,3:2.67,874:2.67,1123:2.64,970:2.61,1055:2.59,995:2.59,1215:2.57,432:2.53,570:2.53,479:2.5,45:2.44,94:2.41,1130:2.41,616:2.3,49:2.26,71:2.2,773:2.19,73:2.13,1041:0.02,828:0.01,1039:0.01,829:0.01,1040:0.01,1143:0.01
109	1125	24:4.67,89:4.14,594:3.79,379:3.78,991:3.48,169:3.46,368:3.44,929:3.27,716:3.2,42:3.12,1116:3.06,928:2.95,34:2.9,460:2.9,477:2.84,783:2.82,31:2.73,995:2.67,479:2.64,570:2.63,1215:2.59,616:2.57,874:2.53,94:2.5,970:2.46,3:2.45,1055:2.45,1123:2.35,73:2.35,432:2.28,49:2.26,45:2.26,773:2.17,71:2.11,1130:2.03,1040:0.03,829:0.03,828:0.03,1039:0.02,1144:0.01,1041:0.01,1143:0.01,1005:0.01
111	0	1209:2.57,475:2.51,775:2.46,551:2.31,869:2.16,232:2.14,770:2.12,959:2.02,1208:2,975:1.98,899:1.92,434:1.92,722:1.87,497:1.86,799:1.85,28:1.84,334:1.84,208:1.82,76:1.8,498:1.78,436:1.71,1137:1.7,578:1.69,501:1.67,555:1.65,1202:1.64,925:1.62,391:1.6,384:1.58,892:1.55,213:1.54,142:1.53,448:1.5,1152:1.46,349:1.46,583:1.46,864:1.45,728:1.44,324:1.44,34:1.43,348:1.42,724:1.41,340:1.39,643:1.38,319:1.38,995:1.37,1211:1.37,795:1.35,221:1.34,414:1.33,648:1.31,974:1.29,1114:1.25,31:1.24,562:1.23,389:1.23,714:1.21,590:1.2,859:1.18,141:1.13,381:1.09,139:1.01
112	0	1020:2.26,592:2.25,401:2.25,1014:2.21,664:2.16,475:2.09,818:2.07,869:2.06,1028:2.04,770:2,1209:2,1015:1.98,830:1.98,1009:1.95,775:1.95,1208:1.94,551:1.87,434:1.78,1225:1.75,555:1.71,1233:1.69,959:1.69,334:1.67,232:1.65,722:1.58,1139:1.58,1082:1.57,208:1.54,578:1.5,497:1.49,728:1.46,501:1.46,864:1.44,926:1.44,498:1.43,892:1.43,384:1.4,1202:1.38,436:1.38,76:1.37,995:1.36,583:1.35,142:1.34,391:1.32,974:1.32,648:1.3,724:1.29,213:1.28,1152:1.26,319:1.24,31:1.24,1211:1.22,285:1.22,34:1.15,562:1.14,381:1.14,925:1.13,859:1.1,139:1.1,389:1.1,1114:1.09,590:1.08,414:1.05,141:0.87,714:0.86
113	0	798:4.18,1060:3.82,143:3.78,499:3.78,1091:3.53,797:3.35,115:3.34,1056:3.31,1096:3.26,941:3.24,651:3.22,217:3.13,372:3.11,241:3.1,1007:3.09,1225:3.07,1228:3.06,857:3.01,128:2.98,533:2.94,488:2.93,653:2.92,926:2.84,233:2.64,992:2.63,887:2.58,546:2.45,1006:2.28,924:2.17,790:2.17,693:2.13,955:2.04,1148:2.01,785:1.91
114	0	1011:3.1,823:3.08,1042:3.05,665:2.9,812:2.8,1026:2.8,1233:2.7,837:2.67,522:2.51,154:2.47,279:2.46,698:2.45,1117:2.28,495:2.28,1231:2.19,1153:2.13,1172:2.09,788:2.08,933:2.07,1044:2.04,867:2.02,103:1.98,749:1.96,414:1.93,1232:1.92,537:1.87,182:1.87,677:1.84,623:1.83,866:1.82,1038:1.75,806:1.74,736:1.73,1177:1.73,1199:1.72,432:1.7,3:1.69,974:1.68,567:1.65,1036:1.54,1201:1.53,1200:1.5,923:1.49,389:1.48,977:1.45,955:1.43,1141:1.39,45:1.28,485:1.17,71:1.16
116	0	682:3.01,938:2.91,8:2.89,159:2.86,989:2.85,313:2.79,419:2.73,842:2.65,796:2.63,527:2.63,1183:2.59,986:2.57,619:2.57,119:2.56,754:2.55,1003:2.52,1182:2.44,99:2.44,575:2.41,284:2.36,224:2.36,482:2.35,342:2.33,1163:2.27,514:2.25,222:2.2,870:2.11,327:2.1,87:2.07,310:2.05,606:2.03,171:1.98,184:1.98,195:1.95,448:1.93,324:1.86,331:1.85,211:1.83,804:1.82,425:1.75,1001:1.61,777:1.56,618:1.46,297:1.33,872:0.01
117	0	1058:3.63,245:3.08,672:2.99,1034:2.96,813:2.71,1016:2.61,329:2.49,843:2.36,160:2.35,285:2.31,9:2.27,1002:2.26,528:2.24,1081:2.22,1231:2.02,420:2.02,130:2.01,872:2,134:1.99,1222:1.97,718:1.95,55:1.92,444:1.92,755:1.92,186:1.9,1226:1.84,541:1.82,1145:1.81,683:1.8,131:1.8,314:1.8,907:1.78,62:1.78,793:1.74,343:1.73,73:1.72,939:1.7,91:1.69,1174:1.68,927:1.67,908:1.57,714:1.52,562:1.45,121:1.44,80:1.44,141:1.43,773:1.42,139:1.37,199:1.35,590:1.28,1159:1.27
118	0	159:2.47,419:2.38,796:2.35,682:2.33,575:2.28,8:2.27,938:2.24,989:2.21,527:2.17,1183:2.16,99:2.16,842:2.16,754:2.11,482:2.08,1163:2.08,986:2.07,374:2.05,117:2.03,284:2,375:1.99,619:1.95,224:1.91,1182:1.86,444:1.82,327:1.82,514:1.78,872:1.78,222:1.76,195:1.7,606:1.69,310:1.69,87:1.69,425:1.68,331:1.65,342:1.62,184:1.61,1003:1.58,324:1.57,870:1.5,804:1.46,226:1.46,381:1.41,448:1.39,777:1.37,859:1.36,618:1.35,211:1.35,590:1.34,139:1.33,171:1.3,773:1.28,199:1.25,80:1.25,1001:1.24,1159:1.24,141:1.21,297:1.16
120	0	813:2.43,619:2.33,329:2.3,1081:2.09,528:2.05,99:2.02,1002:2,130:1.97,843:1.92,134:1.87,9:1.82,160:1.82,1016:1.8,230:1.73,1231:1.73,870:1.71,444:1.7,420:1.67,718:1.62,541:1.59,683:1.59,374:1.57,375:1.56,327:1.56,1222:1.55,755:1.53,314:1.52,793:1.51,1003:1.51,606:1.5,514:1.49,55:1.49,224:1.49,186:1.48,939:1.48,324:1.46,872:1.44,1226:1.39,927:1.38,285:1.37,87:1.37,131:1.36,226:1.33,859:1.33,562:1.33,908:1.32,907:1.32,343:1.32,62:1.3,91:1.3,448:1.27,1145:1.26,804:1.21,141:1.2,714:1.19,1174:1.18,1159:1.17,773:1.16,139:1.11,381:1.07,73:1.05,590:1.03,618:1.03,297:0.98,199:0.96,80:0.93,1001:0.88
123	212	740:2.01,662:1.98,493:1.96,642:1.93,127:1.89,848:1.77,876:1.7,169:1.69,359:1.67,688:1.66,6:1.66,655:1.63,423:1.61,142:1.6,494:1.6,455:1.59,441:1.58,766:1.58,130:1.58,42:1.57,614:1.56,987:1.55,979:1.54,451:1.53,851:1.52,213:1.51,1149:1.5,369:1.5,1205:1.49,657:1.49,1207:1.48,1211:1.47,305:1.47,758:1.46,793:1.46,85:1.43,1055:1.42,227:1.42,1176:1.42,18:1.41,546:1.41,586:1.4,898:1.39,570:1.38,583:1.38,726:1.38,763:1.37,653:1.33,1206:1.33,621:1.33,497:1.32,189:1.3,567:1.28,870:1.26,164:1.25,998:1.25,178:1.24,214:1.2,606:1.2,302:1.2,945:1.19,966:1.18,312:1.18,391:1.15,226:1.14,205:1.08,49:1.07,768:1.06,777:0.86
123	925	493:2.3,127:2.06,642:2,740:1.99,848:1.84,662:1.84,655:1.8,359:1.73,494:1.72,766:1.69,987:1.68,876:1.65,227:1.63,497:1.61,130:1.6,169:1.6,614:1.59,1211:1.56,451:1.56,85:1.53,18:1.53,312:1.52,1176:1.51,6:1.51,189:1.5,653:1.5,851:1.49,966:1.49,546:1.48,142:1.47,586:1.47,455:1.46,688:1.46,1206:1.46,441:1.45,305:1.45,164:1.41,758:1.4,423:1.4,657:1.38,726:1.37,302:1.37,763:1.36,369:1.35,998:1.35,391:1.34,1149:1.34,42:1.34,1205:1.34,214:1.33,606:1.33,213:1.33,979:1.33,570:1.32,1207:1.24,793:1.24,49:1.23,583:1.23,898:1.22,621:1.17,178:1.17,567:1.13,226:1.11,205:1.1,1055:1.1,870:1.09,768:1.03,945:0.94,777:0.88
125	0	919:4.48,821:4.37,243:4.21,1080:3.97,810:3.83,1187:3.81,145:3.63,1020:3.62,667:3.5,1014:3.43,1017:3.42,1046:3.19,430:3.1,101:3.08,861:2.95,181:2.94,135:2.92,548:2.89,487:2.7,629:2.68,964:2.53,1114:2.37,763:2.3,905:2.26,966:2.2,1176:2.2,1175:2.14,1215:2.14,906:2.14,1173:2.13,874:2.03,948:1.9,1174:1.75,1177:1.66,1141:1.53
126	0	1029:3.63,244:3.57,1045:3.41,840:3.29,146:3.17,539:3.17,59:3.1,157:3.08,38:3.08,831:3.04,662:3,1139:2.94,1019:2.88,78:2.84,136:2.84,1082:2.78,282:2.69,680:2.67,752:2.6,1184:2.57,876:2.54,1142:2.45,6:2.44,688:2.32,1185:2.32,417:2.31,936:2.3,525:2.3,962:2.3,1232:2.27,229:2.22,1158:2.12,693:2.03,864:2.02,634:2.01,961:2.01,977:1.87,1173:1.82
129	0	1058:3.53,245:3.08,1034:2.82,813:2.71,329:2.6,160:2.58,672:2.55,1016:2.37,843:2.31,1002:2.28,186:2.26,230:2.25,134:2.22,528:2.22,1222:2.21,1081:2.2,9:2.18,755:2.13,1231:2.09,314:2.06,793:1.96,541:1.96,939:1.95,55:1.94,683:1.94,131:1.91,927:1.89,285:1.88,91:1.84,444:1.83,718:1.82,420:1.81,62:1.8,1145:1.76,872:1.74,907:1.68,1226:1.67,343:1.67,562:1.59,590:1.56,121:1.55,908:1.52,80:1.49,73:1.46,1174:1.41,199:1.37,714:1.37,141:1.35,1159:1.3,139:1.23,773:1.1
133	135	1080:4.57,821:4.15,810:4.14,1020:3.82,1017:3.72,1014:3.66,491:3.58,430:3.4,548:3.37,964:3.35,181:3.32,629:3.15,101:3.13,125:3.06,26:3.06,487:2.97,338:2.92,905:2.84,861:2.83,966:2.51,948:2.47,1114:2.37,1205:2.35,720:2.26,1103:2.23,1175:2.21,874:2.19,763:2.19,1177:2.16,1176:2.15,1174:2.1,906:2.06,1215:2.04,1173:1.95,1141:1.72
133	134	813:2.69,329:2.25,1016:2.08,1081:2.08,99:2.03,160:2.01,374:1.95,843:1.93,528:1.91,1002:1.89,9:1.87,1222:1.86,420:1.82,793:1.81,541:1.81,131:1.78,755:1.77,1145:1.75,1231:1.75,224:1.67,314:1.67,55:1.66,230:1.64,343:1.64,1003:1.62,130:1.61,718:1.61,927:1.6,606:1.59,683:1.53,870:1.53,939:1.52,444:1.51,872:1.5,859:1.49,375:1.49,87:1.48,121:1.46,285:1.46,186:1.45,139:1.44,91:1.42,448:1.42,1226:1.41,514:1.41,714:1.4,562:1.39,907:1.36,590:1.33,226:1.32,62:1.32,908:1.31,804:1.29,73:1.24,618:1.21,381:1.2,773:1.18,1159:1.18,1174:1.18,80:1.1,141:1.1,1001:1.04,297:1.01,199:0.97
133	136	59:3.18,580:3.15,1029:3.06,1019:3.04,157:2.97,831:2.95,662:2.94,126:2.93,656:2.78,78:2.76,38:2.75,539:2.72,840:2.66,766:2.63,6:2.6,752:2.59,1139:2.58,801:2.53,1082:2.52,229:2.47,680:2.42,492:2.42,1184:2.39,417:2.36,1185:2.35,282:2.34,876:2.29,783:2.19,961:2.17,864:2.16,1142:2.16,1173:2.1,1232:2.08,962:1.99,688:1.98,525:1.89,936:1.87,634:1.87,1158:1.85,693:1.74,977:1.57
133	196	811:4.35,1010:4.2,1040:3.78,97:3.23,65:3.05,604:2.95,500:2.89,601:2.88,543:2.88,631:2.84,394:2.82,981:2.77,883:2.69,1184:2.55,103:2.51,891:2.5,462:2.48,924:2.46,680:2.39,712:2.37,1149:2.32,1121:2.3,586:2.27,1079:2.26,1123:2.22,1206:2.2,961:2.18,851:2.15,319:2.11,1217:2.08,804:2.01,1103:1.97,121:1.96,1006:1.95,1130:1.93,790:1.73,901:1.66,80:1.62,923:1.56,1001:1.49,199:1.44
133	197	1018:4.14,1085:3.94,968:3.67,824:3.58,1028:3.56,1027:3.44,1008:3.27,1026:3.23,596:3.17,1081:3.16,917:3.15,1011:3.06,1029:2.87,929:2.77,886:2.73,655:2.73,455:2.73,486:2.72,650:2.6,987:2.53,578:2.47,477:2.39,467:2.3,933:2.3,712:2.28,585:2.27,752:2.24,1145:2.22,887:2.22,229:2.18,1076:2.12,1116:2.1,345:2.06,460:2.05,700:2.05,683:1.94,300:1.76
133	495	1042:2.85,812:2.83,1011:2.7,1026:2.65,823:2.59,698:2.32,837:2.29,490:2.24,279:2.24,788:2.24,522:2.08,1233:2.05,1117:2.04,154:1.97,867:1.89,574:1.86,749:1.86,182:1.83,1153:1.81,1172:1.8,1232:1.76,1044:1.76,677:1.74,1231:1.73,1036:1.73,779:1.71,103:1.68,933:1.61,866:1.61,537:1.61,611:1.6,345:1.58,1038:1.56,3:1.52,974:1.5,414:1.48,734:1.47,1146:1.46,955:1.42,806:1.41,623:1.38,1200:1.38,736:1.36,1177:1.36,389:1.35,300:1.34,923:1.33,572:1.32,567:1.31,1199:1.31,432:1.28,977:1.28,1141:1.24,45:1.22,297:1.17,972:1.14,485:1.1,1201:1.06,71:0.99
133	496	609:5.43,1027:5.35,1000:5.06,1135:4.9,639:4.78,738:4.67,347:4.52,1016:4.35,640:4.29,498:4.06,486:3.6,1152:3.51,131:3.39,891:3.37,503:3.3,906:3.3,1107:3.28,343:3.26,765:3.21,1185:3.13,724:3.12,898:2.92,91:2.8,1175:2.75,87:2.67,908:2.55,485:2.41,921:0.01,1216:0.01
133	725	696:5.17,1193:5.11,1012:4.32,810:4.27,1041:4.18,1010:4.16,811:4.15,36:4.14,789:4.12,812:4.05,493:4.05,813:3.86,710:3.84,894:3.73,1096:3.57,952:3.45,984:3.35,394:3.29,886:3.2,1077:2.88,883:2.88,1107:2.75,803:2.7,755:2.69,1125:2.59,1121:2.57,728:2.56,572:2.37
137	0	242:3.03,143:3.01,797:2.77,128:2.61,1228:2.55,950:2.51,499:2.47,449:2.46,701:2.46,1096:2.45,115:2.44,234:2.44,217:2.39,941:2.37,488:2.34,1007:2.34,800:2.34,651:2.31,372:2.28,241:2.22,598:2.22,533:2.21,453:2.2,857:2.19,1225:2.13,992:2.11,653:2.08,926:2.04,805:1.99,423:1.98,85:1.93,924:1.92,1148:1.86,887:1.84,758:1.8,693:1.8,18:1.75,546:1.71,790:1.69,1006:1.67,785:1.64,1217:1.63,611:1.62,720:1.61,901:1.61,970:1.6,955:1.38
138	0	1208:1.52,551:1.5,975:1.49,1209:1.49,770:1.47,899:1.43,99:1.39,959:1.38,489:1.3,434:1.28,989:1.27,130:1.25,501:1.25,843:1.24,329:1.24,9:1.24,619:1.22,482:1.22,384:1.19,160:1.18,1183:1.17,541:1.15,907:1.14,927:1.12,448:1.12,134:1.11,436:1.11,1182:1.11,514:1.1,1002:1.09,186:1.09,528:1.08,728:1.05,722:1.04,683:1.04,755:1.02,55:1.02,583:1.02,285:1.02,718:1.02,872:1.02,112:1.01,420:1,119:1,314:1,131:0.99,1145:0.99,374:0.98,444:0.98,1211:0.98,724:0.98,925:0.97,575:0.97,1114:0.96,213:0.96,327:0.96,224:0.95,142:0.95,939:0.95,391:0.93,348:0.93,230:0.93,375:0.93,76:0.92,91:0.92,1003:0.91,606:0.91,1152:0.9,343:0.89,870:0.89,121:0.88,349:0.86,324:0.85,995:0.85,908:0.84,562:0.83,171:0.82,381:0.81,804:0.8,80:0.8,199:0.8,1226:0.79,141:0.78,859:0.78,793:0.78,87:0.77,73:0.77,864:0.76,1174:0.74,389:0.73,777:0.71,773:0.69,331:0.68,226:0.68,1159:0.68,62:0.66,618:0.62,590:0.61,714:0.6,1001:0.6,297:0.6
140	0	1208:1.57,975:1.51,1209:1.49,551:1.45,899:1.45,434:1.44,770:1.42,329:1.36,489:1.33,436:1.3,384:1.3,1182:1.24,1002:1.24,501:1.23,482:1.22,230:1.21,925:1.21,959:1.2,528:1.2,9:1.19,160:1.18,119:1.16,55:1.16,722:1.15,343:1.15,843:1.13,583:1.12,142:1.1,1211:1.1,131:1.09,134:1.09,619:1.07,575:1.06,728:1.06,327:1.05,213:1.05,99:1.03,1183:1.03,989:1.03,683:1.03,1003:1.01,349:1.01,112:1.01,224:1,314:1,285:0.99,927:0.99,1114:0.99,514:0.98,907:0.98,374:0.97,87:0.97,1152:0.96,541:0.95,793:0.95,718:0.94,420:0.94,724:0.94,130:0.92,391:0.91,62:0.91,76:0.91,995:0.91,186:0.89,448:0.89,606:0.89,1226:0.89,324:0.88,444:0.88,375:0.87,348:0.87,389:0.87,121:0.86,1145:0.86,755:0.85,870:0.85,80:0.84,872:0.83,226:0.83,73:0.83,562:0.83,939:0.81,331:0.8,1001:0.8,381:0.78,908:0.77,91:0.76,859:0.75,1174:0.73,804:0.72,714:0.72,864:0.71,618:0.69,590:0.68,171:0.68,773:0.66,199:0.62,297:0.61,1159:0.6,139:0.56,777:0.5
147	0	730:14.19,396:11.9,636:11.67,1150:10.5,911:10.01,1022:9.45,469:9.45,808:9.25,659:9.09,721:1.74,1003:0.67,333:0.48,646:0.42,805:0.18,716:0.16,359:0.16,992:0.15,866:0.14,1202:0.14,867:0.1,801:0.09,1036:0.06
148	0	1023:4.5,397:4.43,1151:4.36,660:4.25,731:4.25,912:4.16,407:4.11,470:4.1,743:4.01,1072:4.01,637:4,1083:3.98,1043:3.96,920:3.9,408:3.81,809:3.78,1030:3.76,1066:3.69,1046:3.69,1052:3.67,824:3.61,1034:3.59,1045:3.56,829:3.17,1044:3.15,230:2.5
152	0	521:7.08,413:6.95,278:6.8,676:6.64,192:6.57,932:6.51,836:6.36,748:6.08,114:6.02,2:5.81,70:5.67,44:5.66,363:5.5,566:4.68,781:4.25,438:3.89,47:3.8,697:0.38,388:0.3,954:0.26,446:0.14,480:0.13,189:0.12,855:0.11,616:0.1,581:0.09,369:0.04,307:0.04,102:0.01,1196:0.01
153	0	1026:2.97,823:2.78,812:2.58,1042:2.56,1011:2.51,490:2.41,279:2.34,698:2.28,1233:2.24,837:2.16,1117:2.14,1231:2.12,522:2.09,103:2.03,788:2.02,574:1.99,182:1.99,1172:1.96,495:1.91,1044:1.89,933:1.73,1232:1.7,749:1.68,974:1.66,537:1.64,867:1.64,1153:1.63,677:1.62,1038:1.6,567:1.58,623:1.56,734:1.53,779:1.48,866:1.46,345:1.45,1036:1.45,806:1.45,736:1.45,1177:1.42,485:1.41,1200:1.41,972:1.4,71:1.36,3:1.35,300:1.35,1141:1.34,572:1.33,955:1.31,45:1.3,414:1.29,1146:1.27,611:1.24,1201:1.24,389:1.23,1199:1.14,923:1.14,432:1.11,297:1.08,977:1
155	0	240:7.76,751:6.66,633:6.55,935:6.45,839:6.25,77:6.15,679:6.11,1162:5.99,692:5.81,5:5.76,1118:5.5,281:5.46,687:5.34,416:5.32,219:5.3,863:4.9,524:4.68,58:0.01
156	157	244:4.02,59:3.49,126:3.18,146:3.12,1019:3.1,656:3.09,1029:3.04,539:2.96,1082:2.9,1139:2.88,492:2.84,662:2.81,78:2.76,136:2.75,831:2.74,840:2.71,1184:2.64,1232:2.63,6:2.51,282:2.47,801:2.46,876:2.43,525:2.42,38:2.38,961:2.38,864:2.32,1185:2.25,936:2.25,752:2.24,417:2.19,680:2.17,962:2.14,688:2.07,1158:2.06,634:2.03,693:1.96,229:1.9,1173:1.89,977:1.82
156	1142	244:3.75,59:3.41,1019:3.35,492:3.3,146:3.28,656:2.97,126:2.93,1029:2.9,831:2.88,136:2.84,38:2.82,282:2.8,801:2.8,6:2.79,662:2.78,840:2.78,78:2.72,1184:2.72,936:2.69,539:2.67,1082:2.51,1232:2.48,417:2.46,1139:2.45,229:2.41,752:2.35,962:2.26,1185:2.19,688:2.14,876:2.1,1173:2.07,525:2.05,961:2.01,864:1.99,634:1.98,680:1.93,1158:1.91,977:1.79,693:1.74
158	0	61:5.63,8:5.41,682:5.21,419:5.17,313:5.15,796:5.08,842:4.86,527:4.8,561:4.78,754:4.73,938:4.7,986:4.7,117:4.55,342:4.35,310:4.31,1163:4.24,222:4.12,284:3.8,184:3.75,425:3.61,195:3.56,211:3.38,989:0.03,140:0.03,373:0.01,777:0.01,1182:0.01,589:0.01,138:0.01
159	0	672:2.8,1016:2.72,245:2.71,1081:2.35,813:2.35,329:2.31,528:2.3,1002:2.19,55:2.15,134:2.12,285:2.1,9:2.01,314:1.97,843:1.92,872:1.86,374:1.83,1145:1.82,541:1.81,755:1.8,1222:1.79,230:1.79,718:1.79,375:1.77,131:1.75,420:1.72,224:1.7,139:1.69,927:1.68,1226:1.67,343:1.66,444:1.65,907:1.65,186:1.64,793:1.63,683:1.63,1231:1.62,130:1.6,939:1.6,514:1.53,859:1.51,562:1.41,121:1.4,908:1.35,381:1.34,226:1.33,1159:1.32,141:1.29,62:1.28,91:1.27,590:1.27,73:1.26,80:1.23,714:1.23,618:1.23,1174:1.17,773:1.11,1001:1.11,297:1.11,199:1.1
161	0	316:4.23,760:4.16,206:4.09,137:4.08,289:4.03,385:3.97,471:3.87,530:3.79,83:3.69,20:3.66,108:3.54,53:3.48,457:3.44,466:3.38,1160:3.34,365:3.33,317:3.27,1049:3.24,956:3.16,556:3.15,1133:3.1,113:3.07,1102:3.06,22:2.77,305:2.75,164:2.63,425:2.49,40:2.49,685:2.46,203:2.28
163	0	612:1.67,207:1.6,234:1.58,372:1.58,289:1.57,530:1.56,1160:1.55,20:1.52,799:1.51,162:1.48,449:1.48,1133:1.47,206:1.46,385:1.45,701:1.44,1228:1.44,760:1.42,53:1.41,987:1.4,857:1.39,359:1.38,800:1.37,466:1.37,457:1.35,365:1.35,380:1.34,18:1.33,553:1.32,651:1.32,227:1.31,598:1.28,766:1.28,128:1.28,115:1.26,1102:1.26,317:1.26,1049:1.25,941:1.24,848:1.24,556:1.23,758:1.22,1207:1.22,113:1.21,956:1.21,189:1.2,805:1.19,453:1.18,845:1.18,870:1.17,950:1.16,305:1.16,439:1.15,685:1.14,441:1.13,42:1.1,720:1.09,85:1.08,22:1.06,241:1.06,423:1.06,312:1.06,369:1.05,1206:1.04,40:1.04,1205:1.03,901:1.01,748:1.01,203:1,310:0.99,790:0.98,966:0.97,546:0.97,691:0.96,970:0.95,178:0.94,611:0.94,606:0.94,586:0.9,425:0.88,302:0.86,1217:0.85,226:0.66
165	0	847:4.89,545:4.83,654:4.22,612:4.21,198:4.18,757:4.17,390:4.07,591:4,83:3.87,176:3.38,466:3.36,956:3.27,661:3.17,569:3.08,439:3.07,943:3.03,687:3.01,553:2.78,427:2.62,748:2.59,292:2.5,12:2.46,193:2.45,1171:2.4,762:2.27,15:2.24,294:2.23,566:2.11,691:2.03,168:2.03,1170:1.99,47:1.87,438:1.62
167	0	33:5.16,828:5.04,30:4.71,93:4.65,661:4.09,569:3.76,1143:3.5,2:3.49,387:3.31,439:3.25,12:3.2,1005:3.17,1144:2.98,427:2.95,292:2.94,691:2.85,762:2.84,70:2.84,1171:2.84,943:2.84,386:2.78,166:2.75,44:2.72,294:2.7,363:2.65,193:2.63,1170:2.48,15:2.41,211:2.28,566:2.27,438:2.02,47:1.83,994:0.04,390:0.01,777:0.01,379:0.01
170	0	896:2.18,1157:2.11,612:1.81,26:1.81,964:1.6,99:1.59,802:1.58,338:1.54,548:1.52,101:1.5,902:1.5,727:1.48,763:1.47,504:1.46,1182:1.46,125:1.45,482:1.43,1218:1.43,314:1.42,1183:1.42,1163:1.4,861:1.4,117:1.38,619:1.35,986:1.35,842:1.3,907:1.27,375:1.27,444:1.26,575:1.26,224:1.25,905:1.24,1003:1.22,514:1.21,643:1.21,82:1.2,872:1.19,754:1.19,718:1.19,119:1.19,324:1.16,989:1.16,448:1.16,184:1.15,1205:1.15,327:1.15,948:1.14,606:1.14,870:1.13,374:1.13,621:1.12,541:1.12,720:1.11,966:1.1,186:1.09,195:1.06,55:1.06,1114:1.05,906:0.98,1103:0.97,381:0.97,804:0.95,310:0.93,211:0.93,874:0.92,714:0.92,226:0.91,1141:0.91,331:0.9,590:0.89,908:0.89,80:0.89,141:0.89,199:0.87,87:0.87,1215:0.86,1159:0.86,1001:0.84,859:0.82,773:0.8,777:0.78,139:0.78,297:0.73,618:0.67
172	0	337:10.39,719:9.94,1112:9.87,547:9.66,81:9.33,1156:9.23,620:8.88,947:8.44,100:8.33,170:8.06,1140:7.87
173	0	464:13.58,951:13.36,694:12.9,982:12.61,209:12.55,767:11.82,707:11.66,709:11.52
174	0	1101:3.43,175:3.39,844:3.39,132:3.36,52:3.34,421:3.18,183:3.17,686:3.13,893:3.12,393:3.12,235:3.08,364:3.06,756:3.06,969:3.05,856:3.04,315:3,163:2.98,304:2.97,424:2.96,544:2.96,982:2.93,953:2.92,719:2.91,19:2.9,759:2.9,571:2.89,940:2.89,531:2.88,529:2.86,16:2.81,780:2.81,21:2.76,884:2.75
175	0	695:15.49,983:14.99,885:14.27,355:13.4,727:13,40:9.53,184:9.41,781:7.85,210:0.66,708:0.48,122:0.32,768:0.18,710:0.08,707:0.06,732:0.06,709:0.06,36:0.06,952:0.05,789:0.03,1077:0.01,803:0.01
176	0	810:2.46,1129:2.38,1187:2.38,696:2.34,145:2.33,1127:2.31,811:2.31,666:2.28,1193:2.23,930:2.22,1031:2.21,1012:2.19,667:2.15,1186:2.11,740:2.11,1018:2.11,1128:2.05,822:2.05,144:2.04,1227:2.03,1010:2.02,146:1.98,1056:1.98,592:1.94,813:1.9,1083:1.82,894:1.81,1096:1.78,725:1.77,1041:1.73,812:1.71,494:1.59,1211:1.54,394:1.54,130:1.51,655:1.47,455:1.46,497:1.43,1176:1.4,142:1.38,848:1.38,123:1.36,688:1.36,883:1.35,984:1.34,886:1.33,653:1.33,451:1.32,1107:1.32,726:1.29,755:1.26,169:1.25,728:1.23,1149:1.22,6:1.21,1121:1.2,998:1.2
177	0	631:1.94,604:1.68,703:1.66,612:1.62,543:1.62,601:1.6,455:1.6,981:1.59,207:1.57,359:1.53,766:1.52,411:1.5,65:1.48,799:1.47,227:1.45,352:1.43,848:1.43,97:1.41,462:1.39,1194:1.38,305:1.38,655:1.37,423:1.35,987:1.33,123:1.32,142:1.3,966:1.28,1126:1.28,726:1.26,758:1.26,1206:1.25,164:1.24,546:1.24,451:1.24,586:1.23,494:1.21,653:1.21,553:1.2,22:1.2,1121:1.2,883:1.2,1079:1.19,42:1.19,1211:1.19,1149:1.19,851:1.18,124:1.18,979:1.18,688:1.18,348:1.16,1207:1.15,998:1.14,712:1.13,319:1.13,18:1.12,312:1.1,1205:1.09,441:1.09,497:1.09,1103:1.08,606:1.07,302:1.06,439:1.06,85:1.05,870:1.04,349:1.04,122:1.03,203:1.02,310:1.02,1123:0.97,1217:0.96,189:0.95,369:0.94,1001:0.9,804:0.88,199:0.88,923:0.87,1130:0.85,901:0.85,226:0.83,790:0.8,80:0.75
179	0	429:14.31,947:13.91,239:13.53,100:13.46,170:12.76,1140:12.58,1113:10.65,762:8.71,354:0.03,442:0.03,81:0.01,628:0.01,25:0.01
180	0	491:4.63,338:4.1,430:3.92,135:3.85,125:3.85,964:3.83,861:3.78,26:3.74,101:3.69,629:3.48,548:3.41,487:3.37,905:3.26,1205:3.09,1176:3.04,763:2.82,948:2.79,643:2.78,82:2.74,1114:2.72,966:2.64,1215:2.6,171:2.56,1175:2.53,906:2.53,1103:2.5,621:2.5,874:2.32,1141:2.31,1173:2.22,1174:2.22,720:2.19,1177:1.98,1014:0.01
183	0	983:3.51,210:3.3,355:3.11,727:3.04,176:2.92,682:2.89,159:2.88,708:2.88,989:2.88,986:2.83,8:2.82,313:2.79,796:2.79,419:2.78,61:2.68,1183:2.65,527:2.62,842:2.6,938:2.59,122:2.5,1163:2.49,754:2.49,575:2.48,1182:2.47,117:2.44,561:2.39,482:2.38,119:2.34,171:2.25,195:2.23,310:2.18,222:2.06,211:2.01,284:1.99,342:1.87,331:1.84,425:1.84,40:1.84,781:1.82,777:1.53
187	0	1:2.72,747:2.65,1198:2.62,177:2.62,296:2.6,43:2.6,84:2.56,102:2.54,536:2.54,344:2.49,277:2.46,733:2.43,835:2.42,152:2.42,1197:2.42,520:2.41,484:2.41,931:2.4,358:2.39,1037:2.38,225:2.38,412:2.34,675:2.34,552:2.34,422:2.31,1196:2.3,735:2.27,565:2.27,299:2.26,654:2.25,954:2.24,697:2.24,973:2.21,483:2.2,450:2.17,847:2.09,545:2.08,610:2.02,17:2,652:1.97,388:1.93,757:1.88,1140:1.83
188	0	612:2.1,848:1.8,192:1.72,207:1.67,359:1.65,799:1.62,455:1.6,581:1.6,779:1.56,956:1.56,987:1.53,855:1.48,227:1.47,553:1.46,574:1.45,42:1.43,766:1.42,439:1.42,446:1.41,178:1.39,1207:1.39,726:1.38,480:1.38,369:1.36,182:1.35,164:1.33,836:1.32,1205:1.32,748:1.31,114:1.3,966:1.29,302:1.29,85:1.29,451:1.29,123:1.29,305:1.28,688:1.28,22:1.28,18:1.28,423:1.28,1211:1.26,606:1.25,1206:1.24,586:1.23,758:1.23,546:1.23,870:1.22,226:1.21,866:1.2,307:1.2,310:1.2,537:1.19,312:1.18,1201:1.16,345:1.15,998:1.13,623:1.11,441:1.11,485:1.1,1036:1.08,867:1.06,1200:1.04,616:1.04,736:1.04,923:1.01,572:1.01,611:1,389:0.99,1141:0.97,734:0.95,1146:0.95,45:0.94,977:0.92,300:0.91,1199:0.9,972:0.9,567:0.89,71:0.89,438:0.73,297:0.55
190	0	234:2.31,53:2.28,800:2.24,217:2.23,701:2.19,453:2.17,1160:2.17,845:2.11,115:2.11,857:2.11,128:2.07,1228:2.07,950:2.07,241:2.05,533:2.04,598:2.04,488:2.02,651:2.01,941:2,233:1.98,22:1.98,1007:1.92,457:1.89,365:1.88,113:1.86,372:1.85,18:1.8,85:1.79,556:1.79,1049:1.78,380:1.77,992:1.77,317:1.75,423:1.75,305:1.74,164:1.74,924:1.73,887:1.73,805:1.7,546:1.69,653:1.68,1148:1.68,901:1.61,758:1.57,1006:1.55,40:1.5,720:1.49,785:1.47,955:1.44,203:1.39,970:1.35,693:1.35,790:1.29,1217:1.26,611:1.19
191	0	932:5.31,676:5.08,855:5.04,413:5.01,153:4.94,480:4.88,521:4.82,581:4.82,446:4.58,278:4.51,114:4.35,836:4.33,2:4.12,748:4.09,369:3.96,44:3.82,70:3.73,189:3.62,363:3.61,781:3.38,616:3.38,307:3.11,438:2.66,47:2.54,779:0.05,866:0.04,972:0.04,574:0.03,566:0.02,1146:0.02,977:0.02,611:0.02,734:0.02,485:0.01,572:0.01,345:0.01,297:0.01,389:0.01
193	0	493:2.53,740:2.31,642:2.2,662:2.17,455:2.15,127:2.1,848:1.99,359:1.98,212:1.86,497:1.85,653:1.85,766:1.84,441:1.8,655:1.79,987:1.78,451:1.75,178:1.74,1176:1.72,688:1.72,583:1.7,6:1.69,227:1.65,130:1.64,586:1.64,142:1.62,169:1.61,925:1.6,423:1.59,1207:1.57,998:1.57,1206:1.57,18:1.56,870:1.56,726:1.55,1149:1.54,123:1.54,214:1.54,606:1.54,621:1.53,657:1.52,1211:1.51,226:1.5,546:1.5,758:1.49,614:1.48,966:1.48,213:1.48,898:1.45,391:1.45,851:1.45,979:1.44,1205:1.43,793:1.41,876:1.4,205:1.39,85:1.34,768:1.32,763:1.3,570:1.28,1055:1.27,567:1.17
194	0	105:3.17,51:2.9,8:2.61,419:2.52,247:2.47,619:2.47,75:2.46,682:2.43,159:2.4,986:2.37,938:2.35,1163:2.35,207:2.33,527:2.31,28:2.31,685:2.27,1109:2.26,482:2.26,119:2.24,842:2.22,1183:2.21,754:2.18,989:2.15,222:2.1,796:2.1,1005:2.1,575:2.06,313:2.05,117:2,1182:1.97,606:1.94,342:1.93,221:1.92,184:1.91,284:1.88,643:1.86,1137:1.81,310:1.8,340:1.74,469:1.65,425:1.65,324:1.6,171:1.59,331:1.5,1170:1.5,327:1.45,211:1.42,777:1.23
198	0	197:2.22,493:2.13,853:2.01,596:1.91,376:1.84,740:1.82,650:1.79,917:1.72,1008:1.71,494:1.71,655:1.66,359:1.64,968:1.64,886:1.59,848:1.56,169:1.53,142:1.49,578:1.49,1206:1.47,305:1.44,1076:1.44,18:1.43,966:1.42,123:1.4,1149:1.4,130:1.4,42:1.39,1211:1.38,766:1.36,477:1.36,467:1.35,887:1.33,987:1.33,85:1.32,1176:1.32,229:1.32,929:1.32,700:1.32,998:1.31,497:1.31,451:1.31,752:1.3,460:1.3,1205:1.29,1116:1.29,933:1.28,546:1.27,606:1.26,441:1.26,423:1.26,870:1.25,688:1.24,653:1.24,683:1.24,585:1.22,345:1.22,1207:1.19,726:1.19,1145:1.18,227:1.16,486:1.15,327:1.14,712:1.14,302:1.11,758:1.09,6:1.05,300:1.05,586:1,178:1,189:0.98,226:0.95,369:0.93,331:0.88
200	0	362:4,378:3.85,880:3.75,997:3.74,889:3.59,502:3.44,588:3.4,1004:3.3,705:3.04,706:2.98,1195:2.83,1207:2.73,749:2.66,1076:2.62,1142:2.58,795:2.56,1148:2.42,467:2.4,451:2.39,648:2.37,503:2.37,94:2.36,936:2.35,803:2.33,962:2.33,1226:2.31,927:2.28,892:2.25,634:2.21,734:2.2,1199:2.11,1201:2.11,806:2.1,1038:2.05,972:2.04,618:2.04,1200:1.97,736:1.94
203	0	811:2.22,143:1.65,1010:1.62,981:1.57,196:1.57,797:1.56,798:1.52,1040:1.51,1096:1.49,241:1.49,233:1.48,601:1.47,453:1.47,950:1.44,1007:1.41,352:1.4,242:1.4,941:1.4,499:1.4,651:1.39,217:1.39,800:1.37,1228:1.37,598:1.34,65:1.33,488:1.3,992:1.29,543:1.29,97:1.26,857:1.24,533:1.24,18:1.24,115:1.23,631:1.23,701:1.22,1225:1.22,449:1.2,462:1.18,372:1.17,891:1.15,883:1.13,128:1.13,604:1.13,805:1.13,680:1.12,653:1.12,1184:1.12,924:1.1,1206:1.09,319:1.08,423:1.07,546:1.07,178:1.07,394:1.06,1149:1.06,500:1.06,758:1.05,712:1.01,85:1,586:1,851:1,926:0.99,979:0.97,901:0.97,1103:0.94,1148:0.94,1217:0.92,961:0.91,1079:0.9,103:0.88,887:0.86,720:0.85,785:0.85,121:0.84,1121:0.81,693:0.8,611:0.8,970:0.8,1130:0.79,1123:0.78,790:0.77,1001:0.76,955:0.75,804:0.74,923:0.7,80:0.69,199:0.67
204	0	127:4.98,642:4.19,212:3.92,123:3.8,614:3.74,441:3.74,439:3.57,583:3.4,925:3.38,851:3.36,213:3.33,898:3.31,570:3.3,763:3.18,657:3.18,621:3.13,391:3.06,386:2.96,214:2.94,979:2.91,312:2.89,387:2.88,302:2.82,1055:2.79,945:2.63,1170:2.62,768:2.6,567:2.58,49:2.36,1171:2.31,777:2.06,438:2,494:0.02,294:0.02,876:0.01,662:0.01,168:0.01,166:0.01
206	0	798:2.98,242:2.94,1096:2.89,143:2.85,499:2.58,533:2.56,797:2.54,651:2.52,217:2.5,488:2.46,1228:2.43,800:2.37,598:2.36,233:2.35,941:2.33,1225:2.32,128:2.3,372:2.29,241:2.29,950:2.28,449:2.26,653:2.25,857:2.24,453:2.23,701:2.2,926:2.17,115:2.15,18:2.15,992:2.03,85:2.01,805:1.99,924:1.96,546:1.94,423:1.87,887:1.85,758:1.84,1006:1.67,1217:1.66,1148:1.63,785:1.58,693:1.52,901:1.51,970:1.51,611:1.5,790:1.39,955:1.39,720:1.36
207	0	740:2.1,775:2.07,232:2.04,493:2.01,475:2.01,869:1.96,766:1.76,359:1.73,130:1.68,555:1.67,6:1.65,1082:1.65,334:1.64,926:1.61,1225:1.6,498:1.55,208:1.51,655:1.5,423:1.48,1176:1.47,123:1.46,340:1.45,578:1.45,455:1.44,489:1.44,1206:1.44,18:1.44,441:1.43,848:1.43,1202:1.43,1149:1.42,653:1.41,870:1.41,227:1.41,169:1.38,494:1.36,451:1.34,142:1.32,178:1.32,319:1.31,987:1.31,1137:1.29,546:1.28,1207:1.28,76:1.27,795:1.27,688:1.27,998:1.26,606:1.24,966:1.24,892:1.24,34:1.23,285:1.23,726:1.23,586:1.23,974:1.22,414:1.21,85:1.2,369:1.2,1205:1.2,643:1.18,324:1.18,189:1.17,112:1.17,758:1.17,31:1.16,648:1.11,448:1.09,1211:1.08,226:1.01,562:1
209	0	894:7.43,708:7.3,36:7.06,952:7.04,710:6.9,727:6.62,789:6.43,176:5.95,732:5.49,1077:5.34,122:4.76,184:4.66,1125:4.65,803:4.58,768:4.19,40:4.14,781:3.69,572:3.64,1121:0.03,984:0.03,1107:0.03,885:0.02,886:0.01,883:0.01
215	0	197:2.47,596:2.42,968:2.3,609:2.3,376:2.29,1135:2.2,738:2.16,1000:2.15,917:2.12,1216:2.08,640:2.06,900:2.03,496:1.99,1008:1.98,886:1.96,639:1.94,455:1.92,1081:1.86,578:1.84,347:1.82,752:1.77,655:1.73,498:1.71,929:1.71,650:1.67,933:1.64,1152:1.6,131:1.58,724:1.57,1076:1.54,898:1.51,987:1.51,1126:1.5,1185:1.49,700:1.49,460:1.47,1145:1.47,585:1.47,477:1.47,683:1.47,887:1.45,891:1.45,906:1.44,467:1.44,1175:1.44,1107:1.43,1116:1.43,765:1.43,712:1.43,343:1.42,91:1.35,485:1.33,327:1.32,229:1.3,345:1.28,87:1.24,331:1.2,503:1.17,908:1.14,300:1.05
216	0	143:2.6,797:2.59,242:2.4,372:2.34,1007:2.34,499:2.27,241:2.26,234:2.22,651:2.2,453:2.16,941:2.14,128:2.13,845:2.13,449:2.08,1096:2.06,115:2.06,488:2.06,233:2.05,857:2.04,380:2.03,85:1.99,598:1.98,800:1.95,457:1.93,1228:1.92,758:1.92,992:1.91,950:1.89,533:1.88,701:1.86,653:1.78,113:1.77,423:1.77,887:1.76,926:1.73,1049:1.69,305:1.67,970:1.64,924:1.61,1006:1.58,805:1.56,611:1.55,790:1.55,203:1.45,18:1.44,693:1.42,546:1.39,1148:1.38,164:1.38,901:1.38,785:1.36,1217:1.3,720:1.26,955:1.19
217	0	1060:5.13,1234:5.01,673:4.8,798:4.69,242:4.65,797:4.48,1191:4.46,143:4.33,1056:4.3,1096:4.24,1091:4.18,488:4.14,499:4.12,533:3.9,233:3.89,992:3.69,1007:3.66,1225:3.61,887:3.23,653:3.17,1006:2.91,924:2.78,1148:2.78,785:2.65,693:2.65,955:2.55
218	0	321:8.79,935:7.6,751:7.33,156:7.27,839:7.24,5:7.06,77:6.98,679:6.97,1162:6.71,416:6.08,1118:5.81,863:5.77,281:5.6,524:5.44,340:5.31,766:0.01,692:0.01,656:0.01,240:0.01
220	0	1164:3.75,347:3.65,105:3.6,51:3.52,1216:3.39,900:3.24,1135:3.16,28:3.11,1105:2.94,1109:2.93,207:2.89,215:2.81,247:2.71,1005:2.66,124:2.62,1137:2.53,685:2.44,795:2.42,1126:2.42,1202:2.41,112:2.4,648:2.34,892:2.33,503:2.31,1022:2.26,76:2.26,340:2.25,448:2.24,643:2.22,765:2.21,284:2.21,898:2.14,87:2.14,342:2.07,324:2.05,469:2.03,195:1.94,1170:1.83,485:1.57
221	0	402:3,1086:2.86,921:2.67,144:2.57,1028:2.39,1009:2.37,1014:2.31,869:2.25,232:2.23,496:2.22,1015:2.15,475:2.11,1027:2.06,738:2.05,347:2.05,640:2.01,1000:1.99,1135:1.9,639:1.9,609:1.87,775:1.85,486:1.82,555:1.82,926:1.66,1225:1.66,1202:1.65,76:1.6,489:1.59,285:1.56,765:1.56,503:1.53,1107:1.51,1016:1.5,334:1.49,1152:1.49,208:1.49,578:1.47,34:1.44,1185:1.42,414:1.42,1082:1.41,112:1.41,497:1.4,892:1.37,131:1.36,906:1.32,795:1.31,31:1.29,891:1.29,343:1.28,1175:1.28,724:1.27,648:1.25,974:1.19,319:1.18,91:1.03,562:0.99,485:0.95,908:0.93
223	0	99:2.56,619:2.51,989:2.43,134:2.31,482:2.23,718:2.2,528:2.19,1182:2.14,186:2.13,606:2.1,575:2.1,119:2.1,374:2.08,375:2.08,514:2.03,55:1.99,541:1.94,1003:1.91,117:1.88,314:1.87,1145:1.85,444:1.82,310:1.8,1183:1.79,872:1.78,870:1.69,448:1.67,139:1.65,907:1.65,91:1.65,62:1.65,171:1.64,804:1.62,327:1.62,324:1.62,121:1.6,226:1.6,80:1.6,859:1.58,87:1.57,714:1.56,73:1.53,562:1.51,381:1.5,211:1.47,590:1.44,1174:1.41,141:1.4,199:1.4,1001:1.39,618:1.39,773:1.37,777:1.35,331:1.33,908:1.32,297:1.31,1159:1.09
228	0	596:2.17,157:2.16,968:2.02,376:1.99,917:1.96,580:1.94,197:1.9,136:1.88,321:1.85,853:1.85,492:1.85,1008:1.8,539:1.77,578:1.75,38:1.72,656:1.7,126:1.68,886:1.67,662:1.66,655:1.66,840:1.65,486:1.62,6:1.61,650:1.59,455:1.59,282:1.55,801:1.54,78:1.52,1142:1.48,887:1.46,936:1.44,585:1.43,987:1.42,417:1.41,525:1.41,961:1.38,460:1.37,766:1.34,1076:1.32,876:1.32,1184:1.32,929:1.3,1232:1.3,864:1.3,700:1.27,340:1.25,752:1.24,300:1.24,1116:1.23,477:1.22,962:1.2,683:1.19,1145:1.19,933:1.19,680:1.17,688:1.16,712:1.14,1185:1.14,345:1.13,783:1.13,945:1.13,331:1.12,327:1.11,634:1.07,467:1.07,693:1.02,1173:0.97,1158:0.96,977:0.81
231	0	869:4.64,775:4.63,475:4.41,334:3.97,208:3.92,28:3.91,578:3.68,497:3.55,926:3.39,489:3.35,1202:3.34,555:3.33,498:3.21,1137:3.19,112:3.19,34:3.1,221:3.09,285:3.04,414:3,319:2.98,795:2.89,76:2.78,648:2.73,562:2.72,643:2.68,448:2.65,31:2.61,324:2.6,892:2.55,340:2.49,974:2.36,195:0.01,1225:0.01
233	0	798:3.95,143:3.78,242:3.55,1056:3.44,797:3.31,1091:3.23,1007:3.13,651:3.05,115:3.04,1228:2.95,941:2.93,372:2.92,128:2.87,241:2.85,449:2.79,488:2.77,992:2.76,217:2.75,1096:2.72,533:2.67,857:2.66,653:2.64,926:2.63,1225:2.63,758:2.51,423:2.43,924:2.36,1006:2.34,546:2.34,805:2.29,887:2.19,790:2.17,1148:2.05,970:1.87,785:1.84,955:1.8,693:1.79
234	0	798:3.59,242:3.36,217:3.02,499:2.82,143:2.79,488:2.76,233:2.76,1225:2.75,453:2.74,1007:2.72,797:2.66,941:2.65,992:2.63,241:2.62,128:2.61,651:2.6,926:2.6,1228:2.59,372:2.54,1096:2.49,533:2.48,449:2.43,857:2.37,805:2.35,758:2.29,115:2.23,800:2.2,653:2.07,423:2.07,887:2.03,18:1.97,1006:1.91,720:1.87,1148:1.87,546:1.78,1217:1.71,955:1.7,901:1.67,693:1.6,970:1.57,790:1.53,785:1.51,611:1.49
236	107	57:5.95,878:5.41,895:5.38,336:5.31,563:5.18,791:5.11,1154:5.1,564:4.97,1144:4.16,726:3.73,700:3.7,998:3.68,357:3.62,585:3.55,1158:3.54,765:3.53,524:3.42,948:3.35,214:3.31,307:3.23,479:3.21,808:3.12,785:2.98,1146:2.94,1159:2.52
236	106	57:5.91,895:5.36,564:5.24,563:5.23,336:5.14,878:4.97,1154:4.93,791:4.82,1144:3.96,585:3.93,214:3.72,726:3.7,700:3.61,765:3.55,998:3.5,307:3.48,524:3.47,357:3.47,808:3.43,948:3.4,1158:3.38,479:3.34,785:2.99,1159:2.73,1146:2.72,281:0.01,645:0.01
236	237	57:5.8,336:5.27,564:5.23,895:5.13,563:5.09,878:5.02,1154:4.93,791:4.69,700:3.97,357:3.73,585:3.69,1144:3.68,214:3.6,726:3.58,524:3.54,785:3.48,765:3.45,948:3.42,1158:3.36,998:3.25,479:3.24,307:3.24,1146:3.22,1159:3.14,808:3.11,890:0.04,559:0.03,558:0.02,68:0.02,500:0.01,416:0.01,645:0.01
238	0	703:2.76,1164:2.67,1216:2.5,1120:2.49,347:2.45,411:2.33,1194:2.32,981:2.32,601:2.31,900:2.31,352:2.28,65:2.24,543:2.24,1135:2.17,97:2.15,604:2.14,1105:2.08,631:2.07,462:2.01,357:2,898:1.97,765:1.94,399:1.92,1103:1.88,215:1.82,178:1.81,553:1.8,503:1.74,348:1.72,221:1.71,1121:1.71,122:1.7,1217:1.7,319:1.7,342:1.69,1126:1.69,1206:1.68,712:1.65,979:1.62,1130:1.59,1022:1.56,349:1.53,901:1.5,923:1.44,586:1.4,790:1.39,485:1.39,804:1.38,87:1.35,1123:1.33,80:1.32,203:1.25,1001:1.23,199:1.05
239	0	629:4.41,135:4.29,26:4.28,964:4.11,430:4.1,181:4.01,548:3.94,338:3.88,861:3.81,905:3.58,487:3.56,82:3.52,101:3.42,1205:3.14,763:3.08,720:2.78,1103:2.76,966:2.75,1114:2.71,621:2.71,643:2.68,906:2.61,1176:2.61,874:2.57,1215:2.54,1173:2.51,1177:2.39,171:2.36,1175:2.36,948:2.33,1174:2.11,1141:2.08,896:0.01
240	0	580:4.11,321:3.97,492:3.71,157:3.66,136:3.65,840:3.57,38:3.55,656:3.54,539:3.23,78:3.13,766:3.08,1184:3.03,282:2.89,680:2.88,936:2.85,417:2.8,1185:2.73,6:2.72,752:2.71,876:2.71,229:2.58,1142:2.58,525:2.58,801:2.55,961:2.53,688:2.47,634:2.47,962:2.45,340:2.38,1158:2.34,693:2.34,783:2.31,1173:2.27,864:1.98,977:1.65
246	0	185:5.27,320:4.99,550:4.83,774:4.71,105:4.35,591:4.18,51:4.18,1113:4.08,95:4.01,799:3.99,383:3.97,207:3.96,28:3.93,975:3.83,1109:3.58,219:3.47,75:3.47,1005:3.44,561:3.42,221:3.19,284:2.84,685:2.83,469:2.83,863:2.81,222:2.8,195:2.54,1170:2.5
247	0	1067:5.09,401:5.07,1074:4.93,1188:4.77,1047:4.74,1063:4.6,744:4.59,670:4.48,664:4.32,1020:4.31,1028:4.28,470:4.27,743:4.24,1009:4.23,818:4.15,592:4.12,1014:4.02,830:3.89,1015:3.81,1225:3.56,1233:3.39,1082:3.14,926:3.01,1139:2.99
277	0	192:7.23,932:7.13,676:6.87,413:6.81,153:6.68,521:6.55,836:6.18,70:5.93,44:5.85,114:5.81,748:5.72,2:5.59,363:5.4,566:4.59,781:4.57,438:3.55,47:3.48,697:0.48,954:0.36,388:0.22,480:0.15,855:0.15,616:0.14,581:0.14,446:0.12,369:0.11,307:0.09,189:0.06,344:0.01,1197:0.01,296:0.01,102:0.01
278	0	1042:2.81,812:2.74,1026:2.64,665:2.62,1011:2.56,490:2.5,823:2.38,1233:2.37,837:2.34,1117:2.29,698:2.24,1172:2.11,495:2.1,537:2.07,522:2.07,1231:2.06,154:2.03,1044:1.98,779:1.96,1232:1.92,933:1.9,574:1.86,677:1.85,182:1.81,788:1.81,1153:1.8,1036:1.77,103:1.72,866:1.61,749:1.59,806:1.53,414:1.52,432:1.52,3:1.5,1201:1.49,1038:1.48,867:1.48,972:1.45,1199:1.42,974:1.41,623:1.41,300:1.4,572:1.37,1146:1.36,389:1.35,567:1.34,955:1.34,1200:1.34,1177:1.28,485:1.26,977:1.24,297:1.21,736:1.2,45:1.18,71:1.17,1141:1.15,923:1.09
280	0	240:7.65,633:7.13,1162:6.36,156:6.31,679:6.25,935:6.16,692:6.14,839:6.11,77:6.08,751:6.05,5:5.98,687:5.4,863:5.37,219:5.08,1118:4.77,416:4.69,524:4.47
281	0	1013:1.94,663:1.87,244:1.82,820:1.79,819:1.78,1128:1.64,1017:1.6,157:1.57,146:1.55,664:1.53,645:1.51,665:1.49,1039:1.47,1019:1.47,580:1.46,559:1.45,1222:1.45,1009:1.44,878:1.43,791:1.43,59:1.43,890:1.4,672:1.39,1091:1.37,1029:1.36,1154:1.34,662:1.34,831:1.33,917:1.33,840:1.33,656:1.29,136:1.26,473:1.26,126:1.25,1004:1.25,492:1.25,68:1.24,38:1.23,539:1.22,680:1.18,1079:1.16,1184:1.16,1185:1.16,752:1.15,78:1.15,500:1.14,1153:1.14,961:1.12,1142:1.12,1139:1.11,1232:1.09,229:1.08,1082:1.08,688:1.07,214:1.04,783:1.02,700:1.02,1146:1.01,765:1,936:0.99,801:0.99,1173:0.98,726:0.98,525:0.96,417:0.95,939:0.95,6:0.95,677:0.94,585:0.94,634:0.93,962:0.93,998:0.93,479:0.91,785:0.9,864:0.89,876:0.89,928:0.87,62:0.8,693:0.8,1159:0.8,1158:0.75,948:0.71,977:0.7
283	0	61:5.59,313:5.47,938:5.35,796:5.25,419:5.21,682:5.15,159:4.99,527:4.86,842:4.81,754:4.75,1163:4.67,8:4.65,986:4.55,117:4.48,561:4.36,342:4.25,222:3.83,310:3.82,195:3.71,425:3.53,184:3.48,211:3.13,589:0.04,140:0.02,138:0.02,1182:0.01,373:0.01,989:0.01
284	0	1014:2.21,1028:2.02,475:1.93,1009:1.82,245:1.8,1015:1.75,1016:1.69,869:1.66,672:1.65,1202:1.53,329:1.53,775:1.51,9:1.5,1082:1.5,334:1.5,232:1.48,926:1.45,843:1.43,555:1.41,160:1.38,528:1.37,134:1.35,1081:1.34,230:1.33,813:1.33,130:1.32,374:1.32,498:1.31,489:1.31,1002:1.3,578:1.3,541:1.29,1225:1.26,131:1.25,1226:1.23,186:1.23,1222:1.22,375:1.22,497:1.21,1145:1.2,55:1.19,683:1.18,648:1.16,208:1.16,314:1.15,872:1.14,31:1.13,420:1.13,718:1.12,892:1.11,444:1.1,1231:1.07,76:1.06,319:1.06,343:1.06,91:1.05,907:1.03,859:1.03,755:1.03,927:1.01,1174:1.01,974:1,112:1,793:0.99,414:0.99,34:0.98,562:0.97,590:0.96,714:0.96,141:0.94,121:0.93,62:0.93,73:0.91,226:0.91,939:0.91,908:0.87,381:0.85,139:0.75,199:0.72,773:0.7,80:0.66,1159:0.65
286	0	1111:8.89,322:8.61,535:8.4,853:8.36,198:8.19,1218:8.02,902:7.98,215:7.09,1133:6.98,1102:6.65,1143:5.95,659:5.18,945:4.9,331:4.69,885:0.03,460:0.02,1076:0.02,712:0.01,327:0.01,376:0.01,654:0.01
288	0	206:3.99,137:3.85,162:3.83,20:3.74,316:3.67,530:3.63,471:3.59,108:3.59,385:3.58,760:3.56,317:3.46,365:3.39,113:3.39,466:3.39,956:3.38,556:3.37,1102:3.34,53:3.2,1160:3.1,1133:3.09,380:3.08,845:3.03,685:2.92,1049:2.91,22:2.9,457:2.77,305:2.66,203:2.5,40:2.46,164:2.4,425:2.23
290	291	689:8.5,11:8.3,14:7.87,426:7.82,10:7.74,897:7.73,690:7.69,1168:7.69,944:7.61,13:7.46,437:7.43,942:7.31,1169:6.85
290	293	1169:7.96,14:7.89,437:7.85,13:7.77,690:7.77,944:7.75,11:7.73,897:7.68,1168:7.66,689:7.57,10:7.52,426:7.45,942:7.4
291	0	661:7.1,439:6.33,569:6.26,943:5.96,427:5.26,387:5.04,386:4.99,691:4.99,12:4.95,762:4.73,1171:4.58,566:4.47,193:4.43,1170:4.37,166:4.37,168:4.35,294:4.34,15:4.09,438:3.75,47:3.3,390:0.56,582:0.31,476:0.3,620:0.27,850:0.24,945:0.16,621:0.1,49:0.09,302:0.09,979:0.06,768:0.05,312:0.05,205:0.04,777:0.02
293	0	390:9.42,661:8.28,569:7.52,427:7.04,943:6.8,292:6.72,762:6.18,12:6.16,166:6.05,193:5.91,691:5.86,168:5.47,566:5.15,15:5.1,47:4.42,850:1.04,476:1,439:0.45,387:0.27,386:0.19,1171:0.18,582:0.16,1170:0.15,565:0.14,613:0.14,438:0.1,49:0.03,620:0.03,302:0.02,945:0.01,777:0.01
295	0	412:2.05,715:2,841:1.97,717:1.94,86:1.93,325:1.91,418:1.86,481:1.8,447:1.79,326:1.79,536:1.78,138:1.78,158:1.77,373:1.76,681:1.73,747:1.73,79:1.73,483:1.72,733:1.72,443:1.72,835:1.69,54:1.67,344:1.66,753:1.65,120:1.64,675:1.64,72:1.64,988:1.64,713:1.64,565:1.63,1:1.61,1198:1.6,118:1.59,526:1.59,7:1.58,102:1.58,283:1.58,1197:1.56,937:1.56,43:1.53,973:1.52,697:1.51,931:1.5,1037:1.49,98:1.48,152:1.47,540:1.46,1196:1.46,388:1.45,610:1.44,188:1.44,589:1.42,299:1.42,484:1.41,277:1.41,140:1.39,735:1.38,617:1.37,520:1.36,1140:1.34,954:1.3,170:1.22
296	0	581:1.44,619:1.4,495:1.39,99:1.35,788:1.33,528:1.32,1172:1.3,154:1.29,855:1.26,522:1.25,446:1.24,1183:1.22,117:1.18,1036:1.18,575:1.17,1182:1.17,989:1.16,186:1.16,1003:1.15,119:1.14,514:1.14,482:1.14,134:1.13,189:1.13,62:1.12,375:1.12,779:1.12,444:1.11,314:1.11,866:1.1,1145:1.1,480:1.09,114:1.08,374:1.08,537:1.08,3:1.08,870:1.07,974:1.04,55:1.04,182:1.04,224:1.04,448:1.01,872:1,171:0.98,541:0.98,307:0.98,606:0.97,611:0.96,907:0.96,574:0.95,414:0.95,718:0.95,734:0.95,616:0.91,867:0.91,369:0.9,310:0.9,955:0.89,121:0.86,1174:0.86,389:0.85,432:0.85,324:0.85,331:0.85,211:0.84,1200:0.84,345:0.83,87:0.83,327:0.83,806:0.82,567:0.82,773:0.8,199:0.79,972:0.79,562:0.78,977:0.78,300:0.78,1038:0.78,1177:0.77,804:0.76,141:0.75,73:0.75,1146:0.75,1201:0.75,226:0.75,1199:0.74,80:0.74,859:0.72,618:0.72,908:0.72,91:0.71,381:0.71,736:0.7,139:0.7,623:0.68,572:0.66,590:0.66,777:0.65,45:0.65,485:0.65,923:0.65,1159:0.64,1141:0.63,1001:0.62,71:0.61,714:0.52
298	0	344:3.89,1037:3.78,296:3.76,102:3.75,931:3.74,835:3.71,1197:3.67,484:3.63,565:3.62,735:3.61,697:3.6,152:3.56,675:3.55,1:3.53,1196:3.49,536:3.49,277:3.48,43:3.48,973:3.47,1198:3.38,412:3.37,188:3.36,520:3.3,733:3.26,1140:3.14,388:3.11,747:3.06,610:2.73,954:2.48
299	0	535:2.18,1111:2.08,197:1.97,376:1.96,596:1.95,968:1.85,581:1.82,1218:1.71,578:1.71,902:1.6,650:1.6,522:1.56,886:1.54,154:1.51,853:1.5,788:1.47,855:1.46,480:1.45,495:1.44,446:1.43,585:1.42,455:1.4,574:1.4,779:1.39,537:1.37,1172:1.36,1116:1.32,734:1.3,655:1.3,114:1.28,700:1.27,229:1.26,1076:1.25,1036:1.22,1199:1.21,866:1.2,974:1.2,1143:1.19,467:1.18,987:1.18,1145:1.18,486:1.18,1200:1.17,887:1.17,189:1.15,182:1.13,867:1.13,972:1.11,623:1.11,712:1.1,327:1.1,369:1.08,345:1.08,414:1.08,477:1.07,3:1.07,929:1.06,616:1.06,572:1.03,460:1.03,1146:1.02,806:1.02,945:0.98,389:0.96,331:0.96,307:0.96,1038:0.95,1201:0.95,955:0.93,611:0.91,45:0.9,736:0.87,432:0.86,567:0.83,923:0.82,485:0.81,1177:0.78,297:0.77,71:0.76,1141:0.72,977:0.66
301	302	105:2.88,642:2.64,232:2.62,127:2.58,775:2.58,28:2.48,51:2.45,207:2.38,1109:2.38,212:2.27,441:2.21,123:2.21,1005:2.13,795:2.06,925:2,439:2,387:1.91,657:1.9,386:1.9,898:1.86,945:1.84,1202:1.84,76:1.79,319:1.78,648:1.76,221:1.76,583:1.75,112:1.75,685:1.74,340:1.73,621:1.73,614:1.72,1137:1.7,643:1.7,763:1.69,979:1.65,391:1.63,324:1.62,892:1.61,448:1.61,312:1.6,1171:1.6,768:1.59,214:1.57,1055:1.56,1170:1.52,195:1.48,691:1.48,205:1.46,570:1.41,49:1.4,567:1.31,777:1.21,438:0.97
301	303	165:4.3,204:4.18,1108:4.14,468:4.08,978:4.06,776:4.03,50:4.01,323:3.99,568:3.97,641:3.92,246:3.92,332:3.92,576:3.92,74:3.81,318:3.78,647:3.78,48:3.77,875:3.75,46:3.72,27:3.7,761:3.67,1136:3.65,339:3.5,767:3.5,565:3.48,311:3.45
304	0	1160:1.54,206:1.51,612:1.49,760:1.48,453:1.42,950:1.42,162:1.41,956:1.37,1133:1.36,449:1.36,20:1.36,1049:1.35,533:1.33,845:1.32,207:1.32,372:1.31,848:1.31,385:1.3,457:1.29,530:1.28,317:1.28,1228:1.26,598:1.26,217:1.23,18:1.22,800:1.21,359:1.19,466:1.19,53:1.19,234:1.18,123:1.18,241:1.18,556:1.18,701:1.18,380:1.17,115:1.16,553:1.12,799:1.12,1102:1.12,941:1.12,766:1.11,42:1.11,441:1.11,857:1.11,22:1.11,227:1.11,805:1.11,546:1.1,289:1.09,439:1.09,1207:1.08,164:1.07,85:1.06,758:1.06,987:1.06,651:1.05,998:1.05,365:1.05,178:1.05,966:1.04,1205:1.04,720:1.01,423:1,688:1,128:1,726:0.97,970:0.97,685:0.96,369:0.96,113:0.96,606:0.95,870:0.93,1211:0.92,1206:0.92,451:0.91,691:0.89,748:0.88,901:0.86,586:0.86,40:0.86,312:0.85,425:0.84,203:0.8,189:0.79,1217:0.77,302:0.76,310:0.76,611:0.73,226:0.72,785:0.64,790:0.6
306	0	855:3.73,192:3.38,581:3.36,779:3.35,446:3.28,836:3.25,480:3.18,182:3.07,537:2.96,867:2.94,1036:2.93,866:2.82,574:2.75,748:2.73,114:2.63,189:2.53,345:2.52,623:2.51,616:2.46,734:2.43,1200:2.41,300:2.31,1201:2.27,369:2.26,736:2.24,972:2.21,567:2.21,1199:2.18,389:2.14,923:2.13,611:2.06,1146:2.05,485:2.04,71:2.02,572:1.84,1141:1.8,438:1.76,45:1.7,977:1.64,297:1.62,413:0.06,495:0.03,363:0.03,932:0.02,521:0.02,788:0.02,278:0.02,44:0.01,1038:0.01,279:0.01,432:0.01,522:0.01,974:0.01,47:0.01,806:0.01,1172:0.01,1177:0.01
309	0	612:2.03,619:1.83,99:1.78,198:1.75,1163:1.75,176:1.72,986:1.71,482:1.69,466:1.68,956:1.67,842:1.64,85:1.62,682:1.6,117:1.6,989:1.58,8:1.58,766:1.56,799:1.55,305:1.55,159:1.55,207:1.52,224:1.51,419:1.51,796:1.5,18:1.5,227:1.48,575:1.48,591:1.47,42:1.46,441:1.46,313:1.46,22:1.45,164:1.42,222:1.42,1182:1.37,284:1.36,527:1.35,1183:1.35,439:1.34,553:1.34,606:1.31,938:1.3,514:1.3,691:1.29,1205:1.28,754:1.28,327:1.27,1003:1.27,184:1.26,1206:1.24,119:1.24,342:1.23,804:1.21,748:1.21,171:1.19,178:1.18,448:1.14,870:1.14,1207:1.13,312:1.13,195:1.11,87:1.11,211:1.09,324:1.08,189:1.08,425:1.08,777:1.06,369:1.03,618:1,331:0.95,302:0.93,1001:0.89,297:0.8
311	0	642:2.04,1182:1.8,619:1.76,99:1.72,986:1.71,754:1.68,989:1.67,796:1.67,439:1.64,614:1.6,1183:1.58,387:1.55,444:1.54,482:1.5,1003:1.49,575:1.48,441:1.48,527:1.47,1163:1.46,938:1.46,222:1.46,842:1.44,327:1.43,583:1.42,117:1.42,119:1.41,872:1.4,342:1.4,87:1.38,374:1.38,310:1.36,606:1.34,324:1.32,621:1.31,386:1.3,1171:1.3,898:1.29,375:1.29,870:1.28,381:1.28,302:1.28,514:1.27,224:1.27,205:1.26,195:1.25,331:1.23,425:1.23,541:1.23,391:1.22,1055:1.18,768:1.18,657:1.17,979:1.16,804:1.15,691:1.14,945:1.13,448:1.12,49:1.11,139:1.1,184:1.1,211:1.09,438:1.08,859:1.08,570:1.07,226:1.04,171:1.04,777:1.03,141:1.01,773:1.01,590:0.98,618:0.97,199:0.96,80:0.94,1170:0.94,297:0.85,1001:0.81,1159:0.81
313	0	528:2.16,329:1.87,989:1.84,1002:1.8,9:1.78,134:1.77,575:1.73,619:1.72,1222:1.72,160:1.71,843:1.69,99:1.67,1183:1.63,375:1.63,285:1.61,55:1.58,1003:1.58,420:1.58,1182:1.57,224:1.57,683:1.57,939:1.57,374:1.55,1231:1.53,186:1.52,793:1.52,130:1.52,482:1.47,541:1.45,444:1.44,131:1.41,606:1.38,907:1.38,927:1.38,718:1.37,119:1.35,755:1.35,87:1.32,1145:1.32,230:1.31,514:1.31,121:1.29,448:1.27,324:1.27,343:1.27,1226:1.25,870:1.25,171:1.24,327:1.23,872:1.22,859:1.2,562:1.19,1159:1.15,714:1.15,91:1.14,331:1.14,226:1.13,139:1.11,199:1.09,62:1.08,73:1.08,141:1.07,590:1.05,381:1.05,773:1.05,777:1.05,804:1.04,1001:1.04,1174:0.99,80:0.97,908:0.95,618:0.9,297:0.86
315	0	371:4.69,308:4.64,190:4.63,532:4.12,83:4.11,20:4.07,530:4.02,289:3.97,162:3.91,471:3.9,365:3.84,137:3.83,760:3.74,385:3.69,53:3.65,206:3.64,108:3.52,1160:3.5,956:3.41,317:3.41,1133:3.4,466:3.4,1102:3.27,685:3.07,692:2.95,40:2.81,425:2.81
318	0	232:1.87,555:1.74,334:1.72,869:1.71,411:1.69,604:1.64,703:1.62,601:1.58,475:1.57,775:1.55,631:1.53,981:1.53,1194:1.5,97:1.5,578:1.5,1202:1.5,196:1.49,394:1.49,28:1.47,543:1.43,489:1.42,65:1.41,498:1.4,208:1.4,352:1.37,76:1.36,221:1.36,497:1.32,103:1.3,178:1.29,891:1.28,348:1.27,462:1.26,1184:1.25,1137:1.23,124:1.23,680:1.22,1126:1.22,795:1.22,648:1.22,285:1.22,926:1.21,349:1.19,1206:1.19,1149:1.18,1130:1.17,883:1.16,892:1.16,586:1.16,1006:1.15,414:1.14,112:1.13,34:1.13,500:1.13,1121:1.12,121:1.11,562:1.1,80:1.1,851:1.07,31:1.07,924:1.05,974:1.05,340:1.02,643:1.02,1079:1.01,122:1.01,448:1,979:0.96,961:0.95,1103:0.95,1217:0.94,1123:0.94,203:0.91,199:0.9,790:0.9,324:0.9,804:0.89,901:0.89,712:0.83,1001:0.68,923:0.65
320	0	830:4.04,592:3.94,1020:3.9,818:3.83,551:3.69,770:3.62,1208:3.56,1209:3.55,434:3.5,959:3.4,1233:3.21,1139:2.99,489:2.97,436:2.86,384:2.78,722:2.75,1211:2.62,925:2.52,724:2.52,1152:2.48,213:2.44,995:2.43,76:2.37,112:2.34,142:2.33,583:2.28,728:2.13,391:2.1,859:2.02,714:2.01,864:1.98,1114:1.87,139:1.85,389:1.84,590:1.8,381:1.78,141:1.7
323	0	51:2.21,232:2.05,775:2.03,869:1.94,105:1.93,28:1.66,986:1.64,619:1.63,497:1.6,1005:1.55,1202:1.54,186:1.52,207:1.52,208:1.52,575:1.49,555:1.48,482:1.45,99:1.45,1182:1.44,1137:1.44,374:1.42,989:1.41,1183:1.41,314:1.41,1109:1.38,685:1.37,643:1.36,870:1.32,541:1.31,119:1.31,718:1.29,907:1.29,55:1.29,872:1.29,319:1.28,714:1.27,514:1.26,76:1.25,804:1.22,375:1.21,331:1.21,1170:1.19,444:1.19,224:1.19,195:1.18,795:1.17,34:1.17,1003:1.16,221:1.15,327:1.14,112:1.14,117:1.12,31:1.11,211:1.11,892:1.11,139:1.11,648:1.08,340:1.08,87:1.07,562:1.06,448:1.06,171:1.05,859:1.02,310:1.02,199:1,141:1,1001:0.99,908:0.99,590:0.98,226:0.96,62:0.95,606:0.94,381:0.93,1159:0.92,618:0.9,777:0.82,297:0.77,80:0.76,773:0.76
326	0	989:2.73,99:2.67,1182:2.65,619:2.63,482:2.54,374:2.4,986:2.33,314:2.31,575:2.28,606:2.25,55:2.24,375:2.21,224:2.21,1183:2.21,872:2.16,186:2.16,541:2.1,1003:2.1,119:2.08,310:2.07,514:2.07,444:2.04,907:2.01,117:1.99,718:1.89,870:1.88,562:1.85,324:1.81,331:1.81,87:1.8,714:1.78,195:1.76,62:1.74,171:1.74,859:1.73,381:1.73,448:1.69,226:1.66,804:1.66,908:1.61,1159:1.59,139:1.56,773:1.53,590:1.53,618:1.49,211:1.49,80:1.49,1001:1.48,141:1.39,199:1.37,777:1.25,297:1.21,313:0.01,939:0.01,528:0.01,222:0.01
328	0	1058:3.59,813:2.78,672:2.75,1034:2.69,245:2.68,1016:2.56,160:2.56,1081:2.43,134:2.37,9:2.29,1002:2.29,843:2.27,1222:2.23,718:2.15,528:2.15,755:2.07,55:2.06,444:2.04,130:2.02,186:2.02,1145:2,793:2,131:1.97,285:1.96,541:1.92,343:1.91,314:1.89,1231:1.87,230:1.86,420:1.85,872:1.8,562:1.78,683:1.76,927:1.75,121:1.73,1226:1.7,714:1.64,91:1.58,907:1.57,139:1.56,939:1.55,590:1.53,1174:1.52,1159:1.49,908:1.48,773:1.44,62:1.42,141:1.39,73:1.37,80:1.36,199:1.35
330	0	376:2.02,287:2.02,1111:1.99,968:1.92,535:1.88,853:1.87,215:1.65,575:1.64,1218:1.61,99:1.6,455:1.6,842:1.56,902:1.55,754:1.47,1143:1.43,650:1.42,718:1.42,1183:1.41,327:1.4,444:1.37,700:1.36,986:1.35,1003:1.35,310:1.35,460:1.34,619:1.34,872:1.33,482:1.32,186:1.3,987:1.28,117:1.28,374:1.27,989:1.26,477:1.25,541:1.25,119:1.24,324:1.23,1133:1.23,907:1.23,1182:1.22,870:1.21,55:1.18,1163:1.17,1076:1.16,659:1.16,448:1.16,314:1.15,514:1.14,224:1.13,467:1.12,375:1.12,229:1.12,585:1.1,141:1.08,1116:1.07,87:1.05,714:1.04,171:1.04,80:1.04,945:1.03,804:1.02,139:1.02,226:1.01,184:0.99,300:0.99,618:0.99,606:0.99,712:0.95,345:0.94,195:0.93,859:0.93,590:0.92,381:0.92,908:0.89,211:0.86,297:0.84,773:0.83,199:0.81,1001:0.8,1159:0.79,777:0.7
332	0	794:11.44,868:11.4,104:11.27,231:11.12,554:11.11,474:11.03,973:11.02,577:10.92,111:10.69
333	0	1014:2.72,740:2.61,646:2.51,869:2.48,637:2.47,1009:2.45,1028:2.34,1015:2.31,909:2.29,475:2.25,824:2.11,775:2.09,208:2.09,1225:2.08,232:2.05,722:2.03,1082:2.02,489:2.02,555:1.98,359:1.93,829:1.9,926:1.89,497:1.88,1117:1.86,905:1.85,498:1.79,795:1.76,578:1.74,992:1.71,76:1.69,801:1.66,1003:1.66,648:1.63,31:1.6,230:1.6,907:1.6,1202:1.59,1036:1.59,112:1.59,319:1.58,805:1.58,1044:1.55,34:1.53,1137:1.53,892:1.46,285:1.41,414:1.4,866:1.4,716:1.39,448:1.38,974:1.33,643:1.33,867:1.26,324:1.24,562:1.21
335	0	106:4.61,237:4.55,107:4.41,68:4.4,57:4.18,895:4,890:3.96,645:3.86,559:3.75,878:3.75,563:3.7,564:3.68,791:3.59,1154:3.36,585:2.82,1144:2.8,500:2.72,1079:2.69,928:2.69,700:2.66,765:2.61,998:2.61,726:2.53,948:2.46,479:2.42,1158:2.41,785:2.36,214:2.33,307:2.15,62:2.08,1146:2.07,1159:1.79
337	0	1157:4.55,896:4.45,612:3.69,26:3.43,101:3.4,802:3.33,861:3.23,964:3.22,902:3.22,125:3.17,1218:3.13,629:3.07,504:3.05,727:2.97,548:2.91,181:2.89,1176:2.67,905:2.66,966:2.54,1103:2.5,82:2.42,621:2.38,643:2.34,1205:2.33,763:2.3,720:2.26,874:2.24,1114:2.24,948:2.07,1175:2.07,906:2.05,1173:1.97,1177:1.95,1174:1.94,171:1.92,1215:1.76,1141:1.68
339	0	51:3.08,321:3.02,775:2.97,580:2.95,105:2.95,232:2.94,539:2.85,839:2.76,656:2.67,28:2.59,751:2.57,126:2.52,207:2.43,1162:2.41,766:2.32,1005:2.32,38:2.32,78:2.29,1202:2.21,1109:2.15,221:2.14,801:2.13,1118:2.08,219:2.07,648:2.06,229:2.04,643:2.02,112:2.01,1137:1.99,524:1.99,31:1.97,685:1.97,795:1.97,1158:1.92,448:1.91,688:1.9,319:1.88,34:1.85,892:1.82,76:1.81,195:1.78,783:1.76,324:1.75,1170:1.65,977:1.21
341	0	608:5.97,61:4.59,1164:4.48,682:3.86,796:3.82,8:3.78,527:3.77,159:3.75,986:3.62,215:3.61,419:3.59,754:3.56,938:3.56,1105:3.54,1163:3.51,313:3.46,842:3.26,119:3.25,221:3.24,117:3.19,561:3.1,284:3.07,1022:2.99,222:2.92,211:2.6,195:2.58,310:2.55,425:2.49,184:2.29
342	0	402:2.22,144:2.12,921:2.07,1086:2.01,245:1.91,609:1.81,1027:1.81,738:1.71,1135:1.62,496:1.58,347:1.57,640:1.56,639:1.54,1222:1.51,1000:1.48,672:1.48,1081:1.46,813:1.46,329:1.45,9:1.42,134:1.39,528:1.37,498:1.33,230:1.32,503:1.32,1002:1.26,160:1.24,1016:1.22,541:1.22,1107:1.22,683:1.22,186:1.22,285:1.21,486:1.21,927:1.21,843:1.19,374:1.17,1175:1.16,793:1.15,420:1.15,1231:1.14,55:1.14,1185:1.13,375:1.13,755:1.12,444:1.11,224:1.09,724:1.08,872:1.08,314:1.06,131:1.06,1226:1.05,891:1.03,514:1.01,130:1.01,765:0.98,1152:0.97,121:0.97,226:0.97,718:0.96,73:0.95,906:0.94,907:0.93,1145:0.93,485:0.93,381:0.91,80:0.91,859:0.89,939:0.88,562:0.87,139:0.87,1159:0.87,91:0.87,1174:0.84,908:0.82,590:0.81,62:0.81,714:0.8,773:0.8,199:0.8,1001:0.78,141:0.76,618:0.69,297:0.68
344	0	446:3.19,788:3.16,574:3.15,1172:3.06,480:3.01,581:2.98,855:2.8,182:2.71,537:2.68,114:2.66,779:2.58,189:2.45,867:2.43,734:2.4,1036:2.36,1038:2.35,866:2.32,616:2.3,369:2.29,974:2.27,806:2.22,307:2.21,736:2.2,389:2.17,1177:2.13,623:2.12,432:2.12,611:2.06,955:2.03,485:2.02,1201:2.02,1199:1.97,300:1.94,567:1.93,1146:1.91,923:1.89,1200:1.87,572:1.84,972:1.83,1141:1.78,45:1.65,71:1.64,977:1.59,297:1.56,522:0.03,698:0.03,192:0.02,836:0.02,490:0.01,279:0.01,1153:0.01,154:0.01,677:0.01
346	347	738:5.46,496:5.34,639:5.19,900:5.11,1135:5.03,1000:5.01,1216:4.97,640:4.94,486:4.15,221:3.81,1105:3.73,724:3.72,1175:3.67,1126:3.67,1152:3.64,891:3.64,765:3.6,1107:3.57,124:3.55,898:3.46,87:3.38,906:3.09,91:2.95,908:2.72,485:2.6
346	503	496:5.44,738:5.4,1000:5.1,900:4.97,639:4.83,1135:4.82,640:4.81,1216:4.76,1105:3.98,124:3.98,486:3.97,1152:3.78,1126:3.74,891:3.74,221:3.7,898:3.64,1107:3.63,724:3.59,765:3.58,91:3.44,1175:3.4,87:3.19,906:3.03,908:2.95,485:2.5,1164:0.01,498:0.01,1022:0.01
350	0	163:4.01,370:3.97,175:3.92,759:3.91,940:3.88,304:3.87,544:3.86,529:3.79,39:3.77,1101:3.77,421:3.77,235:3.75,19:3.72,424:3.7,856:3.68,21:3.67,288:3.66,684:3.66,1132:3.62,315:3.62,16:3.59,756:3.58,531:3.56,953:3.52,893:3.49,884:3.38,844:3.28
351	0	411:3.53,1194:3.5,604:3.38,703:3.36,65:3.3,631:3.26,883:3.01,601:2.95,543:2.94,124:2.9,981:2.9,1149:2.74,97:2.72,1126:2.67,553:2.61,122:2.57,1121:2.49,1079:2.49,462:2.48,178:2.46,348:2.4,712:2.36,979:2.36,1206:2.35,586:2.31,349:2.3,319:2.26,851:2.21,1103:2.19,1217:2.15,923:1.99,203:1.97,790:1.93,804:1.93,1130:1.91,901:1.88,1123:1.88,80:1.87,1001:1.75,199:1.74
356	0	67:7.92,558:7.8,916:7.51,1124:6.6,1120:6.13,600:5.63,603:5.62,882:5.56,64:5.55,202:5.4,815:5.17,553:4.88,281:4.83,399:4.77,416:4.55,1144:4.26,524:4.01,808:3.81
358	0	740:1.73,499:1.61,598:1.54,1228:1.53,217:1.48,372:1.42,766:1.42,233:1.42,556:1.38,241:1.36,924:1.36,234:1.34,655:1.32,85:1.31,22:1.3,1007:1.3,115:1.29,497:1.29,488:1.29,992:1.28,169:1.28,449:1.26,128:1.26,701:1.26,857:1.25,305:1.25,455:1.25,848:1.24,453:1.24,113:1.23,941:1.23,797:1.2,533:1.2,227:1.2,1049:1.2,142:1.2,1148:1.2,178:1.19,966:1.18,380:1.18,845:1.17,805:1.17,950:1.16,987:1.16,651:1.16,1207:1.15,726:1.14,457:1.13,494:1.12,423:1.1,42:1.08,302:1.08,546:1.07,870:1.07,887:1.06,1211:1.06,998:1.05,18:1.04,653:1.04,1149:1.01,800:1.01,1217:1,441:0.99,970:0.99,586:0.99,1205:0.99,6:0.98,606:0.96,611:0.96,1006:0.96,189:0.96,785:0.95,164:0.94,1176:0.93,688:0.93,203:0.91,758:0.91,901:0.88,123:0.88,451:0.88,1206:0.88,720:0.88,790:0.84,693:0.83,312:0.83,369:0.79,226:0.77,955:0.69
360	0	603:12.13,882:11.94,1120:11.71,64:11.53,815:11.36,600:11.35,553:10,399:9.62,357:9.14,702:0.32,349:0.15,124:0.15,411:0.13,122:0.11,1126:0.1,348:0.09,203:0.08,178:0.02,351:0.02,102:0.01,850:0.01,901:0.01,703:0.01,630:0.01
361	0	1131:5.68,200:5.42,378:5.02,997:4.98,588:4.8,504:4.19,454:4.13,1195:3.77,705:3.65,706:3.49,1207:3.45,451:3.28,467:3.2,1118:3.11,503:3.1,911:3.09,892:3.02,1076:3,734:2.97,795:2.94,803:2.9,1199:2.83,648:2.81,736:2.66,972:2.56,1200:2.56,94:2.51,1201:2.49,618:2.38,880:0.01
362	0	1084:4.45,1012:4.31,1025:3.66,588:3.49,454:3.44,880:3.31,889:3.27,831:3.07,997:2.9,1004:2.83,706:2.83,1142:2.6,1195:2.58,936:2.44,803:2.42,927:2.42,749:2.41,1226:2.38,1200:2.37,648:2.37,795:2.35,451:2.34,1207:2.34,467:2.34,503:2.32,892:2.3,1076:2.26,734:2.26,634:2.22,94:2.16,1148:2.15,1199:2.03,1201:2.01,962:2.01,1038:1.97,618:1.95,736:1.86,806:1.84,972:1.74
363	0	1041:1.9,1042:1.88,1040:1.82,837:1.68,1039:1.6,490:1.6,368:1.58,89:1.52,110:1.48,495:1.47,1233:1.46,594:1.43,829:1.41,574:1.4,698:1.4,1044:1.37,929:1.36,1117:1.36,522:1.33,1231:1.32,169:1.31,788:1.28,779:1.27,103:1.24,1232:1.24,1125:1.23,537:1.21,182:1.2,279:1.2,866:1.19,928:1.19,1172:1.18,716:1.18,154:1.18,995:1.17,1177:1.16,477:1.15,677:1.14,567:1.14,970:1.14,991:1.12,933:1.12,867:1.12,414:1.11,31:1.09,1036:1.09,749:1.08,479:1.07,1130:1.05,806:1.05,1055:1.04,623:1.04,974:1.03,1141:1.02,874:1.01,34:1.01,923:1,460:1,1146:1,570:0.99,345:0.98,736:0.97,1215:0.97,485:0.95,734:0.95,1201:0.95,783:0.95,94:0.95,572:0.94,1153:0.94,955:0.94,3:0.93,300:0.92,1123:0.92,71:0.91,1116:0.91,389:0.84,972:0.84,1038:0.83,1200:0.81,616:0.8,1199:0.79,297:0.79,73:0.78,45:0.77,611:0.77,773:0.75,977:0.74
364	0	316:3.26,162:3.17,289:3.08,206:3.01,385:2.92,317:2.73,20:2.72,453:2.72,466:2.71,449:2.69,701:2.67,530:2.67,380:2.67,950:2.66,845:2.63,457:2.61,1160:2.6,53:2.55,800:2.55,113:2.54,760:2.53,956:2.49,598:2.48,234:2.46,1049:2.45,556:2.44,85:2.41,1102:2.4,305:2.26,22:2.17,1133:2.16,685:2.05,611:2.01,164:2,40:1.98,720:1.9,18:1.9,1217:1.79,425:1.74,203:1.65,901:1.57
365	0	1060:15.3,1234:15.28,673:14.79,1191:14.57,798:13.65,1091:13.29,1056:13.1,1096:0.01,143:0.01
367	0	24:4.46,379:4.07,594:3.98,89:3.72,110:3.69,1143:3.41,1005:3.19,1144:3.15,991:3.13,716:3.12,929:3.06,1116:3.02,1215:2.98,928:2.87,460:2.87,1125:2.85,94:2.82,42:2.78,616:2.78,783:2.75,477:2.64,34:2.64,570:2.58,1055:2.57,31:2.54,970:2.5,874:2.46,479:2.36,1123:2.36,211:2.31,1130:2.3,773:2.14,71:2.07,49:1.89,45:1.86,93:0.03,995:0.02,828:0.01,363:0.01,2:0.01
370	0	1147:5.82,610:5.44,545:5.42,216:5.39,133:5.31,757:5.27,422:5.26,532:5.2,954:5.15,308:5.1,784:5.04,652:5.01,190:4.99,452:4.97,17:4.84,108:4.72,137:4.53,471:4.37,83:4.21,692:3.96
371	0	797:2.72,499:2.51,950:2.29,800:2.29,488:2.24,1228:2.24,701:2.21,805:2.21,845:2.2,651:2.19,380:2.18,941:2.18,556:2.18,449:2.17,1007:2.17,233:2.16,453:2.14,598:2.11,115:2.11,217:2.07,234:2.07,241:2.06,857:2.06,113:2.02,533:2,128:1.96,457:1.94,924:1.91,164:1.89,758:1.83,18:1.83,992:1.82,887:1.81,1049:1.81,85:1.79,1148:1.73,653:1.73,546:1.72,22:1.71,1006:1.71,720:1.68,423:1.67,901:1.67,1217:1.63,305:1.61,790:1.59,785:1.55,203:1.42,970:1.42,955:1.36,693:1.22,611:1.21
373	374	1002:2.14,619:2.01,989:1.99,575:1.92,99:1.91,134:1.91,528:1.88,160:1.87,186:1.85,843:1.85,9:1.82,482:1.78,1226:1.78,1145:1.77,314:1.7,1183:1.7,119:1.69,444:1.66,872:1.66,793:1.63,718:1.63,117:1.62,939:1.62,514:1.62,420:1.61,755:1.61,1182:1.61,343:1.6,55:1.54,224:1.52,927:1.49,907:1.49,1003:1.48,606:1.45,121:1.45,310:1.44,327:1.43,448:1.43,87:1.42,324:1.41,541:1.4,870:1.37,562:1.35,62:1.29,80:1.28,199:1.28,91:1.27,683:1.23,618:1.2,381:1.19,590:1.19,226:1.18,859:1.18,331:1.18,1159:1.18,211:1.18,804:1.17,1001:1.16,171:1.16,714:1.16,1174:1.12,73:1.11,141:1.09,139:1.09,908:1.08,777:1.07,773:0.94,297:0.91
373	375	843:2.12,9:2,160:1.99,99:1.97,619:1.94,1002:1.9,119:1.87,528:1.86,134:1.86,514:1.84,117:1.77,1182:1.77,482:1.75,575:1.75,989:1.74,1183:1.73,420:1.69,755:1.67,444:1.66,718:1.63,872:1.63,793:1.63,606:1.61,62:1.61,314:1.57,541:1.55,927:1.55,224:1.54,310:1.54,343:1.54,186:1.53,324:1.52,55:1.49,91:1.48,1226:1.48,1003:1.47,683:1.46,87:1.46,939:1.45,907:1.44,859:1.44,1145:1.41,714:1.38,804:1.38,618:1.31,870:1.3,139:1.3,331:1.25,121:1.24,327:1.23,562:1.21,211:1.2,1174:1.19,73:1.15,141:1.14,908:1.14,199:1.13,381:1.12,448:1.11,80:1.1,171:1.08,777:1.08,226:1.08,773:1.06,590:1.03,1001:1.01,297:1,1159:0.87
377	0	1131:5.8,200:5.14,362:4.72,997:4.63,504:4.25,588:4.21,454:4.13,706:3.81,1195:3.65,705:3.56,892:3.36,467:3.34,1207:3.31,451:3.29,648:3.28,795:3.24,803:3.2,1118:3.14,911:3.14,1076:3.03,503:2.83,1201:2.82,736:2.72,972:2.68,734:2.66,1199:2.62,1200:2.57,94:2.49,618:2.35,93:0.02,1142:0.01
382	0	625:5.2,888:5.08,185:5.07,550:4.92,802:4.21,975:4.05,591:4.04,899:3.86,75:3.83,1113:3.67,799:3.67,1105:3.64,247:3.5,705:3.48,82:3.37,1109:3.33,863:3.19,399:3.19,219:3.18,227:3.14,1137:3.09,349:3.06,732:3.06,222:2.83,348:2.74,1150:2.6,1171:2.58,205:2.42
383	0	401:2.26,663:2.19,904:2.19,592:2.09,830:2.08,403:2.06,626:2.05,1020:1.97,822:1.95,818:1.89,770:1.89,664:1.88,1209:1.88,1208:1.85,551:1.85,823:1.78,1025:1.75,434:1.75,909:1.74,212:1.7,487:1.68,1015:1.67,1008:1.67,473:1.57,208:1.57,984:1.57,993:1.55,650:1.54,501:1.53,555:1.53,959:1.52,722:1.47,706:1.46,1233:1.43,1077:1.42,848:1.42,213:1.38,1195:1.38,489:1.38,391:1.36,1139:1.36,462:1.36,614:1.33,112:1.31,925:1.31,420:1.29,583:1.26,76:1.25,728:1.25,1152:1.22,436:1.21,657:1.2,995:1.15,991:1.15,864:1.15,139:1.14,1211:1.11,142:1.1,389:1.08,590:1.07,724:1.02,381:1.01,714:0.99,1114:0.97,623:0.95,859:0.94,141:0.92
388	0	1209:1.85,1208:1.8,434:1.73,899:1.62,770:1.59,490:1.5,837:1.47,384:1.47,975:1.47,1044:1.46,959:1.44,698:1.43,501:1.42,480:1.4,446:1.39,279:1.37,551:1.34,855:1.32,722:1.3,522:1.28,537:1.27,348:1.23,1211:1.21,1117:1.18,391:1.18,112:1.18,154:1.16,788:1.15,182:1.15,933:1.14,779:1.13,864:1.12,213:1.11,436:1.11,495:1.11,574:1.1,925:1.1,307:1.1,142:1.08,369:1.07,1114:1.06,1152:1.05,1172:1.04,1036:1.04,806:1.04,189:1.03,728:1.03,489:1.03,1177:1.03,749:1.02,581:1.02,867:1.01,955:1,866:0.99,103:0.97,349:0.97,734:0.97,583:0.95,345:0.94,1200:0.94,724:0.94,1153:0.92,677:0.92,414:0.92,611:0.9,923:0.89,1141:0.89,485:0.88,76:0.87,616:0.85,714:0.85,995:0.85,432:0.84,623:0.84,567:0.82,141:0.82,1199:0.82,859:0.79,736:0.79,1038:0.78,972:0.77,3:0.75,572:0.75,1146:0.75,297:0.74,590:0.74,977:0.74,300:0.73,1201:0.73,45:0.72,381:0.71,139:0.7,974:0.68,71:0.65
390	0	1209:2.49,770:2.47,551:2.39,899:2.39,1208:2.38,434:2.38,127:2.19,959:2.09,975:2,501:1.95,212:1.93,642:1.9,614:1.89,494:1.88,722:1.86,384:1.82,123:1.81,489:1.8,436:1.79,441:1.78,728:1.75,213:1.74,76:1.67,142:1.65,214:1.63,112:1.63,763:1.62,1211:1.61,657:1.6,583:1.57,995:1.57,302:1.56,898:1.55,876:1.54,925:1.52,312:1.49,1055:1.47,621:1.46,979:1.46,945:1.44,1114:1.44,724:1.42,1152:1.42,793:1.41,349:1.41,851:1.38,859:1.34,864:1.33,348:1.31,590:1.3,205:1.29,570:1.27,49:1.24,389:1.24,381:1.23,768:1.23,139:1.22,567:1.22,714:1.21,141:1.2,777:1.17
392	0	980:5.12,360:5.09,458:4.88,398:4.86,318:4.81,711:4.8,356:4.79,881:4.7,982:4.69,893:4.63,542:4.49,884:4.48,571:4.46,599:4.45,461:4.36,780:4.36,694:4.31,238:4.27,602:4.22,39:4.19,209:4.16,767:3.88
393	394	1193:2.71,696:2.7,725:2.49,493:2.42,36:2.34,196:2.2,1040:2.14,710:2.09,894:2.03,1096:2,789:1.99,352:1.95,1041:1.94,952:1.94,65:1.9,604:1.88,97:1.83,631:1.82,732:1.81,981:1.79,543:1.74,601:1.7,886:1.68,984:1.66,961:1.64,178:1.61,1121:1.6,712:1.56,1149:1.55,1206:1.52,891:1.52,680:1.5,1077:1.49,1103:1.48,755:1.47,924:1.46,1006:1.45,462:1.45,883:1.45,1079:1.44,103:1.42,1184:1.41,1107:1.41,586:1.4,851:1.39,979:1.34,1123:1.31,1130:1.3,121:1.29,728:1.29,1125:1.27,572:1.26,901:1.25,319:1.22,804:1.22,1217:1.21,803:1.16,1001:1.14,199:1.03,790:0.99,923:0.89,80:0.86
393	500	696:2.92,1193:2.66,725:2.37,1096:2.28,1041:2.22,352:2.21,543:2.2,493:2.19,196:2.13,1040:2.11,789:2.05,710:2.03,981:2,36:1.97,894:1.93,952:1.92,886:1.9,97:1.88,631:1.84,883:1.74,984:1.73,601:1.71,65:1.71,604:1.71,178:1.57,1184:1.57,1107:1.56,462:1.54,1006:1.53,961:1.51,103:1.51,851:1.51,1149:1.49,891:1.49,979:1.47,1103:1.47,1077:1.44,1079:1.41,1125:1.41,680:1.4,728:1.39,755:1.38,924:1.37,586:1.36,1121:1.35,732:1.34,790:1.31,121:1.3,1206:1.29,803:1.28,712:1.23,804:1.22,319:1.18,1130:1.17,901:1.15,923:1.14,80:1.12,1123:1.08,1217:1.06,572:1.02,199:1.01,1001:0.96
395	0	730:14.16,636:11.78,148:11.73,911:10.41,1150:10.12,1022:9.43,659:9.41,808:8.97,469:8.9,721:2.14,1003:0.78,333:0.45,646:0.4,801:0.28,359:0.19,805:0.15,1202:0.14,716:0.13,1036:0.13,866:0.13,992:0.1,867:0.07
396	0	149:4.57,1052:4.37,408:4.36,660:4.34,1072:4.23,470:4.22,1066:4.19,1151:4.15,731:4.14,743:4.12,920:4.07,1043:4.03,407:3.93,637:3.92,809:3.88,1046:3.83,1023:3.81,912:3.78,1030:3.69,1034:3.67,1083:3.54,824:3.54,1045:3.44,230:2.86,829:2.68,1044:2.64
398	0	625:5.79,888:5.61,355:4.73,383:4.66,983:4.57,802:4.44,411:4.44,1109:4.22,202:4.11,815:4.08,1105:4.04,64:3.9,600:3.88,1120:3.85,705:3.69,124:3.68,122:3.62,357:3.58,1150:3.55,1126:3.49,553:3.39,348:3.34,349:3.31,203:3.09,1171:2.93,882:0.01
399	0	410:2.65,1057:2.55,513:2.47,1166:2.46,825:2.43,674:2.38,1067:2.34,1093:2.32,151:2.31,507:2.31,505:2.31,251:2.3,834:2.29,1165:2.29,1068:2.29,1167:2.28,1048:2.27,409:2.2,506:2.19,826:2.18,1058:2.18,519:2.18,811:2.14,1078:2.14,1047:2.13,830:2.12,403:2.11,510:2.11,1151:2.11,407:2.08,663:2.05,1127:2.04,1035:2.01,1010:2,745:2,1095:1.99,673:1.96,822:1.91,1015:1.88,408:1.85,1025:1.82,1008:1.81,1040:1.79,1043:1.78,823:1.76,1075:1.74,1184:1.49
412	0	153:7.25,932:7.08,521:6.99,278:6.97,676:6.95,192:6.52,836:6.52,748:6,114:5.82,363:5.7,2:5.56,70:5.22,44:4.91,781:4.75,566:4.55,47:3.73,438:3.7,697:0.39,388:0.31,954:0.28,855:0.17,480:0.13,446:0.12,369:0.1,581:0.08,189:0.07,307:0.05,616:0.05,296:0.01,102:0.01,188:0.01
413	0	1026:2.85,1042:2.84,812:2.82,823:2.52,1011:2.52,279:2.33,490:2.29,837:2.27,1044:2.2,1233:2.18,698:2.13,495:2.07,1172:1.95,1117:1.95,933:1.95,154:1.94,537:1.9,522:1.89,1231:1.86,182:1.85,749:1.82,574:1.78,788:1.78,677:1.77,867:1.77,1153:1.7,1232:1.66,734:1.64,866:1.63,779:1.61,103:1.59,736:1.56,1038:1.52,345:1.51,1036:1.5,3:1.49,974:1.49,572:1.48,972:1.46,1200:1.46,1199:1.38,1201:1.37,806:1.36,923:1.35,611:1.29,71:1.27,1146:1.26,1141:1.25,955:1.22,977:1.2,432:1.2,300:1.2,297:1.19,389:1.18,567:1.17,1177:1.16,623:1.15,45:1.15,485:1.12
415	0	240:7.99,633:6.66,751:6.53,5:6.27,935:6.26,839:6.16,679:6.14,692:6,77:5.79,156:5.77,1162:5.66,219:5.44,687:5.37,281:5.18,863:5.15,1118:5.11,524:4.51,58:0.01
416	0	1013:2.08,1017:1.95,819:1.87,665:1.86,820:1.82,244:1.8,1128:1.75,68:1.72,59:1.72,559:1.68,890:1.67,645:1.61,1009:1.59,146:1.58,663:1.56,1091:1.55,1154:1.53,831:1.53,917:1.52,664:1.5,1029:1.5,840:1.48,157:1.46,1039:1.43,1019:1.42,78:1.41,473:1.37,539:1.36,136:1.35,672:1.35,1004:1.34,492:1.33,38:1.32,1222:1.31,500:1.31,752:1.3,1082:1.3,1139:1.29,656:1.28,662:1.28,801:1.26,876:1.23,126:1.23,1185:1.19,791:1.19,998:1.19,282:1.19,1184:1.14,1232:1.13,6:1.13,939:1.12,936:1.11,726:1.1,928:1.09,525:1.09,1079:1.08,1142:1.08,693:1.07,962:1.06,680:1.05,634:1.02,229:1,700:0.98,214:0.98,948:0.98,585:0.98,688:0.97,961:0.95,1159:0.94,1153:0.89,677:0.89,1158:0.89,479:0.84,1173:0.81,864:0.79,977:0.78,62:0.76,785:0.74
418	0	8:5.42,527:5.41,61:5.37,986:5.29,313:5.08,159:5.07,938:5.03,754:4.96,682:4.91,842:4.83,1163:4.71,796:4.71,342:4.65,284:4.29,561:4.2,117:4.06,310:3.93,222:3.72,195:3.65,184:3.56,211:3.53,425:3.5,483:0.04,589:0.02,373:0.02,1182:0.01,140:0.01,138:0.01,171:0.01
419	0	245:2.84,160:2.52,1002:2.43,813:2.38,672:2.32,843:2.28,9:2.25,329:2.2,1081:2.15,528:2.06,718:2.03,1016:2.03,130:2.02,1222:2.01,134:1.93,375:1.93,939:1.9,186:1.9,285:1.89,224:1.87,514:1.85,131:1.84,1231:1.83,343:1.8,793:1.78,683:1.76,374:1.75,872:1.74,755:1.72,541:1.72,907:1.71,230:1.66,1145:1.65,55:1.59,314:1.58,444:1.55,226:1.52,562:1.47,141:1.47,121:1.46,714:1.45,62:1.42,1226:1.41,908:1.41,859:1.4,139:1.3,73:1.3,1159:1.3,927:1.28,618:1.27,91:1.26,381:1.22,1001:1.17,773:1.16,80:1.11,199:1.1,1174:1.04,297:1.02,590:0.99
421	0	358:4.47,552:4.09,84:4.04,456:3.81,747:3.8,225:3.77,216:3.75,177:3.73,1147:3.72,133:3.68,190:3.64,784:3.63,371:3.61,654:3.59,847:3.58,452:3.58,532:3.52,652:3.49,17:3.47,610:3.39,757:3.39,188:3.36,450:3.33,483:3.3,308:3.24,954:3.2,545:3.07,692:2.75
422	0	655:1.62,799:1.58,1228:1.47,128:1.45,494:1.43,800:1.41,651:1.41,1007:1.37,941:1.37,453:1.37,488:1.35,950:1.35,449:1.32,455:1.32,845:1.31,372:1.3,653:1.3,857:1.3,533:1.3,113:1.3,359:1.28,22:1.27,53:1.26,546:1.25,598:1.24,217:1.23,233:1.23,85:1.22,18:1.22,848:1.21,42:1.21,966:1.21,457:1.21,992:1.2,380:1.19,241:1.18,701:1.18,870:1.17,234:1.17,987:1.16,227:1.16,365:1.16,189:1.15,556:1.14,123:1.14,805:1.14,497:1.14,164:1.14,693:1.13,305:1.1,317:1.09,766:1.08,611:1.08,586:1.07,115:1.07,726:1.06,1149:1.05,178:1.05,451:1.04,998:1.04,1205:1.04,1176:1.04,142:1.02,785:1.02,887:1.01,924:1,758:1,302:0.98,1211:0.97,1049:0.97,1217:0.97,1207:0.97,441:0.97,720:0.95,369:0.95,1006:0.93,955:0.92,226:0.92,790:0.91,606:0.89,688:0.89,1148:0.88,312:0.88,901:0.85,310:0.83,970:0.8,1206:0.77,203:0.72
424	0	532:4.61,20:4.14,289:4.13,316:4.06,385:3.95,162:3.92,108:3.92,471:3.86,530:3.86,206:3.79,137:3.78,760:3.75,83:3.68,365:3.57,317:3.51,466:3.49,53:3.45,1160:3.37,556:3.36,956:3.3,113:3.28,1102:3.25,692:3.22,1049:3.18,1133:3.13,22:2.89,685:2.83,40:2.72
426	0	390:9.6,661:8.87,569:8.09,943:6.75,12:6.35,762:6.26,292:6.21,166:6.15,193:5.94,294:5.81,691:5.57,15:5.48,566:5.27,168:5.11,47:4.39,850:1.16,476:1.06,439:0.44,386:0.28,387:0.27,1170:0.22,1171:0.15,582:0.14,438:0.12,613:0.12,565:0.06,777:0.04,302:0.03,945:0.02,312:0.02,620:0.02
428	0	180:15.51,947:15.01,100:14.85,239:14.72,170:14.59,1140:12.91,1113:12.24,620:0.05,628:0.03,354:0.02,442:0.02,762:0.01,25:0.01,81:0.01,1156:0.01,353:0.01
429	0	1080:4.47,821:4.21,810:4.07,1014:4.01,491:3.58,1020:3.57,181:3.46,1017:3.32,135:3.29,101:3.05,861:2.97,548:2.94,338:2.91,125:2.89,964:2.88,26:2.81,629:2.78,487:2.74,643:2.46,905:2.44,1205:2.36,966:2.35,1176:2.33,906:2.3,621:2.2,1175:2.18,1114:2.11,763:2.07,874:2.02,948:2.02,1173:2,1215:1.98,1141:1.92,1103:1.87,720:1.86,1177:1.85,1174:1.73
431	0	33:5.36,828:4.82,93:4.7,30:4.7,278:4.12,413:4.02,676:4,153:3.93,521:3.75,1143:3.69,1005:3.67,932:3.66,70:3.58,748:3.51,836:3.51,192:3.47,569:3.35,1144:3.29,114:3.22,44:3.2,781:2.78,2:2.75,168:2.69,566:2.67,15:2.57,211:2.47,294:2.44,438:2.08,47:1.97,954:0.02,379:0.01
433	0	770:4.32,1209:4.01,1208:3.87,899:3.76,959:3.72,551:3.43,722:3.43,975:3.37,501:3.2,489:3.14,436:3.11,925:2.99,112:2.99,213:2.88,142:2.84,1211:2.8,384:2.8,349:2.78,1152:2.76,728:2.75,391:2.68,76:2.67,1114:2.63,348:2.56,724:2.54,995:2.53,864:2.52,583:2.36,590:2.3,381:2.21,141:2.18,859:2.15,714:2.12,139:1.81,389:1.78,1139:0.01
435	0	626:2.52,993:2.46,899:2.26,1208:2.18,904:2.16,909:2.12,1209:2.12,434:2.12,975:2.04,959:1.95,770:1.94,722:1.88,551:1.87,1195:1.76,473:1.75,501:1.74,848:1.74,650:1.66,555:1.66,487:1.66,984:1.64,614:1.61,1105:1.59,705:1.58,995:1.58,384:1.57,212:1.57,227:1.55,1137:1.54,728:1.54,82:1.53,1211:1.52,706:1.5,208:1.49,142:1.48,732:1.48,991:1.48,348:1.48,213:1.47,205:1.44,349:1.43,391:1.41,1150:1.4,489:1.36,76:1.36,925:1.33,583:1.33,1114:1.32,462:1.31,623:1.3,112:1.29,657:1.28,1077:1.28,381:1.28,420:1.23,724:1.23,590:1.19,864:1.18,1152:1.17,859:1.16,141:1.15,389:1.02,139:0.89,714:0.87
437	439	387:5.15,386:5.08,427:5.06,943:5.03,12:4.66,292:4.63,312:4.57,166:4.53,691:4.47,302:4.37,205:4.21,762:4.17,1170:4.12,1171:4.08,294:4.08,168:3.99,193:3.97,768:3.97,49:3.94,15:3.9,945:3.88,777:3.64,47:2.93,898:0.2,441:0.18,621:0.14,570:0.12,657:0.11,583:0.1,979:0.1,390:0.09,127:0.08,569:0.07,212:0.06,614:0.05,642:0.05,123:0.04,391:0.03,661:0.03,213:0.03,925:0.02,214:0.02,566:0.02,1055:0.01,763:0.01,851:0.01
437	438	943:5.19,427:5.07,292:4.95,387:4.73,691:4.59,386:4.56,49:4.5,193:4.46,12:4.42,166:4.28,762:4.28,1171:4.25,312:4.15,302:4.1,205:4.02,294:3.93,768:3.87,945:3.86,15:3.7,168:3.62,1170:3.48,777:3.4,47:3.06,441:0.38,898:0.27,583:0.26,621:0.25,390:0.24,657:0.22,979:0.22,642:0.2,570:0.19,127:0.18,566:0.15,661:0.13,569:0.12,214:0.1,213:0.09,925:0.08,212:0.08,123:0.08,614:0.07,1055:0.07,851:0.05,763:0.04,391:0.04,567:0.02
440	0	127:2.07,612:1.97,455:1.92,642:1.89,655:1.88,359:1.86,799:1.77,497:1.76,848:1.72,227:1.7,494:1.68,987:1.66,207:1.64,305:1.63,212:1.62,766:1.59,898:1.57,42:1.56,758:1.55,583:1.54,614:1.54,1205:1.52,18:1.52,1176:1.52,763:1.52,925:1.51,1211:1.49,213:1.48,123:1.46,1149:1.44,142:1.41,657:1.41,586:1.39,22:1.39,423:1.39,451:1.39,851:1.38,386:1.37,302:1.37,214:1.36,1206:1.35,312:1.35,85:1.35,621:1.35,726:1.35,546:1.33,653:1.33,998:1.32,164:1.31,189:1.3,1207:1.3,369:1.3,979:1.3,310:1.29,966:1.28,226:1.26,688:1.23,768:1.2,205:1.2,570:1.17,178:1.16,606:1.14,1055:1.14,391:1.13,49:1.12,387:1.09,945:1.05,870:0.97,777:0.95,567:0.94
443	0	329:2.01,989:1.94,160:1.91,843:1.9,528:1.87,619:1.84,186:1.82,55:1.82,134:1.81,99:1.78,9:1.77,1183:1.75,1002:1.74,482:1.7,343:1.7,575:1.68,285:1.65,375:1.65,374:1.62,872:1.61,1182:1.61,119:1.59,224:1.56,420:1.56,541:1.51,130:1.5,718:1.5,131:1.49,514:1.49,683:1.49,314:1.46,324:1.44,793:1.44,939:1.44,1226:1.44,606:1.43,448:1.41,1003:1.38,327:1.36,171:1.33,230:1.31,91:1.31,562:1.31,755:1.3,870:1.3,804:1.3,1145:1.3,381:1.27,226:1.26,927:1.24,907:1.23,859:1.21,331:1.2,121:1.16,1174:1.14,908:1.14,73:1.13,87:1.1,139:1.07,714:1.06,62:1.06,141:1.05,618:1.05,1159:1.02,590:0.98,297:0.96,80:0.95,199:0.94,1001:0.89,777:0.88,773:0.88
445	0	153:2.98,521:2.86,581:2.85,278:2.77,413:2.74,855:2.61,480:2.59,932:2.57,192:2.57,836:2.54,574:2.53,1036:2.52,189:2.48,114:2.44,2:2.43,779:2.41,676:2.41,345:2.39,182:2.37,867:2.35,866:2.31,734:2.28,572:2.12,623:2.1,748:2.08,1146:2.06,369:2.04,1201:2,1200:1.95,972:1.95,307:1.94,977:1.92,389:1.92,611:1.92,736:1.88,1199:1.88,616:1.87,300:1.87,45:1.82,71:1.69,781:1.63,485:1.6,1141:1.49,47:1.48,438:1.41,297:1.37,788:0.01
447	0	619:2.86,99:2.69,989:2.55,374:2.52,575:2.35,186:2.29,1182:2.26,1183:2.25,55:2.2,872:2.17,482:2.14,718:2.13,907:2.11,541:2.09,375:2.05,514:2.05,314:2.03,119:2.01,224:1.99,324:1.96,1003:1.96,117:1.91,444:1.91,62:1.88,327:1.87,606:1.8,870:1.78,121:1.74,590:1.72,73:1.71,139:1.7,562:1.69,331:1.66,908:1.65,141:1.64,171:1.64,211:1.63,859:1.63,310:1.63,381:1.63,87:1.61,1174:1.6,195:1.57,199:1.55,618:1.54,80:1.52,804:1.51,226:1.46,714:1.44,773:1.43,777:1.42,1159:1.35,1001:1.32,297:1.18,284:0.01,796:0.01
450	0	493:2.05,378:1.94,362:1.9,740:1.78,588:1.75,880:1.68,997:1.67,889:1.67,502:1.63,1004:1.51,123:1.51,494:1.5,655:1.47,359:1.46,1142:1.46,1195:1.42,653:1.4,130:1.39,848:1.37,987:1.36,892:1.36,454:1.35,178:1.34,6:1.33,1205:1.32,169:1.32,1176:1.3,758:1.28,455:1.28,998:1.27,706:1.26,546:1.25,85:1.25,423:1.24,1211:1.24,227:1.24,441:1.23,497:1.22,648:1.21,42:1.2,1149:1.18,305:1.16,795:1.15,936:1.14,1076:1.14,189:1.14,766:1.13,503:1.13,634:1.13,142:1.13,1207:1.11,749:1.11,467:1.11,164:1.1,962:1.09,1148:1.09,966:1.08,1206:1.08,734:1.08,870:1.08,927:1.07,726:1.06,606:1.06,18:1.05,1201:1.02,586:1.01,688:1.01,94:1.01,803:1,1038:0.99,806:0.97,312:0.96,1200:0.94,1226:0.93,736:0.91,972:0.91,1199:0.89,302:0.89,618:0.89,369:0.84,226:0.82
452	0	1160:2.5,800:2.38,217:2.38,234:2.32,701:2.21,317:2.17,365:2.16,651:2.16,372:2.15,845:2.15,857:2.14,53:2.1,598:2.08,115:2.02,113:1.99,533:1.98,941:1.97,488:1.97,233:1.93,457:1.92,950:1.91,305:1.89,1228:1.88,546:1.88,1007:1.87,449:1.87,241:1.86,380:1.85,556:1.84,423:1.8,992:1.79,128:1.76,164:1.75,1049:1.74,758:1.73,805:1.72,1148:1.7,85:1.69,22:1.69,887:1.65,653:1.63,1006:1.63,18:1.62,40:1.61,924:1.56,790:1.45,720:1.43,203:1.43,1217:1.4,785:1.39,611:1.32,970:1.28,901:1.27,693:1.25,955:1.18
456	0	289:2.35,1228:2.29,206:2.28,530:2.25,950:2.21,20:2.21,857:2.2,162:2.2,385:2.18,760:2.13,365:2.09,113:2.08,234:2.08,956:2.07,1102:2.06,598:2.04,466:2.04,941:2.03,701:2.03,1133:2,651:1.99,556:1.98,845:1.95,85:1.95,317:1.94,128:1.92,115:1.92,53:1.9,453:1.88,800:1.87,449:1.86,380:1.86,1049:1.82,423:1.81,241:1.8,372:1.74,805:1.72,22:1.71,1160:1.71,18:1.67,685:1.62,758:1.61,203:1.55,425:1.55,40:1.5,305:1.47,546:1.46,720:1.45,164:1.41,901:1.39,970:1.32,1217:1.29,611:1.29,790:1.27
458	0	703:3.7,604:3.41,97:3.39,1194:3.37,981:3.32,352:3.31,601:3.27,631:3.15,543:3.14,65:3.05,1120:2.93,357:2.76,124:2.72,399:2.72,1121:2.67,319:2.57,122:2.56,348:2.5,349:2.49,462:2.49,178:2.48,553:2.48,1206:2.47,1126:2.45,712:2.4,586:2.35,979:2.34,901:2.27,1103:2.25,1123:2.12,1130:2.08,790:2.07,80:2,203:1.97,1217:1.93,804:1.88,923:1.78,199:1.71,1001:1.45
459	0	197:2.67,596:2.48,1111:2.42,968:2.4,1218:2.32,24:2.32,853:2.17,535:2.13,376:1.98,902:1.97,455:1.93,650:1.92,110:1.92,578:1.87,486:1.86,89:1.84,886:1.82,594:1.8,368:1.79,379:1.79,929:1.65,700:1.65,1143:1.64,987:1.64,31:1.6,995:1.59,655:1.5,477:1.5,991:1.48,712:1.42,585:1.42,928:1.42,229:1.41,783:1.4,1123:1.4,94:1.38,42:1.38,1076:1.34,716:1.34,34:1.34,1116:1.33,1055:1.33,874:1.32,1130:1.3,570:1.29,945:1.28,887:1.27,49:1.27,73:1.25,345:1.23,616:1.22,479:1.21,331:1.21,467:1.2,300:1.19,45:1.11,211:1.08,327:1.07,1215:1.07,970:1.02,3:1.02,1125:0.99,71:0.95,773:0.95,432:0.94
461	0	626:2.11,904:1.93,1008:1.76,993:1.68,352:1.65,196:1.63,1025:1.62,1105:1.61,1194:1.6,909:1.58,411:1.56,97:1.56,543:1.54,1195:1.52,473:1.51,65:1.5,703:1.5,604:1.46,848:1.42,981:1.4,706:1.38,555:1.38,394:1.36,384:1.34,631:1.33,650:1.33,501:1.32,103:1.32,680:1.31,208:1.31,601:1.28,984:1.27,487:1.27,212:1.24,436:1.24,1137:1.2,124:1.19,82:1.18,1206:1.18,349:1.17,1126:1.16,1149:1.16,891:1.15,1184:1.15,712:1.15,1077:1.15,924:1.14,732:1.13,319:1.13,178:1.11,500:1.1,961:1.1,657:1.09,1006:1.07,586:1.07,348:1.07,205:1.07,1079:1.06,614:1.06,1150:1.06,883:1.04,420:1.02,1121:1.01,1103:1.01,623:1.01,991:1,979:0.96,203:0.95,122:0.94,1130:0.94,1123:0.93,901:0.91,790:0.89,1001:0.89,227:0.89,80:0.86,851:0.84,1217:0.83,804:0.8,923:0.79,199:0.79,121:0.78
463	0	550:9.65,320:9.21,383:8.64,975:8.06,591:8.05,247:7.82,799:7.62,95:7.47,1113:7.2,75:7.12,863:6.56,219:6.23,222:6.14,958:0.05,589:0.04,433:0.03,1138:0.02,723:0.02,388:0.02,138:0.02,435:0.01,140:0.01,390:0.01
464	122	710:2.64,36:2.56,210:2.46,352:2.44,952:2.42,708:2.4,703:2.38,1194:2.31,727:2.3,894:2.29,65:2.28,789:2.25,411:2.22,604:2.21,601:2.17,97:2.09,543:2.06,984:2,553:1.98,462:1.96,981:1.91,631:1.9,732:1.9,124:1.84,349:1.73,803:1.7,348:1.7,728:1.7,851:1.69,1121:1.66,586:1.64,1125:1.63,184:1.62,1107:1.61,319:1.6,979:1.57,1077:1.54,178:1.52,712:1.49,399:1.48,40:1.47,923:1.46,1206:1.43,901:1.4,790:1.39,1103:1.37,203:1.37,572:1.36,768:1.35,1123:1.31,804:1.31,1130:1.25,80:1.21,1001:1.18,199:1.16,1217:1.13
464	1126	210:2.54,894:2.52,789:2.49,708:2.47,352:2.43,36:2.4,952:2.38,1194:2.35,727:2.35,601:2.3,631:2.27,703:2.25,411:2.25,710:2.23,65:2.22,981:2.16,604:2.11,543:2.09,97:2.08,984:1.93,462:1.9,553:1.82,1107:1.79,348:1.79,728:1.74,732:1.74,803:1.71,124:1.69,1103:1.68,586:1.68,178:1.64,319:1.63,349:1.62,1077:1.59,1206:1.59,979:1.57,851:1.56,399:1.53,901:1.49,184:1.41,199:1.41,1121:1.4,804:1.39,712:1.39,203:1.37,790:1.35,768:1.35,40:1.33,1125:1.33,1130:1.31,1123:1.31,572:1.29,1217:1.25,923:1.19,1001:1.17,80:1.17
465	0	20:2.48,760:2.28,234:2.22,1102:2.19,372:2.16,530:2.13,449:2.13,289:2.13,162:2.12,365:2.11,53:2.1,206:2.1,941:2.09,1228:2.07,800:2.07,956:2.06,453:2.05,385:2.05,950:2.04,1133:2.03,845:2.01,466:2,241:2,556:1.98,701:1.98,857:1.97,598:1.97,317:1.91,380:1.85,1049:1.84,115:1.84,457:1.81,651:1.79,805:1.79,128:1.78,1160:1.76,423:1.75,85:1.71,22:1.67,18:1.66,546:1.65,305:1.65,758:1.63,685:1.52,164:1.51,790:1.45,203:1.44,901:1.42,40:1.4,720:1.39,970:1.33,1217:1.33,425:1.31,611:1.29
468	0	774:6.14,51:5.73,28:5.3,105:5.14,75:4.95,207:4.79,95:4.75,636:4.65,247:4.63,396:4.57,148:4.54,1109:4.26,221:4.22,1005:4.11,685:3.83,911:3.82,659:3.72,561:3.72,284:3.58,195:3.55,1022:3.4,808:3.32,1170:3.28
469	0	1074:3.47,1188:3.28,1043:3.23,809:3.16,670:3.16,1052:3.13,1014:3.01,1046:2.96,743:2.94,824:2.94,1067:2.91,1066:2.88,1045:2.82,660:2.81,1030:2.8,731:2.77,637:2.76,1151:2.76,1072:2.75,1083:2.73,1023:2.73,408:2.69,149:2.69,407:2.68,397:2.66,1034:2.65,1015:2.64,1028:2.61,1009:2.61,912:2.59,920:2.55,1225:2.23,829:2.21,1082:1.96,926:1.85,230:1.79,1044:1.59
471	0	1060:3.97,1056:3.79,242:3.74,798:3.74,1007:3.49,1096:3.49,1091:3.33,128:3.31,797:3.3,499:3.26,233:3.2,217:3.19,372:3.15,1228:3.14,533:3.11,115:3.09,926:3.01,1225:2.93,488:2.93,941:2.9,857:2.85,651:2.82,241:2.74,992:2.72,1006:2.57,653:2.56,546:2.45,887:2.42,790:2.26,1148:2.21,924:2.17,785:2.16,693:2.04,955:1.96
472	0	820:3.85,1009:3.79,1017:3.77,819:3.75,1013:3.61,645:3.57,559:3.48,791:3.16,890:3.12,336:3.08,68:3.07,878:3.04,917:3.03,1039:2.95,1222:2.72,1004:2.62,1154:2.61,585:2.45,500:2.42,1153:2.37,417:2.36,282:2.27,677:2.26,948:2.22,998:2.21,525:2.2,700:2.09,726:2.03,1158:2.02,214:2,765:1.98,1079:1.94,928:1.91,939:1.86,479:1.76,1146:1.73,785:1.63,62:1.56,1159:1.51
474	0	1028:4.86,1014:4.58,1015:4.57,1009:4.31,775:4.1,869:4.05,232:4.03,334:3.73,208:3.51,489:3.36,1225:3.31,1082:3.31,555:3.28,926:3.25,497:3.17,498:3.05,578:2.99,1202:2.92,648:2.91,795:2.91,112:2.82,285:2.74,319:2.58,974:2.53,892:2.52,31:2.48,76:2.46,34:2.43,448:2.42,562:2.42,414:2.4
476	0	110:2.25,642:2.15,494:2.1,127:2.05,662:2.05,169:2.01,368:2,614:1.98,829:1.94,89:1.87,212:1.85,379:1.85,991:1.8,876:1.76,594:1.75,441:1.74,716:1.71,929:1.68,898:1.68,123:1.68,31:1.67,42:1.66,995:1.65,391:1.64,793:1.62,763:1.59,851:1.58,213:1.58,1125:1.57,1116:1.55,874:1.54,312:1.53,583:1.53,657:1.53,34:1.52,302:1.51,1123:1.51,979:1.5,768:1.49,214:1.48,1055:1.47,3:1.45,570:1.45,783:1.44,1215:1.44,479:1.43,925:1.41,970:1.4,205:1.38,49:1.36,460:1.35,621:1.34,928:1.34,567:1.27,945:1.26,1130:1.24,432:1.21,773:1.19,94:1.18,616:1.11,73:1.1,777:1.09,45:0.98,71:0.96
478	0	237:2.24,107:2.22,106:1.98,559:1.92,57:1.91,1154:1.85,24:1.84,563:1.83,895:1.77,336:1.75,890:1.73,564:1.73,645:1.72,878:1.71,68:1.71,379:1.71,791:1.69,110:1.61,89:1.6,368:1.56,594:1.51,500:1.49,995:1.49,585:1.45,473:1.44,42:1.42,1004:1.4,716:1.38,1116:1.36,929:1.35,282:1.34,169:1.32,939:1.32,525:1.31,1079:1.3,991:1.3,214:1.3,700:1.27,928:1.26,677:1.25,998:1.24,1153:1.24,477:1.2,785:1.19,783:1.18,34:1.18,1215:1.17,417:1.16,726:1.14,1158:1.13,307:1.12,970:1.11,432:1.11,948:1.11,31:1.11,73:1.09,460:1.09,874:1.09,62:1.06,616:1.06,3:1.05,1055:1.05,49:1.04,1146:1.02,1130:1.01,1125:1.01,1123:1,765:1,570:1,45:1,94:1,773:0.97,71:0.93,1159:0.8
481	0	619:2.65,986:2.62,99:2.53,1182:2.36,1003:2.33,374:2.26,541:2.23,872:2.22,754:2.22,842:2.18,117:2.13,314:2.13,1183:2.12,119:2.12,989:2.11,514:2.08,718:2.08,444:2.07,55:2.06,575:2.05,1163:2.04,224:2.03,327:2,186:1.95,907:1.92,195:1.91,375:1.91,184:1.82,606:1.82,310:1.76,870:1.74,171:1.73,324:1.71,714:1.68,590:1.66,226:1.65,87:1.63,381:1.6,859:1.57,448:1.57,297:1.54,1159:1.51,331:1.51,141:1.5,211:1.49,773:1.42,804:1.42,777:1.41,139:1.41,199:1.36,80:1.34,908:1.33,618:1.26,1001:1.22,938:0.01,313:0.01,73:0.01
483	0	575:1.26,482:1.25,455:1.22,989:1.22,99:1.2,987:1.19,186:1.19,1207:1.18,528:1.18,160:1.17,359:1.17,1002:1.15,843:1.14,848:1.14,718:1.13,494:1.12,683:1.12,142:1.11,1149:1.11,451:1.1,1205:1.1,799:1.1,653:1.09,619:1.09,119:1.08,374:1.08,444:1.06,9:1.04,541:1.04,134:1.04,1176:1.02,870:1.01,497:0.98,375:0.98,420:0.98,123:0.98,1182:0.97,18:0.97,327:0.97,927:0.97,55:0.96,1003:0.96,1145:0.95,178:0.95,224:0.95,302:0.94,85:0.94,22:0.94,1211:0.94,1183:0.94,121:0.94,546:0.94,655:0.94,117:0.93,1206:0.92,343:0.92,227:0.92,758:0.92,423:0.91,1226:0.91,514:0.9,590:0.89,314:0.89,164:0.88,966:0.87,189:0.86,369:0.85,688:0.85,793:0.85,305:0.85,726:0.85,42:0.84,310:0.84,755:0.84,441:0.84,73:0.84,211:0.82,907:0.82,448:0.82,171:0.81,908:0.81,804:0.8,939:0.8,766:0.8,586:0.79,331:0.79,91:0.79,87:0.79,998:0.78,312:0.76,324:0.74,562:0.74,859:0.73,606:0.73,714:0.72,872:0.71,62:0.7,199:0.69,381:0.67,141:0.66,139:0.65,1001:0.64,773:0.62,80:0.62,618:0.61,777:0.6,1174:0.55,1159:0.55,297:0.53
484	0	900:1.82,347:1.75,609:1.69,640:1.66,738:1.58,496:1.58,639:1.57,1216:1.53,855:1.49,279:1.47,1135:1.46,677:1.4,522:1.39,933:1.39,698:1.38,1117:1.37,581:1.35,490:1.33,495:1.32,1044:1.32,1000:1.3,837:1.3,498:1.28,788:1.22,221:1.22,574:1.2,906:1.2,765:1.18,867:1.18,891:1.18,154:1.17,480:1.16,1126:1.16,182:1.15,779:1.15,446:1.14,749:1.13,537:1.13,1105:1.12,3:1.11,486:1.11,103:1.11,1036:1.11,369:1.1,124:1.1,343:1.1,131:1.09,1107:1.09,724:1.08,734:1.08,91:1.08,1153:1.08,1152:1.08,623:1.07,1172:1.04,974:1.04,1175:1.04,806:0.99,189:0.99,972:0.99,1199:0.98,866:0.96,908:0.94,345:0.94,503:0.91,898:0.89,572:0.88,1146:0.88,923:0.87,389:0.86,1038:0.86,87:0.86,1185:0.86,414:0.85,977:0.84,307:0.83,616:0.83,736:0.82,567:0.82,71:0.82,1201:0.81,1141:0.8,1177:0.78,45:0.77,955:0.77,432:0.76,1200:0.76,611:0.73,300:0.72,297:0.7
520	0	278:6.41,836:6.31,413:6.04,153:5.95,446:5.91,480:5.86,932:5.81,192:5.76,676:5.73,114:5.49,748:5.21,70:5.01,44:5,2:4.95,363:4.84,781:4.17,566:4.06,47:3.47,438:3.15,954:0.2,388:0.17,855:0.11,581:0.07,616:0.06,189:0.06,734:0.05,369:0.04,344:0.02,735:0.02,697:0.01,188:0.01,300:0.01,484:0.01,1198:0.01,1196:0.01,307:0.01
521	0	665:3.02,1042:2.84,1011:2.82,1026:2.82,812:2.79,490:2.66,823:2.57,837:2.34,495:2.22,698:2.21,279:2.2,1117:2.19,1044:2.15,1233:2.09,779:2.04,154:2.01,537:1.99,182:1.94,1232:1.93,788:1.9,1172:1.86,749:1.79,1231:1.77,677:1.76,574:1.71,1153:1.7,867:1.68,933:1.67,974:1.66,866:1.65,3:1.62,1036:1.58,414:1.56,1038:1.56,623:1.53,103:1.5,1177:1.46,572:1.44,806:1.4,1141:1.39,736:1.36,977:1.36,567:1.36,1200:1.33,71:1.32,432:1.29,1201:1.28,972:1.27,45:1.27,923:1.26,300:1.25,955:1.17,1146:1.17,1199:1.14,485:1.09,389:1.04,297:1.02
523	0	679:8.31,839:8.07,751:7.91,935:7.68,5:7.61,156:7.54,1162:7.28,77:7.22,281:6.65,687:6.51,219:6.51,863:6.38,1118:6.27,416:5.92,321:0.04,633:0.03,692:0.02,766:0.02,240:0.01,661:0.01,340:0.01
524	0	819:1.94,1128:1.84,1013:1.74,1017:1.71,665:1.7,663:1.69,890:1.67,1009:1.63,820:1.6,645:1.59,1029:1.57,1091:1.57,244:1.57,664:1.56,146:1.51,1039:1.5,878:1.5,157:1.46,559:1.44,59:1.43,766:1.38,68:1.36,917:1.34,801:1.32,136:1.32,1019:1.31,672:1.31,1004:1.3,580:1.29,656:1.28,662:1.28,1154:1.25,473:1.25,1222:1.25,791:1.24,831:1.24,840:1.21,492:1.21,6:1.2,539:1.19,677:1.18,1082:1.15,1139:1.12,417:1.12,38:1.11,126:1.09,998:1.08,948:1.08,500:1.08,78:1.06,936:1.06,962:1.05,752:1.05,1232:1.05,726:1.04,864:1.03,585:1.02,282:0.99,876:0.98,688:0.97,1153:0.96,693:0.95,680:0.94,1185:0.94,939:0.93,700:0.93,1079:0.92,62:0.91,1184:0.9,783:0.89,1173:0.89,961:0.88,928:0.88,634:0.87,765:0.86,214:0.85,479:0.85,1146:0.84,1142:0.83,785:0.82,229:0.82,1158:0.82,1159:0.73,977:0.73
526	0	61:5.62,159:5.18,313:5.08,419:5.04,938:5,986:4.99,1163:4.51,842:4.46,682:4.45,119:4.41,796:4.32,8:4.28,561:4.15,754:4.12,117:3.95,342:3.91,284:3.91,222:3.58,310:3.47,425:3.42,184:3.37,195:3.21,211:2.81,777:2.7,589:0.02,619:0.01,989:0.01,138:0.01,140:0.01
527	528	813:2.76,245:2.64,672:2.56,329:2.52,9:2.5,1016:2.39,843:2.15,1081:2.14,160:2.1,130:2.08,1002:2.07,230:2.04,420:1.98,541:1.98,1222:1.97,186:1.95,755:1.93,134:1.87,374:1.82,55:1.82,793:1.81,444:1.81,375:1.8,514:1.77,285:1.76,314:1.74,718:1.74,343:1.72,907:1.67,1231:1.67,683:1.67,224:1.67,939:1.61,91:1.61,927:1.59,62:1.58,872:1.56,131:1.55,1226:1.55,562:1.54,1174:1.54,199:1.49,859:1.43,226:1.41,73:1.38,381:1.38,590:1.36,121:1.32,139:1.31,714:1.3,618:1.3,141:1.25,1159:1.23,773:1.21,80:1.17,908:1.12,1001:1.07,297:1.03,1003:0.01
527	1145	245:2.78,813:2.57,1016:2.5,329:2.33,672:2.28,9:2.28,1222:2.2,374:2.1,1231:2.08,160:2.04,134:2.03,1081:2.02,375:2.02,1002:2,55:1.97,718:1.96,843:1.93,444:1.92,872:1.9,224:1.89,285:1.89,131:1.88,230:1.83,793:1.82,420:1.79,755:1.79,514:1.76,130:1.73,226:1.72,541:1.72,314:1.69,907:1.67,1226:1.66,927:1.66,939:1.65,343:1.62,562:1.62,91:1.57,186:1.49,1174:1.47,62:1.47,859:1.45,618:1.45,683:1.44,139:1.39,714:1.33,590:1.33,73:1.32,381:1.31,199:1.29,773:1.28,141:1.25,1159:1.21,121:1.2,1001:1.14,297:1.12,80:1.1,908:1.08,1034:0.01
529	0	137:4.02,316:3.92,206:3.72,471:3.71,289:3.71,466:3.67,385:3.65,20:3.61,760:3.6,162:3.56,108:3.52,1160:3.5,1102:3.41,956:3.37,317:3.28,365:3.28,1049:3.27,380:3.26,53:3.22,305:3.19,845:3.18,113:3.16,457:3.01,1133:2.83,556:2.75,22:2.74,685:2.7,425:2.52,164:2.44,40:2.32,203:1.88
531	0	371:6.26,452:6.26,422:6.24,17:6.07,308:5.96,954:5.82,784:5.77,652:5.71,610:5.68,757:5.63,545:5.5,190:5.44,316:5.34,137:5.29,471:5.17,108:4.98,83:4.6,692:4.28
532	0	242:2.84,797:2.43,143:2.42,499:2.34,234:2.27,217:2.27,1228:2.22,1096:2.16,1049:2.16,449:2.14,1007:2.12,380:2.11,941:2.1,372:2.09,701:2.07,950:2.07,857:2.07,453:2.04,926:2.03,128:1.99,457:1.98,651:1.97,233:1.92,18:1.92,845:1.92,488:1.9,598:1.87,800:1.86,113:1.86,241:1.86,305:1.84,164:1.8,115:1.78,992:1.77,546:1.7,423:1.68,758:1.67,805:1.64,887:1.62,1148:1.59,970:1.58,1006:1.57,85:1.57,924:1.54,785:1.53,203:1.51,653:1.51,693:1.46,720:1.39,955:1.38,1217:1.38,901:1.24,611:1.13,790:1.12
534	0	287:6,1111:5.85,853:5.56,376:5.48,198:5.23,1218:5.14,902:4.79,215:4.62,650:4.43,1102:4.28,987:4.13,467:4.02,1133:3.95,1143:3.92,585:3.76,1076:3.59,712:3.36,460:3.28,327:3.28,659:3.23,345:3.18,331:3.1,945:3.04,300:2.76,486:0.01,655:0.01
536	0	837:2.66,490:2.56,279:2.45,698:2.35,495:2.34,480:2.29,1117:2.21,522:2.11,446:2.1,855:2.1,788:2.06,154:2.05,574:2.05,581:2.03,1172:2.01,749:1.96,1044:1.95,103:1.9,182:1.84,933:1.82,1153:1.8,866:1.77,1038:1.77,1036:1.75,307:1.74,677:1.68,369:1.66,779:1.63,974:1.62,414:1.61,1177:1.6,485:1.6,806:1.52,432:1.52,867:1.52,567:1.51,1146:1.5,611:1.5,300:1.5,972:1.49,3:1.47,345:1.47,389:1.45,623:1.45,734:1.41,1199:1.38,189:1.38,955:1.37,736:1.35,616:1.34,1201:1.32,572:1.3,977:1.24,45:1.23,71:1.21,1141:1.21,923:1.14,1200:1.14,297:1.01
538	0	321:4.39,580:3.61,126:3.53,840:3.51,157:3.49,136:3.48,656:3.45,492:3.27,78:3.2,766:3.15,282:3.08,6:3.08,801:3.03,38:2.99,1185:2.87,752:2.85,1142:2.75,688:2.75,680:2.68,1184:2.68,961:2.57,417:2.55,634:2.55,340:2.55,876:2.53,1158:2.53,864:2.47,936:2.46,962:2.45,525:2.43,229:2.41,783:2.39,693:2.25,977:2.06,1173:1.96
540	0	329:2.1,160:2.07,99:2.06,9:1.85,482:1.82,420:1.82,619:1.81,1182:1.78,575:1.77,843:1.76,134:1.76,1183:1.74,989:1.72,872:1.68,514:1.63,1002:1.62,1003:1.61,119:1.6,528:1.6,131:1.57,55:1.57,327:1.57,314:1.57,793:1.55,186:1.55,130:1.54,1226:1.53,444:1.51,91:1.5,606:1.47,375:1.47,755:1.45,285:1.43,718:1.4,448:1.4,374:1.38,224:1.37,939:1.36,230:1.35,870:1.35,1145:1.34,907:1.32,562:1.29,927:1.28,324:1.27,73:1.25,226:1.24,121:1.24,87:1.23,590:1.23,343:1.23,139:1.23,683:1.22,62:1.19,171:1.18,297:1.16,908:1.13,804:1.13,331:1.11,714:1.08,773:1.07,777:1.07,1001:1.03,1159:1.03,1174:1.03,141:1,618:1,199:0.98,80:0.96,381:0.93,859:0.86
542	0	196:3.06,703:2.97,97:2.95,1194:2.77,411:2.71,394:2.6,601:2.54,65:2.51,604:2.49,981:2.45,352:2.44,631:2.39,462:2.2,349:2.18,586:2.13,1126:2.1,680:2.08,851:2.07,1149:2.05,178:2.03,1006:2.02,883:2,124:1.98,1206:1.95,348:1.95,103:1.94,500:1.92,979:1.92,1079:1.91,891:1.9,924:1.9,790:1.87,319:1.86,203:1.84,901:1.81,712:1.77,961:1.74,1001:1.68,1123:1.66,1217:1.64,1103:1.62,1121:1.62,121:1.58,923:1.58,122:1.57,804:1.56,1130:1.53,199:1.51,80:1.45
544	0	225:4.03,552:3.96,422:3.96,847:3.91,188:3.89,483:3.88,532:3.86,371:3.81,133:3.75,1147:3.69,610:3.69,216:3.67,757:3.64,652:3.63,190:3.58,452:3.55,17:3.49,654:3.47,784:3.45,954:3.42,450:3.38,471:3.35,308:3.31,108:3.11,83:2.97,687:2.83,692:2.79,166:2.12,193:1.81
545	0	740:1.55,598:1.42,799:1.42,845:1.4,499:1.36,533:1.36,53:1.34,227:1.33,1007:1.31,380:1.31,305:1.3,359:1.3,365:1.3,233:1.29,797:1.29,701:1.28,234:1.28,241:1.28,455:1.25,494:1.24,217:1.23,115:1.23,6:1.22,457:1.22,950:1.22,857:1.22,372:1.22,1228:1.21,848:1.21,655:1.21,449:1.18,992:1.16,1207:1.16,488:1.15,453:1.15,941:1.15,451:1.14,606:1.12,987:1.12,113:1.12,123:1.11,651:1.11,423:1.1,556:1.1,169:1.09,497:1.08,1006:1.08,586:1.05,317:1.05,142:1.05,178:1.04,758:1.03,441:1.03,653:1.03,1205:1.03,1211:1.02,800:1.02,18:1.02,22:1.01,85:1,1149:1,766:1,42:0.99,128:0.99,312:0.98,805:0.98,1049:0.96,901:0.95,1206:0.93,310:0.93,1176:0.93,688:0.93,924:0.91,998:0.9,785:0.9,693:0.89,164:0.88,966:0.88,1217:0.87,887:0.85,970:0.85,369:0.85,726:0.84,189:0.82,302:0.82,870:0.81,1148:0.79,720:0.75,203:0.72,611:0.72,790:0.71,955:0.71,226:0.66
547	0	491:4.53,135:4.13,338:4.07,861:3.97,125:3.91,430:3.87,26:3.85,629:3.71,181:3.64,101:3.59,487:3.54,964:3.44,905:3.27,1205:3.03,621:3,1176:3,82:2.93,966:2.78,874:2.66,1114:2.64,1175:2.62,906:2.5,1103:2.5,1173:2.44,948:2.38,763:2.38,720:2.35,1174:2.34,171:2.32,643:2.26,1215:2.17,1141:2.15,1177:2.03
549	0	958:7.49,721:7.37,388:6.62,185:6.37,723:6.34,390:6.31,140:6.31,138:6.26,589:6.23,320:6.02,591:5.47,75:5.46,247:5.32,95:5.31,1113:5,863:4.18,222:3.94
550	0	899:4.45,959:4.27,770:4.21,1209:4.2,1208:4.1,434:3.88,722:3.56,501:3.5,1233:3.29,1139:3.28,384:3.25,436:3.09,489:3.02,142:2.81,925:2.78,1152:2.74,213:2.73,112:2.71,995:2.64,728:2.62,724:2.62,391:2.6,1114:2.57,1211:2.56,864:2.53,76:2.51,583:2.45,714:2.36,381:2.27,139:2.26,141:2.21,859:2.1,590:1.97,389:1.85,401:0.01
552	0	198:3.29,612:3.18,411:3.16,207:3.13,799:3.12,1120:2.99,591:2.87,466:2.87,1194:2.87,64:2.77,815:2.75,703:2.73,439:2.7,600:2.65,956:2.62,176:2.61,202:2.57,748:2.45,22:2.43,124:2.41,227:2.37,399:2.3,122:2.26,42:2.26,164:2.25,312:2.22,348:2.2,305:2.17,349:2.17,369:2.13,1126:2.13,166:2.08,357:2.06,189:2.04,302:2.01,310:1.97,193:1.92,292:1.91,691:1.82,12:1.79,203:1.77
554	0	475:4.77,232:4.56,775:4.34,869:4.31,334:4.19,1225:3.99,498:3.97,926:3.83,208:3.73,112:3.65,489:3.6,497:3.58,578:3.56,285:3.24,1202:3.22,1137:3.05,31:3.01,795:2.99,892:2.93,76:2.93,648:2.92,643:2.82,340:2.73,974:2.65,414:2.64,448:2.64,34:2.61,319:2.55,324:2.49,562:2.48,1014:0.01,1028:0.01
557	0	67:15.84,1124:15.47,916:14.59,416:9.31,281:9.08,357:9,1144:8.87,524:8.73,808:7.89,584:0.22,106:0.16,107:0.15,699:0.13,644:0.12,237:0.09,563:0.08,947:0.08,564:0.08,57:0.07,307:0.04
558	0	237:3.38,107:3.38,890:3.28,1039:3.2,57:3.12,106:3.1,564:3.08,336:2.98,645:2.96,68:2.91,473:2.88,878:2.83,563:2.75,1154:2.72,791:2.67,917:2.62,895:2.61,417:2.52,1153:2.32,1004:2.31,1222:2.25,525:2.2,585:2.2,939:2.09,700:2.09,1079:2.05,282:2.04,785:1.99,500:1.98,928:1.98,948:1.97,765:1.97,214:1.97,307:1.96,677:1.94,726:1.91,62:1.83,1158:1.73,998:1.66,479:1.62,1146:1.52,1159:1.43
560	0	589:6.88,140:6.72,138:6.4,61:5.44,313:5.29,682:5.29,419:5.16,8:5.11,938:5.08,159:4.97,754:4.83,796:4.83,842:4.75,1163:4.6,527:4.5,284:4.22,184:4.19,342:4.16,222:3.9,425:3.66,296:0.01,72:0.01
561	0	775:1.61,869:1.56,555:1.5,232:1.45,475:1.42,99:1.41,329:1.39,334:1.32,1002:1.32,498:1.32,1222:1.29,160:1.28,1225:1.25,619:1.24,578:1.24,939:1.23,1182:1.22,374:1.21,843:1.2,130:1.2,575:1.19,541:1.18,497:1.18,208:1.17,134:1.16,131:1.16,375:1.15,793:1.14,9:1.13,643:1.12,974:1.12,926:1.11,755:1.11,795:1.11,718:1.1,1183:1.09,1003:1.08,482:1.08,444:1.08,186:1.07,683:1.07,1202:1.05,420:1.05,285:1.05,1137:1.05,1231:1.04,606:1.03,514:1.03,343:1.03,648:1.02,31:1.02,55:1.02,892:1.01,224:1.01,87:1.01,528:1.01,327:1,314:1,319:0.99,230:0.98,414:0.98,489:0.98,870:0.97,324:0.96,872:0.96,927:0.95,76:0.95,1145:0.94,1226:0.93,73:0.92,34:0.92,448:0.91,907:0.9,62:0.89,340:0.89,112:0.88,859:0.88,331:0.84,1174:0.84,908:0.83,171:0.83,91:0.83,590:0.82,1159:0.74,618:0.73,1001:0.73,381:0.73,804:0.72,80:0.7,199:0.68,121:0.67,226:0.66,773:0.65,297:0.65,141:0.65,714:0.63,139:0.6
565	0	697:6.62,954:5.12,388:4.93,390:4.78,661:4.35,676:3.98,413:3.92,153:3.7,521:3.67,569:3.6,932:3.45,427:3.39,2:3.38,278:3.36,363:3.25,44:3.18,12:3.09,943:2.99,166:2.95,193:2.9,70:2.85,781:2.83,762:2.82,15:2.67,294:2.59,292:2.58,691:2.57,168:2.54,47:1.9,582:0.02,1196:0.01,850:0.01
566	0	1042:1.86,127:1.62,279:1.52,490:1.42,662:1.41,522:1.41,581:1.4,494:1.4,642:1.4,495:1.39,154:1.35,574:1.34,837:1.33,855:1.32,189:1.29,779:1.26,1233:1.26,212:1.25,867:1.25,614:1.25,123:1.25,1172:1.25,698:1.24,1232:1.21,1117:1.21,1231:1.2,763:1.17,480:1.17,103:1.15,749:1.14,768:1.14,677:1.14,657:1.14,623:1.14,441:1.13,898:1.12,933:1.12,851:1.1,391:1.09,446:1.09,583:1.08,537:1.08,876:1.07,788:1.06,182:1.05,1200:1.05,213:1.04,300:1.04,1153:1.03,307:1.02,979:1.02,214:1.02,49:1.02,570:1.02,1038:1.01,793:1.01,974:1.01,621:1,302:1,1044:0.99,736:0.97,369:0.96,945:0.94,389:0.93,572:0.93,205:0.92,611:0.92,312:0.91,866:0.91,734:0.91,925:0.91,414:0.9,806:0.89,1177:0.89,1146:0.88,777:0.88,432:0.87,1036:0.87,1055:0.87,345:0.87,45:0.87,1199:0.85,1141:0.84,972:0.84,977:0.82,485:0.82,3:0.81,616:0.78,1201:0.78,923:0.78,71:0.75,955:0.69,297:0.69
568	0	88:6.72,582:5.74,593:5.69,1115:5.5,109:5.26,72:5.23,994:5.14,33:5,459:4.95,476:4.93,850:4.8,30:4.72,661:4.32,390:4.02,427:3.21,166:2.97,44:2.93,12:2.89,70:2.79,292:2.78,193:2.69,294:2.68,15:2.58,566:2.46
569	0	127:2.6,24:2.41,494:2.39,89:2.22,368:2.16,379:2.05,594:2.04,642:2.02,212:2,1143:1.99,110:1.92,716:1.87,657:1.75,213:1.75,123:1.71,1116:1.69,614:1.68,477:1.67,783:1.67,929:1.66,460:1.64,441:1.63,763:1.61,995:1.59,583:1.58,793:1.57,991:1.57,928:1.56,979:1.55,214:1.53,205:1.53,876:1.53,851:1.51,1125:1.5,391:1.47,925:1.46,42:1.46,34:1.45,621:1.45,302:1.44,31:1.44,49:1.44,898:1.44,1215:1.42,312:1.38,768:1.38,616:1.33,432:1.33,211:1.31,94:1.31,3:1.28,1055:1.28,970:1.27,479:1.26,945:1.23,567:1.21,1130:1.2,71:1.18,773:1.17,45:1.16,874:1.12,73:1.07,777:0.97,1123:0.94
571	0	725:2.34,210:2.22,36:2.2,710:2.17,894:2.15,789:2.01,708:1.97,952:1.96,581:1.88,984:1.83,855:1.73,394:1.71,886:1.7,480:1.7,537:1.7,154:1.68,788:1.62,1077:1.61,574:1.59,1172:1.58,345:1.56,779:1.55,495:1.52,182:1.49,122:1.45,623:1.44,728:1.43,522:1.4,369:1.38,1107:1.38,883:1.37,732:1.37,866:1.37,446:1.35,307:1.32,867:1.32,1036:1.31,114:1.28,616:1.26,803:1.25,768:1.23,1121:1.23,414:1.23,736:1.23,300:1.22,734:1.22,1038:1.21,1125:1.21,974:1.21,1200:1.2,1199:1.2,45:1.19,71:1.19,189:1.19,1177:1.17,611:1.15,3:1.14,1146:1.14,432:1.13,40:1.12,485:1.1,955:1.1,1201:1.1,389:1.05,806:1.04,972:1.02,567:0.98,923:0.95,297:0.93,977:0.9,1141:0.87
573	574	522:2.89,855:2.85,495:2.77,788:2.75,537:2.74,779:2.71,581:2.67,480:2.63,154:2.58,1172:2.58,446:2.53,182:2.52,734:2.48,866:2.27,114:2.24,867:2.2,369:2.16,414:2.13,806:2.08,345:2.07,1038:2.05,307:2,189:1.99,1036:1.98,972:1.97,623:1.94,611:1.91,736:1.89,974:1.89,1201:1.87,432:1.86,572:1.85,923:1.83,955:1.83,1141:1.81,1199:1.78,567:1.77,71:1.75,389:1.75,300:1.72,1177:1.72,616:1.67,45:1.67,485:1.61,1200:1.6,3:1.59,977:1.58,297:1.26,1231:0.01
573	1146	480:3,495:2.99,154:2.93,522:2.87,855:2.81,114:2.75,446:2.65,1172:2.61,182:2.5,581:2.49,788:2.45,537:2.36,189:2.35,867:2.26,866:2.18,806:2.17,345:2.16,1036:2.13,3:2.12,779:2.1,369:2.09,616:2.07,1200:2.04,734:2.02,414:2.01,974:1.99,1038:1.97,567:1.93,485:1.9,1177:1.88,1199:1.82,432:1.77,972:1.76,307:1.76,736:1.75,623:1.74,1141:1.72,1201:1.72,71:1.69,389:1.66,611:1.63,45:1.63,572:1.63,300:1.63,923:1.61,977:1.56,955:1.54,297:1.48,1153:0.02,698:0.02,932:0.02,192:0.02,836:0.01,103:0.01,837:0.01,1117:0.01
576	0	333:5.42,228:5.23,1115:5.18,231:5.02,474:5.01,595:4.97,584:4.96,104:4.92,299:4.8,111:4.75,967:4.74,554:4.73,973:4.69,794:4.61,649:4.61,459:4.4,774:4.22,654:4.11,322:3.91,885:3.62,95:3.35,561:2.75
577	0	1018:2.18,1085:2.15,1028:2.01,596:1.96,1027:1.95,1014:1.89,1026:1.88,917:1.88,968:1.85,475:1.85,1015:1.84,197:1.81,775:1.81,869:1.74,1011:1.73,824:1.73,1029:1.7,232:1.69,334:1.63,1009:1.62,1225:1.58,650:1.56,555:1.55,208:1.52,1008:1.52,886:1.46,655:1.43,1081:1.41,1082:1.4,455:1.37,926:1.36,1202:1.36,460:1.35,892:1.34,477:1.33,497:1.31,498:1.31,752:1.31,486:1.31,1116:1.29,887:1.27,324:1.27,987:1.26,76:1.25,327:1.23,795:1.22,467:1.22,31:1.21,933:1.21,1137:1.21,1076:1.18,489:1.18,34:1.18,585:1.18,643:1.17,319:1.15,285:1.14,112:1.13,974:1.13,683:1.12,345:1.1,229:1.08,929:1.05,700:1.05,712:1.04,448:1.03,648:1,1145:0.98,414:0.95,562:0.95,300:0.89
579	0	321:6.64,126:5.49,78:5.29,38:5.25,656:5.25,539:5.18,136:4.93,766:4.77,801:4.67,525:4.57,876:4.53,229:3.85,340:3.72,634:3.72,688:3.71,864:3.67,783:3.6,961:3.6,693:3.58,962:3.56,1173:3.46,1158:3.39,977:3.38,935:0.02,492:0.02,662:0.02,282:0.02,1162:0.02,680:0.01,936:0.01,1232:0.01,6:0.01,1118:0.01,752:0.01,1142:0.01,751:0.01,157:0.01
582	0	642:2.48,127:2.35,959:2.33,975:2.31,770:2.28,799:2.26,1208:2.26,551:2.25,899:2.23,1209:2.22,434:2.06,722:2.04,212:1.89,494:1.86,793:1.84,614:1.84,384:1.8,501:1.79,123:1.78,142:1.76,724:1.72,436:1.72,1152:1.7,441:1.69,925:1.69,876:1.68,1114:1.62,728:1.62,621:1.61,348:1.61,349:1.59,213:1.55,214:1.54,763:1.51,657:1.49,112:1.48,979:1.48,1211:1.46,312:1.44,570:1.43,898:1.42,768:1.4,391:1.4,567:1.39,302:1.38,49:1.36,851:1.36,76:1.34,995:1.34,714:1.34,1055:1.34,864:1.27,141:1.27,590:1.25,945:1.24,205:1.22,139:1.19,859:1.14,777:1.13,389:0.99,381:0.97
584	0	968:2.04,895:2.04,107:2,57:1.96,106:1.89,1111:1.89,563:1.87,197:1.87,237:1.86,645:1.86,68:1.8,535:1.79,596:1.78,473:1.76,890:1.74,878:1.74,564:1.71,376:1.71,853:1.68,559:1.67,500:1.65,336:1.64,791:1.64,650:1.56,1154:1.49,486:1.45,455:1.42,1004:1.41,578:1.36,887:1.35,987:1.35,1143:1.34,929:1.31,417:1.31,525:1.29,1079:1.28,1076:1.27,1116:1.27,655:1.27,683:1.25,752:1.25,933:1.25,282:1.23,1158:1.22,928:1.22,726:1.21,467:1.21,945:1.19,677:1.18,477:1.17,939:1.17,886:1.17,785:1.16,948:1.16,998:1.16,331:1.15,229:1.13,345:1.13,1153:1.13,327:1.13,700:1.13,1145:1.06,214:1.06,479:1.06,460:1.02,765:1.02,307:0.99,712:0.99,62:0.9,1146:0.87,300:0.86,1159:0.85
587	0	362:3.96,200:3.91,502:3.91,889:3.85,378:3.68,880:3.45,504:3.19,454:3.18,997:3.17,705:2.91,503:2.83,467:2.82,706:2.81,648:2.68,1195:2.67,803:2.61,749:2.59,1076:2.48,962:2.45,734:2.44,1207:2.42,892:2.38,936:2.33,451:2.27,1148:2.26,972:2.25,94:2.24,1226:2.22,795:2.2,1038:2.07,736:2.06,927:2.06,1201:2.06,806:1.99,618:1.96,634:1.95,1199:1.86,1200:1.83
589	0	1208:1.55,770:1.5,551:1.43,1209:1.43,975:1.37,899:1.35,959:1.32,329:1.3,134:1.3,501:1.3,130:1.27,434:1.26,1182:1.22,482:1.22,119:1.21,528:1.21,99:1.2,160:1.19,989:1.17,224:1.16,285:1.15,9:1.13,575:1.12,925:1.12,384:1.12,1183:1.12,755:1.11,374:1.11,619:1.1,314:1.09,541:1.08,872:1.08,1002:1.07,722:1.06,514:1.06,870:1.06,420:1.05,843:1.05,724:1.03,1152:1.03,375:1.02,186:1.02,489:1.02,230:1.02,436:1.02,1114:1.01,142:1.01,583:1.01,1211:1.01,793:1.01,728:1,213:0.99,718:0.99,131:0.99,939:0.99,76:0.99,324:0.97,562:0.97,448:0.97,444:0.96,683:0.96,1174:0.96,995:0.95,927:0.94,1003:0.94,1226:0.93,343:0.9,55:0.9,391:0.9,62:0.9,226:0.9,112:0.87,349:0.87,381:0.86,348:0.84,87:0.84,804:0.83,907:0.82,864:0.81,73:0.8,1001:0.79,1145:0.78,327:0.78,121:0.77,141:0.77,1159:0.76,859:0.76,171:0.75,606:0.73,908:0.73,714:0.72,139:0.71,91:0.7,777:0.67,389:0.64,773:0.64,618:0.64,331:0.63,199:0.6,80:0.59,297:0.45
591	0	670:2.84,1181:2.84,667:2.77,1047:2.7,1186:2.64,145:2.64,744:2.58,1063:2.54,1020:2.49,1227:2.48,248:2.44,1188:2.39,401:2.38,149:2.36,1187:2.34,930:2.32,666:2.32,1018:2.3,144:2.29,1061:2.26,1129:2.24,830:2.22,1128:2.21,397:2.18,664:2.17,1127:2.13,818:2.13,822:2.11,740:2.01,1056:1.97,146:1.89,493:1.83,1233:1.79,722:1.75,1176:1.68,551:1.68,1139:1.67,169:1.61,142:1.6,1152:1.55,384:1.54,6:1.54,130:1.53,494:1.52,995:1.49,501:1.47,489:1.38,724:1.19
593	0	24:4.57,368:4,379:3.72,89:3.5,110:3.49,1143:3.31,991:3.06,1144:3.05,1005:2.97,716:2.89,929:2.89,783:2.88,928:2.86,34:2.81,477:2.78,479:2.72,1116:2.69,42:2.64,570:2.64,1215:2.59,1055:2.59,31:2.58,94:2.43,616:2.43,1130:2.42,970:2.38,1125:2.33,1123:2.32,73:2.29,460:2.29,211:2.13,49:2.1,432:2.09,874:1.98,45:1.94,71:1.81,773:1.8,828:0.01,829:0.01,1039:0.01
595	0	197:4.5,968:4.4,376:4.04,917:3.99,1008:3.88,655:3.87,886:3.68,578:3.46,1081:3.39,486:3.33,455:3.3,987:3.19,650:3.18,929:3.14,933:3.03,752:2.95,1145:2.94,585:2.89,229:2.86,700:2.85,477:2.78,712:2.74,467:2.74,683:2.72,1116:2.7,460:2.69,887:2.68,345:2.63,327:2.59,300:2.38,1076:2.29,331:2.17,1129:0.01,853:0.01
597	0	950:2.42,453:2.37,234:2.35,533:2.29,372:2.26,1228:2.26,317:2.25,128:2.24,800:2.23,365:2.22,857:2.21,457:2.19,941:2.18,53:2.17,701:2.17,556:2.16,115:2.15,1160:2.15,651:2.12,380:2.1,845:2.09,241:2.08,685:2.06,233:2.04,423:2.03,653:2.02,113:2.02,488:1.97,217:1.95,1049:1.92,85:1.92,546:1.91,992:1.9,449:1.9,758:1.83,22:1.82,805:1.81,18:1.76,40:1.69,164:1.69,1148:1.56,785:1.56,305:1.55,790:1.55,693:1.51,720:1.46,970:1.44,611:1.43,955:1.32,901:1.32,1217:1.21,203:1.19
599	0	702:13.98,202:10.57,882:10.4,603:10.21,1120:10.08,64:9.98,815:9.58,553:8.41,357:8.26,399:8.1,201:0.18,630:0.16,850:0.09
600	0	196:3.03,411:2.87,1194:2.84,703:2.68,97:2.66,981:2.58,65:2.54,352:2.48,543:2.46,604:2.45,631:2.42,1149:2.37,394:2.32,1126:2.19,680:2.19,462:2.18,124:2.18,103:2.17,883:2.12,712:2.11,122:2.03,961:2.03,1121:2.01,348:1.98,1206:1.97,891:1.97,804:1.96,500:1.92,1006:1.89,178:1.89,349:1.86,851:1.85,1217:1.85,979:1.83,790:1.78,901:1.78,121:1.75,203:1.74,1079:1.7,1130:1.69,1103:1.62,319:1.61,924:1.61,586:1.6,1123:1.53,80:1.46,1001:1.44,923:1.42,199:1.39
602	0	630:13.41,201:13.31,850:12.81,702:12.2,815:10.13,64:10,202:9.88,882:9.37,600:8.89
603	0	196:3.17,97:2.95,543:2.87,1194:2.84,703:2.84,981:2.77,631:2.69,352:2.52,65:2.45,411:2.37,500:2.34,601:2.3,319:2.2,883:2.18,851:2.17,394:2.17,680:2.15,891:2.14,924:2.11,124:2.09,462:2.08,586:2.04,203:2.01,349:1.99,1206:1.98,348:1.97,1149:1.96,178:1.91,122:1.9,979:1.9,712:1.9,1126:1.86,1006:1.85,1121:1.85,804:1.84,790:1.81,103:1.79,961:1.78,1123:1.72,121:1.63,1079:1.63,923:1.59,1103:1.55,901:1.51,1217:1.48,1130:1.46,1001:1.28,199:1.28,80:1.13
605	0	612:1.6,799:1.45,359:1.44,619:1.4,207:1.39,575:1.37,482:1.36,455:1.34,655:1.34,497:1.33,119:1.3,451:1.27,123:1.27,987:1.25,186:1.25,541:1.24,848:1.23,117:1.22,758:1.21,375:1.2,99:1.2,494:1.19,653:1.19,55:1.17,423:1.16,718:1.16,688:1.16,227:1.15,42:1.14,546:1.13,164:1.13,1176:1.12,85:1.11,441:1.1,1205:1.1,998:1.1,142:1.1,1182:1.09,18:1.09,448:1.09,374:1.08,121:1.08,226:1.07,586:1.07,305:1.06,1207:1.05,766:1.05,369:1.05,872:1.05,514:1.04,1183:1.04,195:1.03,22:1.03,1149:1.02,1211:1.02,381:1.01,171:1,327:0.99,989:0.97,966:0.97,312:0.96,224:0.96,726:0.95,314:0.94,310:0.94,141:0.94,804:0.93,870:0.93,1003:0.92,87:0.92,302:0.92,773:0.92,211:0.91,907:0.89,324:0.89,444:0.89,562:0.88,1206:0.87,590:0.87,178:0.86,62:0.82,859:0.82,331:0.81,189:0.81,73:0.81,139:0.81,908:0.81,618:0.79,714:0.77,1174:0.76,1001:0.68,1159:0.67,297:0.67,199:0.66,777:0.61,80:0.59
607	0	1164:22.35,723:22.21,215:18.26,342:14.93,1022:13.68,1105:1.82,221:1.58,225:0.89,1021:0.88,999:0.85,484:0.78,900:0.58,1216:0.5,124:0.35,1126:0.34
608	0	921:6.32,1086:6.17,402:6.09,144:5.49,1027:5.44,1000:4.75,496:4.47,640:4.43,1016:4.29,639:4.24,738:4.23,486:3.87,498:3.64,1107:3.53,1185:3.44,1152:3.42,131:3.24,1175:3.23,891:3.1,724:3.03,91:2.94,343:2.89,906:2.72,908:2.64,485:2.39
610	0	372:1.57,115:1.47,488:1.45,845:1.45,380:1.45,800:1.43,533:1.41,857:1.4,233:1.39,457:1.39,317:1.39,113:1.37,598:1.35,217:1.28,788:1.27,866:1.27,241:1.27,653:1.25,701:1.24,1172:1.23,950:1.23,1007:1.23,365:1.22,449:1.22,18:1.21,234:1.19,1228:1.18,53:1.18,453:1.17,1036:1.16,556:1.14,423:1.12,992:1.11,581:1.11,546:1.1,480:1.1,651:1.1,758:1.1,941:1.1,574:1.09,1160:1.09,805:1.07,779:1.07,22:1.07,85:1.07,867:1.05,1006:1.03,300:1.03,855:1.03,572:1.02,114:1.01,446:1,616:0.99,182:0.98,720:0.96,189:0.96,164:0.95,307:0.95,128:0.95,537:0.95,790:0.92,40:0.9,1217:0.9,203:0.9,972:0.88,345:0.87,887:0.86,432:0.86,1049:0.86,1148:0.85,974:0.85,734:0.85,305:0.85,1038:0.85,567:0.84,785:0.84,977:0.84,736:0.83,1177:0.81,955:0.81,369:0.8,1201:0.8,1146:0.8,1200:0.77,806:0.77,389:0.77,623:0.76,71:0.76,45:0.75,1199:0.75,970:0.73,485:0.68,901:0.66,1141:0.65,693:0.65,923:0.62,297:0.49
613	0	127:4.86,642:4.7,494:4.64,212:4.41,213:3.9,123:3.87,441:3.86,876:3.69,657:3.59,925:3.57,391:3.55,621:3.51,793:3.49,979:3.47,851:3.41,214:3.35,583:3.31,1055:3.23,898:3.22,763:3.15,302:2.97,49:2.96,312:2.91,570:2.86,567:2.83,768:2.8,945:2.59,777:2.57,205:2.57,387:0.03,662:0.03,820:0.02,168:0.02,1171:0.01,1013:0.01,439:0.01,762:0.01,943:0.01,819:0.01
615	0	24:2.24,828:2.1,594:1.99,379:1.86,368:1.85,89:1.76,1143:1.72,1005:1.7,110:1.7,480:1.63,929:1.6,446:1.59,855:1.59,192:1.51,991:1.5,836:1.49,867:1.49,779:1.47,31:1.47,788:1.45,574:1.45,581:1.44,477:1.42,874:1.4,1036:1.38,734:1.37,369:1.35,114:1.34,748:1.33,479:1.33,537:1.31,1215:1.3,42:1.29,1116:1.28,623:1.28,182:1.27,1055:1.26,189:1.26,460:1.26,866:1.25,307:1.25,49:1.23,783:1.23,345:1.23,928:1.23,1144:1.22,34:1.2,716:1.18,71:1.17,972:1.14,1130:1.13,1199:1.13,1123:1.12,300:1.12,955:1.11,970:1.11,572:1.1,977:1.1,1038:1.1,611:1.09,736:1.08,211:1.08,1125:1.07,1201:1.07,94:1.05,567:1.04,923:1.03,485:1.01,570:1,389:0.98,297:0.97,1146:0.96,1200:0.93,773:0.87,45:0.85,438:0.79,1141:0.75
617	0	200:1.83,378:1.82,362:1.72,502:1.71,454:1.65,504:1.6,880:1.59,889:1.58,588:1.51,997:1.45,528:1.44,989:1.43,619:1.41,99:1.39,1182:1.39,374:1.39,1207:1.36,575:1.35,134:1.34,119:1.32,375:1.32,1195:1.27,482:1.26,892:1.24,706:1.24,648:1.23,1003:1.23,186:1.22,451:1.21,55:1.2,705:1.19,314:1.18,467:1.17,541:1.17,444:1.17,1183:1.11,1145:1.1,503:1.09,634:1.08,121:1.08,872:1.08,87:1.07,1148:1.07,804:1.06,224:1.06,514:1.05,327:1.05,859:1.05,62:1.04,795:1.03,1076:1.03,310:1.02,718:1,94:0.98,117:0.98,91:0.97,907:0.97,806:0.97,606:0.96,803:0.95,211:0.95,870:0.94,199:0.94,171:0.93,962:0.92,590:0.91,562:0.91,324:0.9,714:0.9,1174:0.88,226:0.87,448:0.87,972:0.87,73:0.86,139:0.85,1200:0.85,1201:0.85,381:0.85,734:0.84,1038:0.82,331:0.8,736:0.8,908:0.79,777:0.76,141:0.71,773:0.7,1159:0.68,1199:0.67,1001:0.66,80:0.66,297:0.63
620	0	896:2.84,1157:2.79,902:2.35,26:2.23,802:2.22,125:2.2,1218:2.2,861:2.12,612:2.11,127:2.09,642:2.07,338:2.06,101:2.05,727:1.94,629:1.91,181:1.9,964:1.9,548:1.89,212:1.86,123:1.83,504:1.83,614:1.82,441:1.75,494:1.74,905:1.67,657:1.65,583:1.65,1055:1.63,643:1.57,214:1.55,966:1.53,302:1.52,1205:1.52,387:1.52,925:1.51,906:1.51,213:1.47,851:1.46,874:1.45,1215:1.41,1103:1.4,570:1.39,82:1.39,948:1.35,205:1.35,898:1.34,171:1.32,391:1.31,386:1.31,567:1.29,1114:1.29,763:1.28,720:1.27,945:1.27,312:1.26,979:1.25,768:1.2,49:1.19,777:1.13,1141:1.09
622	0	626:2.06,904:1.77,909:1.75,993:1.63,837:1.5,706:1.46,555:1.44,279:1.43,779:1.42,522:1.4,1117:1.39,698:1.38,473:1.38,650:1.37,82:1.37,1195:1.36,984:1.34,705:1.34,154:1.32,436:1.31,855:1.31,490:1.3,501:1.29,182:1.28,788:1.28,1077:1.28,848:1.25,212:1.24,614:1.23,480:1.23,208:1.22,933:1.22,462:1.21,420:1.2,495:1.19,487:1.19,657:1.19,446:1.18,806:1.16,384:1.16,307:1.15,732:1.15,227:1.13,537:1.12,581:1.12,1153:1.1,1036:1.09,1150:1.09,734:1.07,1172:1.07,991:1.07,1105:1.06,574:1.05,189:1.04,974:1.03,1201:1.03,1137:1.02,867:1.01,677:1.01,103:1.01,749:0.99,369:0.99,432:0.97,1038:0.97,1146:0.96,1200:0.95,866:0.94,71:0.93,3:0.91,572:0.9,300:0.89,1199:0.88,414:0.87,955:0.87,972:0.86,389:0.86,616:0.86,345:0.85,205:0.84,611:0.83,923:0.82,485:0.77,567:0.77,736:0.75,977:0.71,297:0.69,1141:0.68,45:0.67,1177:0.57
624	0	888:8.63,993:7.56,383:7.37,802:7.36,705:6.18,1109:6.13,1105:5.79,732:5.66,227:5.49,1077:5.34,82:5.3,657:5.29,1150:5.25,1137:5.18,399:4.88,205:4.32,1171:4.04,462:0.05,983:0.03,848:0.03,212:0.03,904:0.02,623:0.01,650:0.01,991:0.01,355:0.01,984:0.01,614:0.01,1195:0.01
625	0	822:4.73,904:4.25,1015:3.98,830:3.97,909:3.97,993:3.88,1025:3.72,1008:3.58,823:3.55,487:3.43,212:3.42,555:3.35,650:3.24,501:3.23,473:3.22,848:3.19,984:3.12,614:3.04,1077:3.03,384:3.02,732:2.99,706:2.97,436:2.92,991:2.85,462:2.74,208:2.73,1195:2.72,1137:2.45,420:2.45,657:2.19,623:2.07
627	0	354:8.8,442:8.61,1157:8.56,896:8.35,353:8.05,180:7.67,612:7.15,802:7.07,727:6.46,504:6.4,902:6.11,1218:6.02,1113:5.83,762:4.92
628	0	491:5.19,338:4.33,430:4.17,181:3.94,125:3.93,548:3.92,101:3.87,964:3.81,135:3.77,26:3.72,861:3.71,487:3.45,966:2.97,905:2.97,1176:2.96,82:2.88,1103:2.85,874:2.84,1205:2.81,1114:2.75,906:2.7,1215:2.67,1175:2.65,621:2.65,763:2.57,643:2.56,948:2.42,1173:2.34,720:2.34,1174:2.28,1177:2.06,1141:1.91,667:0.01
630	0	1194:3.12,703:2.87,196:2.87,604:2.81,352:2.79,65:2.65,97:2.6,981:2.56,411:2.5,543:2.48,601:2.38,1149:2.38,394:2.34,462:2.28,1206:2.27,1126:2.25,500:2.22,891:2.12,349:2.1,883:2.1,1121:2.09,1006:2.08,178:2.07,1079:2.05,979:2.04,924:2,961:2,348:1.99,124:1.93,851:1.9,1103:1.89,901:1.89,122:1.85,712:1.85,121:1.85,586:1.83,319:1.82,804:1.69,1217:1.69,103:1.67,1130:1.63,1001:1.61,1123:1.6,790:1.55,199:1.51,203:1.49,80:1.43,923:1.31
632	0	58:6.94,1197:6.85,1198:6.83,735:6.78,617:6.73,1138:6.36,1196:6.19,240:6.15,450:6.03,93:5.34,322:5.13,692:4.72,156:4.7,661:4.66,5:4.63,281:4.05,687:4.03,416:3.88
633	0	1084:2.31,321:2.03,1025:1.96,1012:1.88,59:1.84,539:1.8,580:1.7,1019:1.69,889:1.68,502:1.67,1029:1.66,831:1.66,662:1.64,492:1.64,1082:1.59,656:1.56,880:1.54,997:1.53,38:1.52,801:1.49,1195:1.46,126:1.45,78:1.44,1139:1.43,467:1.43,454:1.39,1004:1.36,136:1.36,1184:1.35,588:1.34,157:1.33,840:1.3,892:1.3,795:1.26,706:1.24,1142:1.22,680:1.22,752:1.21,6:1.2,749:1.2,503:1.2,766:1.2,417:1.2,648:1.18,1173:1.18,1076:1.18,1207:1.15,1232:1.15,282:1.15,962:1.14,451:1.14,876:1.14,525:1.12,961:1.12,1226:1.09,936:1.09,688:1.09,783:1.07,927:1.07,229:1.05,972:1.05,1038:1.03,1148:1.02,693:1.01,1158:1.01,736:1.01,864:1.01,1185:1,803:0.99,734:0.98,977:0.96,1200:0.96,806:0.94,94:0.92,1199:0.89,618:0.82,1201:0.81
635	0	396:14.95,148:14.86,911:12.84,659:12.03,1022:11.71,808:11.38,469:10.88,721:3.87,730:2.97,1150:1.68,333:0.7,646:0.42,359:0.28,801:0.28,805:0.25,1202:0.22,1003:0.2,867:0.17,1036:0.16,866:0.15
636	0	1030:5.8,920:5.77,909:5.7,824:5.48,1046:5.47,1083:5.39,1034:5.3,740:5.3,1045:5.26,359:4.91,829:4.63,334:4.51,1117:4.45,1044:4.23,1202:4.19,992:4.16,722:4.13,905:4.07,716:3.78,230:3.76,907:3.71
638	0	609:4.9,738:4.85,496:4.48,1216:4.47,1135:4.46,347:4.41,900:4.27,1000:4.18,640:4.08,486:3.87,498:3.58,1107:3.36,891:3.2,898:3.11,131:3.1,1126:3.06,503:3.06,343:3.06,724:3.01,765:2.92,1152:2.9,1185:2.86,124:2.85,1175:2.83,906:2.78,91:2.74,87:2.58,908:2.54,485:2.46,221:0.01,1086:0.01,921:0.01
641	0	127:5.07,212:4.65,494:4.44,123:4.26,793:3.86,763:3.86,614:3.85,583:3.72,876:3.7,441:3.66,925:3.47,213:3.47,621:3.41,851:3.3,312:3.24,1055:3.22,391:3.21,657:3.21,898:3.18,945:3.15,979:3.09,302:3.09,214:3.07,570:3.07,205:2.95,768:2.77,567:2.61,49:2.6,777:2.49,662:0.12,1171:0.06,386:0.05,439:0.04,820:0.04,387:0.01,819:0.01
644	0	559:3.86,890:3.73,791:3.47,68:3.47,878:3.41,1039:3.39,564:3.36,336:3.27,917:3.26,895:3.25,563:3.15,1154:3.1,1222:2.85,473:2.78,500:2.75,1004:2.66,585:2.5,214:2.47,677:2.45,1079:2.43,1153:2.43,998:2.36,417:2.36,700:2.31,939:2.28,525:2.24,726:2.24,765:2.22,928:2.22,282:2.19,1158:2.18,479:2.12,307:2.01,1146:1.94,785:1.89,948:1.84,62:1.81,1159:1.75
647	0	200:2.34,880:2.1,362:2.1,475:2.1,504:2.07,588:2.06,869:2.03,502:2.01,775:2.01,232:1.99,208:1.98,889:1.97,28:1.97,454:1.94,555:1.91,378:1.89,1195:1.82,334:1.82,1076:1.7,498:1.67,497:1.66,578:1.65,705:1.64,31:1.61,997:1.6,1137:1.58,1202:1.54,1207:1.54,414:1.5,467:1.48,706:1.47,749:1.46,94:1.46,340:1.45,936:1.44,221:1.44,795:1.42,734:1.42,76:1.41,112:1.41,892:1.4,634:1.38,503:1.38,562:1.37,972:1.37,319:1.36,1226:1.32,34:1.32,324:1.31,806:1.31,927:1.28,974:1.27,643:1.27,448:1.25,962:1.25,1148:1.24,451:1.23,1038:1.23,618:1.18,803:1.18,1201:1.16,736:1.12,1199:1.1,1200:1.06
649	0	904:2.61,909:2.49,197:2.41,535:2.26,968:2.25,626:2.18,853:2.1,993:1.93,596:1.9,473:1.89,376:1.8,455:1.77,705:1.72,487:1.69,848:1.67,384:1.67,1105:1.67,501:1.65,1195:1.64,886:1.64,555:1.63,706:1.62,208:1.62,578:1.62,1077:1.62,227:1.62,987:1.6,462:1.59,991:1.57,212:1.56,984:1.55,1137:1.54,655:1.54,467:1.53,345:1.49,486:1.48,933:1.48,614:1.47,436:1.46,700:1.45,683:1.43,929:1.42,657:1.4,229:1.4,887:1.39,732:1.39,82:1.39,1116:1.38,752:1.37,420:1.34,477:1.34,1150:1.33,585:1.32,1145:1.32,1076:1.29,712:1.28,460:1.26,331:1.23,327:1.19,300:1.16,205:1.15,945:1.13,623:1.11
650	0	248:2.09,918:2.05,1085:1.94,674:1.9,1030:1.87,1018:1.87,826:1.86,1068:1.86,409:1.86,834:1.82,1129:1.81,516:1.8,1070:1.8,663:1.78,626:1.75,403:1.74,1048:1.74,904:1.71,660:1.68,197:1.63,400:1.62,510:1.59,822:1.56,1028:1.55,1015:1.53,1025:1.51,1043:1.51,1027:1.48,596:1.48,968:1.45,830:1.43,909:1.42,824:1.41,1026:1.39,655:1.39,823:1.38,1151:1.37,1011:1.36,984:1.35,1029:1.34,487:1.34,614:1.3,420:1.29,917:1.28,501:1.27,384:1.24,455:1.23,848:1.21,578:1.18,886:1.18,991:1.16,1081:1.15,933:1.14,212:1.13,706:1.12,473:1.09,229:1.08,1195:1.08,683:1.07,208:1.06,1145:1.05,555:1.04,887:1.01,477:1,486:1,462:1,700:0.99,929:0.97,752:0.95,436:0.9,1116:0.81
652	0	493:1.72,740:1.7,143:1.57,499:1.54,950:1.51,701:1.49,800:1.46,488:1.44,1225:1.44,217:1.42,533:1.42,497:1.41,234:1.4,797:1.4,1007:1.37,845:1.36,941:1.36,130:1.36,494:1.36,241:1.35,242:1.34,123:1.33,848:1.33,227:1.32,449:1.32,1096:1.31,655:1.3,926:1.29,805:1.28,359:1.28,651:1.28,169:1.28,115:1.26,1207:1.25,1211:1.25,1228:1.25,128:1.24,372:1.24,598:1.24,178:1.24,870:1.24,441:1.23,966:1.23,1006:1.22,455:1.22,233:1.2,85:1.19,998:1.19,6:1.18,887:1.18,423:1.17,1149:1.17,766:1.17,453:1.15,606:1.13,451:1.13,987:1.13,586:1.13,18:1.11,901:1.11,726:1.11,992:1.11,142:1.09,857:1.07,1176:1.01,790:1.01,688:1,369:0.99,758:0.98,1205:0.97,189:0.96,970:0.96,924:0.95,1217:0.95,546:0.94,1206:0.91,611:0.9,226:0.9,693:0.87,720:0.82,785:0.8,955:0.78,1148:0.73
654	0	197:2.43,968:2.24,596:2.2,493:1.97,359:1.88,1008:1.87,740:1.83,886:1.81,494:1.7,917:1.66,376:1.66,1081:1.64,929:1.61,650:1.58,169:1.57,497:1.56,467:1.52,700:1.5,578:1.49,142:1.49,130:1.48,123:1.44,441:1.44,227:1.44,85:1.43,1076:1.43,752:1.42,455:1.42,848:1.42,451:1.4,726:1.4,178:1.39,653:1.39,1176:1.39,887:1.39,423:1.39,477:1.38,1205:1.38,1211:1.37,486:1.36,6:1.35,1116:1.35,546:1.35,712:1.34,758:1.34,585:1.33,1207:1.33,229:1.33,1149:1.3,966:1.29,933:1.26,18:1.26,1206:1.25,870:1.25,189:1.24,766:1.24,586:1.22,369:1.22,460:1.21,987:1.21,683:1.21,606:1.19,998:1.13,345:1.12,226:1.12,688:1.12,331:1.07,1145:1.05,327:1.03,300:0.92
658	0	535:6,287:5.74,853:5.71,1111:5.22,902:4.99,730:4.96,1218:4.89,198:4.84,322:4.72,396:4.45,215:4.37,1143:4.37,636:4.33,1102:4.23,1133:4.13,911:4.01,1150:3.88,148:3.85,808:3.35,469:3.09,331:3.09,1022:2.97,945:2.81
659	0	516:3.07,248:2.76,1129:2.74,1062:2.68,1070:2.67,1192:2.63,470:2.62,1151:2.6,743:2.59,1018:2.57,407:2.51,1052:2.49,397:2.46,1085:2.45,1043:2.45,637:2.44,1046:2.44,1028:2.41,731:2.39,918:2.38,920:2.34,1023:2.32,1027:2.32,912:2.26,1030:2.26,408:2.25,1083:2.24,1034:2.22,1008:2.21,1011:2.21,1026:2.2,1066:2.18,809:2.17,149:2.11,1081:2.09,1072:2.08,917:2.08,1029:2.05,824:2.03,1045:1.88,230:1.74,1044:1.71,829:1.7
661	0	510:2.5,1070:2.49,746:2.49,519:2.44,674:2.39,1061:2.38,1069:2.37,820:2.36,1013:2.33,1068:2.21,819:2.2,146:2.06,1045:1.97,244:1.97,126:1.77,157:1.73,59:1.68,539:1.68,78:1.67,127:1.66,1082:1.65,1029:1.64,840:1.64,831:1.6,136:1.59,961:1.58,642:1.57,925:1.49,1019:1.49,492:1.46,1139:1.45,212:1.45,38:1.41,123:1.39,494:1.39,1232:1.35,417:1.34,680:1.34,763:1.33,1184:1.32,688:1.31,876:1.31,851:1.31,6:1.29,1142:1.28,614:1.28,793:1.27,1185:1.27,229:1.26,962:1.25,282:1.25,525:1.24,864:1.22,936:1.22,213:1.22,391:1.21,752:1.2,693:1.19,1055:1.16,634:1.13,214:1.12,567:1.11,1173:1.07
675	0	521:7.3,153:7.14,932:7.03,413:6.92,278:6.74,836:6.62,192:6.39,363:6.08,2:5.99,114:5.91,748:5.64,44:5.55,70:5.38,781:4.38,566:3.86,438:3.73,47:3.62,697:0.32,388:0.32,954:0.24,855:0.22,480:0.12,446:0.12,189:0.09,616:0.08,307:0.07,581:0.05,369:0.04,1140:0.01,973:0.01,297:0.01,735:0.01,866:0.01
676	0	812:3.03,1026:2.72,1042:2.72,665:2.65,1011:2.57,823:2.51,490:2.4,279:2.4,837:2.39,698:2.32,522:2.23,154:2.2,1117:2.19,537:2.17,779:2.1,1233:2.08,495:2.01,1172:2,788:1.98,1231:1.96,1044:1.86,1153:1.78,182:1.76,574:1.75,867:1.75,1036:1.72,103:1.7,1232:1.68,866:1.68,749:1.64,933:1.62,1038:1.6,806:1.6,300:1.5,623:1.5,414:1.45,1199:1.43,3:1.43,485:1.4,567:1.4,1200:1.38,432:1.37,974:1.34,736:1.33,572:1.32,1146:1.29,923:1.28,389:1.27,977:1.26,1177:1.22,955:1.21,1201:1.2,297:1.18,1141:1.17,972:1.16,45:1.07,71:1.07
678	0	633:8.19,839:7.01,935:6.97,77:6.94,751:6.85,156:6.75,1162:6.52,5:6.47,692:6.44,219:5.87,1118:5.73,687:5.63,281:5.31,416:5.23,524:5.03,863:5.02,240:0.02,1138:0.01,58:0.01
679	0	244:3.65,146:3.39,1019:3.33,59:3.28,157:3.12,840:3.1,662:3.06,539:2.86,136:2.85,78:2.81,656:2.74,831:2.67,126:2.66,1029:2.65,1139:2.62,1184:2.59,752:2.57,492:2.56,1082:2.55,38:2.55,801:2.53,6:2.48,417:2.48,1142:2.48,1232:2.39,876:2.37,936:2.2,688:2.18,1158:2.18,282:2.13,229:2.07,1185:2.07,864:2.03,962:1.96,525:1.91,1173:1.87,693:1.86,634:1.82,961:1.77,977:1.61
681	0	61:5.69,986:5.51,313:5.35,159:5.29,419:5.25,8:5.2,527:5.08,1163:4.98,796:4.98,938:4.92,754:4.79,842:4.71,117:4.67,561:4.15,284:3.89,222:3.85,342:3.81,310:3.79,184:3.71,195:3.54,425:3.46,211:3.32,1182:0.02,119:0.01,483:0.01,140:0.01,373:0.01
682	0	245:3.24,672:2.63,329:2.43,813:2.43,1081:2.38,1016:2.31,160:2.23,528:2.15,1222:2.09,843:2.07,1002:2.05,9:2.01,1231:2.01,134:1.99,131:1.97,55:1.92,541:1.88,130:1.85,224:1.84,927:1.83,718:1.81,420:1.8,314:1.79,1226:1.78,186:1.78,872:1.77,939:1.77,375:1.76,230:1.73,514:1.71,1145:1.7,343:1.7,755:1.69,285:1.61,374:1.59,562:1.56,444:1.52,793:1.49,907:1.46,121:1.45,62:1.36,590:1.35,908:1.35,91:1.33,859:1.33,80:1.32,381:1.31,226:1.3,1174:1.28,73:1.25,141:1.23,618:1.21,714:1.19,773:1.12,199:1.12,139:1.11,1159:1.08,1001:1.02,297:0.95,1034:0.01
684	0	206:3.74,530:3.72,471:3.68,289:3.63,162:3.63,760:3.62,316:3.56,20:3.55,385:3.54,108:3.41,380:3.35,53:3.35,845:3.3,137:3.29,1102:3.28,556:3.24,457:3.22,234:3.15,365:3.1,466:3.02,956:3.02,1160:3.01,1133:2.98,113:2.86,317:2.85,1049:2.71,22:2.57,164:2.54,305:2.5,425:2.25,203:2.2,40:2.13
686	0	483:3.42,847:3.21,17:3.15,452:3.11,308:2.98,371:2.88,954:2.87,532:2.85,757:2.84,450:2.75,316:2.74,652:2.73,190:2.72,545:2.7,654:2.66,83:2.62,289:2.57,198:2.55,20:2.51,530:2.5,108:2.48,591:2.47,137:2.45,692:2.42,471:2.41,760:2.4,385:2.36,162:2.32,1102:2.25,206:2.22,956:2.22,176:2.19,466:2.17,1133:2.15,748:1.73,12:1.67,166:1.63,691:1.56,292:1.55,193:1.51,425:1.48
687	0	493:2,740:1.96,321:1.86,492:1.75,494:1.69,848:1.67,136:1.65,157:1.57,441:1.57,38:1.56,840:1.55,801:1.54,580:1.54,78:1.52,6:1.5,359:1.46,126:1.46,123:1.43,130:1.42,655:1.42,656:1.4,962:1.38,455:1.36,1184:1.35,752:1.35,169:1.35,766:1.34,1185:1.32,1207:1.31,229:1.31,1206:1.31,142:1.3,1142:1.29,726:1.28,227:1.27,546:1.27,497:1.27,340:1.26,525:1.25,870:1.24,451:1.23,758:1.23,653:1.22,18:1.22,1173:1.21,539:1.21,961:1.2,987:1.2,1149:1.2,966:1.17,606:1.17,680:1.16,998:1.15,164:1.15,302:1.14,634:1.11,423:1.11,417:1.1,1176:1.1,282:1.09,586:1.09,1205:1.09,178:1.08,1158:1.08,85:1.07,189:1.05,1211:1.05,876:1.05,42:1.02,783:1.02,936:1.01,305:1.01,864:1.01,312:1,226:0.97,369:0.96,693:0.91,977:0.83
689	0	792:8.59,14:7.71,291:7.53,293:7.52,13:7.19,437:7.16,290:7.1,11:6.89,944:6.85,1168:6.83,10:6.83,942:6.75,426:6.6,1169:6.45
690	0	439:6.38,427:5.71,943:5.51,12:5.29,762:5.27,292:5.26,386:5.21,387:5.06,166:5.01,193:4.8,945:4.77,294:4.73,1171:4.72,168:4.64,1170:4.47,566:4.43,49:4.28,15:4.12,438:3.47,47:3.12,390:0.8,569:0.48,661:0.45,979:0.37,621:0.27,768:0.21,476:0.21,302:0.19,850:0.16,312:0.16,205:0.15,777:0.15,441:0.04,898:0.04,657:0.03,583:0.03,570:0.01
692	0	321:1.85,234:1.55,797:1.51,656:1.5,59:1.5,580:1.45,533:1.43,242:1.42,143:1.41,492:1.41,857:1.4,926:1.37,499:1.36,662:1.34,950:1.34,1225:1.34,1228:1.31,800:1.3,840:1.29,136:1.29,38:1.27,453:1.27,651:1.27,488:1.27,1096:1.26,380:1.25,417:1.24,845:1.24,546:1.23,752:1.23,701:1.22,126:1.22,1139:1.21,598:1.21,539:1.2,766:1.2,78:1.18,423:1.18,372:1.17,6:1.16,128:1.16,157:1.16,449:1.16,217:1.15,941:1.14,680:1.14,282:1.14,805:1.13,1148:1.1,233:1.1,1007:1.09,801:1.07,241:1.07,688:1.06,1184:1.06,525:1.05,992:1.04,115:1.04,1232:1.03,876:1.03,924:1.01,1185:1,936:1,18:1,887:1,1006:0.99,961:0.99,758:0.99,1142:0.99,783:0.98,1158:0.97,653:0.97,962:0.96,720:0.95,85:0.91,1217:0.9,864:0.86,955:0.84,901:0.84,977:0.83,1173:0.81,229:0.81,340:0.8,970:0.79,790:0.77,634:0.77,611:0.76,785:0.74
694	0	707:17.25,709:16.81,983:15.72,885:15.07,176:13.26,355:12.87,781:8.44,35:0.46,184:0.09,767:0.02,209:0.01
695	0	930:5.16,1031:5.03,810:4.82,1227:4.82,826:4.81,744:4.8,1010:4.73,1193:4.7,811:4.6,1012:4.49,725:4.49,1041:4.21,1083:4.08,493:4.01,1096:3.8,886:3.59,813:3.58,812:3.56,394:3.28,984:3.28,883:2.97,755:2.96,1121:2.83,1107:2.82,728:2.58
697	0	812:2.92,665:2.91,1011:2.57,1026:2.54,1042:2.52,823:2.44,490:2.31,279:2.23,522:2.21,154:2.19,1233:2.15,1117:2.11,1172:2.04,574:2.03,837:2.03,788:2.01,933:2,182:1.95,1044:1.92,495:1.9,1232:1.89,677:1.84,537:1.82,103:1.79,1231:1.78,779:1.77,749:1.77,1153:1.75,1038:1.72,974:1.65,866:1.62,1036:1.62,867:1.61,414:1.58,972:1.57,1201:1.55,389:1.53,71:1.52,1199:1.5,623:1.48,300:1.46,3:1.46,806:1.43,736:1.42,567:1.42,572:1.39,1146:1.35,955:1.34,1177:1.29,1200:1.24,923:1.19,432:1.17,1141:1.16,485:1.16,297:1.1,977:1.07,45:1.01
699	0	237:3.95,107:3.65,559:3.52,106:3.5,890:3.39,336:3.38,878:3.21,68:3.21,57:3.15,564:3.09,563:3.08,645:3.05,895:2.93,1154:2.89,791:2.85,473:2.85,1004:2.64,585:2.45,928:2.42,525:2.41,417:2.37,500:2.35,282:2.34,948:2.26,939:2.2,765:2.17,1153:2.11,726:2.07,677:2.07,998:2.05,1079:2.02,1158:1.99,307:1.86,785:1.86,1146:1.82,62:1.8,214:1.74,479:1.73,1159:1.57
702	703	411:3.65,601:3.33,981:3.22,352:3.2,543:3.19,631:3.12,97:3.02,65:3,604:2.9,124:2.84,1079:2.76,399:2.74,1126:2.73,883:2.73,1149:2.67,348:2.64,349:2.55,122:2.54,1121:2.51,851:2.45,586:2.43,178:2.41,979:2.4,553:2.39,1206:2.35,462:2.34,319:2.27,712:2.23,1103:2.16,804:2.15,203:2.12,901:2.09,790:2.05,1130:1.97,1217:1.87,1123:1.86,1001:1.84,923:1.81,199:1.81,80:1.66
702	1194	352:3.52,65:3.43,981:3.35,601:3.32,604:3.26,631:3.18,97:3.14,411:2.99,543:2.9,462:2.86,348:2.72,1149:2.68,349:2.67,399:2.66,122:2.63,883:2.63,1126:2.59,851:2.56,586:2.54,1206:2.5,124:2.43,553:2.41,1103:2.4,1121:2.33,319:2.29,1217:2.29,178:2.28,979:2.22,1079:2.21,203:2.15,804:2.12,712:2.09,1123:2.04,901:2,790:1.96,199:1.86,1130:1.82,923:1.78,80:1.62,1001:1.56,202:0.01
704	0	1131:3.67,888:3.62,362:3.55,93:3.5,200:3.44,625:3.39,378:3.17,802:3.14,993:3.06,650:3.03,997:2.97,383:2.93,588:2.88,504:2.84,1105:2.78,82:2.44,795:2.43,1077:2.41,1137:2.39,227:2.37,1109:2.31,1207:2.29,1118:2.25,892:2.2,467:2.19,732:2.15,648:2.12,399:2.11,911:2.08,972:2.05,657:2.02,1150:1.98,503:1.92,205:1.89,623:1.86,1076:1.86,734:1.82,803:1.76,1171:1.57,618:1.56
705	706	626:2.47,378:2.29,904:2.23,993:2.04,502:2.03,909:2,880:1.95,362:1.92,1025:1.91,1008:1.88,454:1.81,984:1.8,487:1.8,997:1.79,889:1.78,212:1.77,473:1.75,588:1.74,848:1.66,650:1.66,384:1.62,208:1.61,501:1.61,436:1.59,555:1.54,227:1.51,1004:1.48,420:1.47,1142:1.46,1207:1.45,1105:1.45,991:1.43,1077:1.43,1226:1.42,614:1.41,1150:1.37,503:1.37,657:1.37,927:1.37,1076:1.35,462:1.35,803:1.34,732:1.34,749:1.33,451:1.31,82:1.28,734:1.28,892:1.27,936:1.25,205:1.25,467:1.25,94:1.23,806:1.22,1137:1.22,795:1.2,1200:1.17,972:1.17,648:1.16,1199:1.16,1148:1.16,1201:1.11,962:1.11,736:1.1,634:1.09,623:1.05,1038:1.01,618:1
705	1195	626:2.41,904:2.4,993:2.07,880:1.99,889:1.98,909:1.96,454:1.95,1025:1.94,362:1.93,588:1.91,378:1.91,502:1.9,487:1.8,1008:1.79,436:1.72,212:1.7,1004:1.67,997:1.66,555:1.66,650:1.65,1207:1.56,208:1.55,384:1.55,848:1.55,732:1.53,473:1.53,501:1.49,634:1.48,984:1.46,657:1.45,1142:1.45,991:1.44,892:1.44,1077:1.44,467:1.43,614:1.42,1105:1.42,648:1.41,451:1.37,1137:1.36,227:1.35,462:1.34,734:1.33,420:1.32,503:1.32,749:1.32,82:1.32,803:1.31,795:1.29,806:1.23,1226:1.22,94:1.22,623:1.22,927:1.21,962:1.21,1076:1.19,205:1.18,1148:1.15,972:1.15,1201:1.14,1199:1.14,936:1.11,1038:1.11,1150:1.1,736:1.09,618:1.07,1200:1.03
707	0	210:6.71,952:6.46,36:6.35,789:6.32,894:6.32,710:6.07,727:5.66,984:5.2,732:4.84,1107:4.72,1077:4.53,122:4.5,728:4.43,803:4.33,1121:4.26,40:4.14,184:4,1125:3.95,572:3.65,768:3.52,176:0.01,725:0.01,695:0.01,755:0.01
709	0	725:6.8,708:6.17,36:5.87,210:5.76,894:5.68,789:5.59,952:5.38,394:4.74,984:4.66,886:4.66,883:4.2,1107:4.19,1077:4.12,728:4.05,122:3.98,1121:3.94,732:3.87,1125:3.49,803:3.41,40:3.34,768:3.29,572:2.81
711	0	197:1.86,596:1.73,543:1.71,968:1.65,1194:1.63,376:1.62,853:1.61,535:1.6,1111:1.58,196:1.56,411:1.54,631:1.53,1218:1.51,650:1.48,703:1.46,97:1.45,902:1.45,578:1.44,655:1.44,981:1.4,886:1.38,486:1.34,601:1.33,65:1.32,604:1.32,929:1.32,352:1.31,1149:1.29,933:1.27,103:1.25,394:1.25,987:1.24,1121:1.19,462:1.18,683:1.18,883:1.17,460:1.16,349:1.16,752:1.16,477:1.16,1143:1.15,887:1.15,700:1.14,455:1.13,500:1.13,122:1.12,348:1.11,319:1.1,585:1.09,979:1.09,1006:1.09,1076:1.08,467:1.07,229:1.06,178:1.06,327:1.06,1145:1.05,1079:1.05,1126:1.05,924:1.03,804:1.03,586:1.03,1116:1.02,80:1,345:1,203:0.99,961:0.99,121:0.97,901:0.97,1206:0.97,124:0.96,891:0.94,300:0.94,331:0.94,945:0.92,851:0.92,1130:0.91,1103:0.87,1123:0.86,1001:0.86,790:0.85,199:0.69,1217:0.68,923:0.65
713	0	1209:1.77,770:1.5,99:1.41,975:1.37,899:1.36,434:1.35,489:1.3,329:1.25,9:1.23,551:1.23,375:1.22,1208:1.22,959:1.21,230:1.17,722:1.17,130:1.15,541:1.14,843:1.13,728:1.11,160:1.11,374:1.11,724:1.09,1183:1.09,436:1.09,1233:1.09,939:1.08,1002:1.07,683:1.07,1211:1.06,575:1.06,224:1.05,119:1.05,134:1.04,384:1.04,55:1.03,482:1.02,755:1.01,349:1.01,989:1.01,420:1.01,327:1.01,1182:1.01,619:1,1231:1,1114:0.99,142:0.99,793:0.99,141:0.98,112:0.98,285:0.98,213:0.97,1152:0.97,583:0.97,343:0.96,1003:0.96,314:0.96,528:0.96,131:0.96,514:0.94,718:0.94,186:0.94,381:0.93,927:0.92,925:0.91,501:0.9,1222:0.9,1226:0.87,448:0.87,391:0.86,62:0.86,324:0.85,139:0.85,872:0.85,444:0.85,87:0.83,348:0.82,76:0.82,562:0.82,864:0.82,618:0.82,121:0.8,804:0.8,859:0.79,1174:0.79,995:0.79,171:0.77,870:0.77,331:0.76,91:0.75,606:0.75,226:0.74,1145:0.74,907:0.73,389:0.71,73:0.69,199:0.67,80:0.64,908:0.63,590:0.6,297:0.57,1001:0.57,1159:0.56,777:0.55,773:0.54
715	0	24:1.53,528:1.46,368:1.31,379:1.26,843:1.25,594:1.24,160:1.24,1002:1.24,329:1.24,169:1.22,1003:1.21,482:1.2,99:1.19,619:1.18,89:1.17,1183:1.17,683:1.16,110:1.16,989:1.15,230:1.13,9:1.12,575:1.1,314:1.09,541:1.08,606:1.07,829:1.07,55:1.07,477:1.06,42:1.06,444:1.04,420:1.03,514:1.03,755:1.02,718:1.01,324:1.01,134:1,1116:1,991:1,1182:1,224:1,171:1,186:0.99,131:0.98,31:0.98,1215:0.96,460:0.96,130:0.96,73:0.96,374:0.94,285:0.93,995:0.93,343:0.92,375:0.92,939:0.91,804:0.91,34:0.9,381:0.9,570:0.9,793:0.9,87:0.89,1055:0.89,907:0.89,872:0.89,929:0.88,870:0.88,448:0.88,1145:0.88,119:0.87,91:0.85,1226:0.84,562:0.84,783:0.83,859:0.82,49:0.82,927:0.81,1001:0.79,331:0.79,432:0.79,928:0.79,1125:0.78,327:0.78,970:0.78,139:0.78,121:0.78,1174:0.77,479:0.77,874:0.76,1123:0.76,618:0.75,94:0.74,62:0.74,3:0.73,714:0.73,908:0.72,141:0.72,590:0.72,1159:0.69,777:0.69,226:0.67,1130:0.67,199:0.64,773:0.63,616:0.63,71:0.63,80:0.62,45:0.59,297:0.39
717	0	329:2.1,989:1.99,1002:1.79,575:1.79,1183:1.77,160:1.75,619:1.74,9:1.72,420:1.69,528:1.67,134:1.66,1222:1.66,99:1.65,55:1.64,541:1.64,130:1.61,314:1.61,119:1.6,927:1.57,482:1.56,683:1.56,843:1.53,444:1.52,755:1.51,285:1.48,793:1.47,939:1.46,374:1.46,1182:1.45,343:1.44,224:1.43,186:1.42,1003:1.42,324:1.41,1231:1.41,872:1.39,327:1.38,230:1.36,514:1.33,562:1.32,448:1.32,908:1.32,375:1.31,62:1.29,131:1.27,91:1.27,87:1.24,171:1.23,1145:1.22,804:1.2,331:1.2,907:1.19,139:1.19,859:1.18,121:1.16,870:1.16,606:1.14,381:1.1,226:1.1,1174:1.1,590:1.1,1226:1.08,141:1.06,80:1.06,714:1.06,73:1.05,777:1.02,618:1.02,199:0.97,773:0.91,1159:0.87,1001:0.86,297:0.79
719	0	896:1.74,1218:1.44,802:1.43,488:1.42,453:1.42,629:1.41,902:1.41,125:1.38,234:1.38,217:1.37,964:1.36,548:1.36,941:1.35,857:1.33,26:1.32,533:1.31,598:1.3,380:1.29,651:1.29,1007:1.29,861:1.28,113:1.27,115:1.27,233:1.26,241:1.26,546:1.26,1160:1.23,887:1.23,181:1.21,101:1.21,135:1.21,449:1.19,338:1.19,22:1.18,430:1.18,845:1.18,317:1.18,701:1.17,372:1.17,504:1.17,800:1.17,365:1.16,53:1.16,805:1.15,1228:1.15,950:1.14,556:1.14,653:1.13,128:1.13,905:1.1,1006:1.09,457:1.09,1205:1.06,1049:1.06,85:1.05,164:1.03,758:1.03,40:1.02,1176:1.02,423:1.01,82:1.01,1148:0.99,18:0.98,966:0.94,1217:0.93,1175:0.92,992:0.92,1103:0.91,763:0.9,948:0.89,924:0.89,621:0.88,901:0.87,874:0.87,305:0.86,970:0.85,1177:0.85,171:0.84,790:0.84,906:0.82,1173:0.82,1215:0.81,1141:0.79,785:0.78,203:0.77,1114:0.77,643:0.76,693:0.75,611:0.71,1174:0.66,955:0.63
721	0	818:2.63,909:2.49,1208:2.48,646:2.44,830:2.35,637:2.25,592:2.22,1020:2.17,740:2.11,824:2.06,1209:2.02,434:2.02,551:2.01,334:2,1117:1.96,436:1.95,899:1.94,959:1.92,501:1.9,1233:1.85,770:1.82,1139:1.81,359:1.73,583:1.69,112:1.69,213:1.67,1202:1.66,992:1.64,805:1.64,384:1.64,142:1.61,829:1.57,1211:1.57,905:1.54,716:1.5,801:1.49,995:1.49,489:1.48,1036:1.47,1152:1.44,1003:1.42,724:1.4,866:1.39,1044:1.39,230:1.35,864:1.33,925:1.31,76:1.3,1114:1.3,381:1.29,867:1.29,728:1.28,141:1.27,391:1.26,907:1.25,859:1.13,389:1.09,714:1.05,590:1.03,139:0.95
723	0	1020:2.31,818:2.3,830:2.2,592:2.11,1027:2.07,1209:2.06,609:2.06,1135:2,639:1.94,434:1.94,770:1.93,1000:1.9,738:1.88,551:1.86,1216:1.86,347:1.8,900:1.8,496:1.77,640:1.76,1208:1.75,899:1.73,486:1.73,1016:1.72,959:1.71,498:1.67,436:1.63,722:1.59,384:1.59,925:1.54,501:1.54,391:1.52,1114:1.51,142:1.51,1139:1.51,1233:1.5,891:1.48,503:1.47,1107:1.4,131:1.39,1175:1.33,112:1.32,765:1.31,489:1.3,1185:1.28,1152:1.28,1211:1.28,898:1.28,213:1.27,343:1.25,906:1.22,583:1.2,864:1.18,91:1.17,995:1.14,728:1.14,76:1.13,859:1.13,381:1.11,87:1.08,141:1.06,908:1.03,389:1.02,714:0.92,139:0.91,590:0.83,485:0.79
729	730	646:9.02,148:6.54,636:6.32,359:6.24,396:6.14,805:5.69,801:5.55,1202:5.53,1003:5.28,911:5.27,716:5.25,1036:5.24,659:4.97,867:4.79,866:4.74,1022:4.56,469:4.52,808:4.27,992:0.03,907:0.02,740:0.01,905:0.01,637:0.01
729	1150	646:8.88,636:6.54,359:6.51,396:5.96,1202:5.76,148:5.6,801:5.49,716:5.48,805:5.41,1003:5.4,911:5.27,1022:5.06,1036:5.04,866:4.83,867:4.6,659:4.53,469:4.48,808:4.44,992:0.15,905:0.1,909:0.08,740:0.08,1117:0.06,637:0.06,334:0.06,1044:0.04,722:0.03,829:0.03,907:0.03
730	0	407:4.46,912:4.45,743:4.33,149:4.19,660:4.14,920:4.13,1052:4.11,397:4.1,1151:4.1,1072:4.07,408:4.05,809:4,1046:4,1030:3.98,1023:3.91,470:3.87,1066:3.85,1043:3.79,1083:3.7,637:3.61,1045:3.56,824:3.42,1034:3.41,829:3.31,1044:2.89,230:2.57
733	0	362:2.41,200:2.25,997:2.21,378:2.16,889:2.11,504:2.01,880:1.95,1172:1.94,706:1.93,788:1.89,588:1.86,855:1.85,705:1.81,480:1.8,1195:1.8,454:1.78,1207:1.73,581:1.7,648:1.65,446:1.63,779:1.57,867:1.56,574:1.51,467:1.48,537:1.44,369:1.44,892:1.42,345:1.42,1076:1.42,866:1.41,307:1.4,1148:1.39,503:1.39,803:1.36,1036:1.36,114:1.35,623:1.34,1146:1.33,634:1.33,1199:1.33,795:1.32,567:1.3,451:1.3,94:1.28,189:1.28,300:1.26,432:1.25,182:1.25,736:1.24,611:1.23,1038:1.22,974:1.19,972:1.18,1201:1.18,389:1.16,806:1.14,1177:1.11,616:1.1,297:1.08,71:1.06,955:1.06,572:1.05,618:1.05,1200:1.04,1141:1.04,923:1.03,485:1.03,45:0.99,977:0.86
735	0	378:1.79,362:1.69,997:1.69,502:1.66,889:1.62,880:1.62,837:1.58,588:1.54,480:1.51,698:1.48,490:1.47,1195:1.46,279:1.45,1004:1.44,454:1.44,495:1.43,1117:1.43,1172:1.38,855:1.35,446:1.31,522:1.28,574:1.28,705:1.28,467:1.27,154:1.26,1044:1.26,936:1.24,706:1.24,892:1.23,581:1.22,1153:1.2,1142:1.19,788:1.17,537:1.17,795:1.17,779:1.17,677:1.16,451:1.14,1076:1.14,806:1.14,803:1.12,648:1.12,103:1.12,867:1.1,933:1.1,414:1.09,1207:1.08,1146:1.06,1148:1.06,503:1.06,182:1.06,623:1.04,866:1.04,1036:1.03,369:1.03,432:1.02,749:1.01,962:0.97,1226:0.97,611:0.96,189:0.96,927:0.95,1200:0.93,94:0.92,567:0.92,634:0.91,616:0.9,974:0.89,1177:0.88,618:0.87,485:0.86,1038:0.85,977:0.84,572:0.83,734:0.83,1201:0.83,3:0.82,955:0.82,345:0.82,300:0.81,389:0.81,297:0.81,45:0.81,972:0.79,923:0.79,1199:0.79,1141:0.75,307:0.71,71:0.71
737	738	609:5.77,1000:5.08,900:4.95,639:4.82,347:4.8,496:4.8,640:4.72,1135:4.62,1216:4.62,498:4.16,1185:3.68,891:3.61,724:3.58,503:3.57,1107:3.55,486:3.5,131:3.33,91:3.28,343:3.26,906:3.25,898:3.12,1175:3.1,87:3.08,765:2.97,908:2.49,485:2.29
737	1152	609:6.01,496:5.33,639:5.11,1000:5.1,347:4.99,640:4.89,900:4.79,1135:4.58,1216:4.57,498:4.01,486:3.71,1107:3.52,906:3.4,503:3.4,724:3.25,765:3.2,898:3.2,131:3.17,91:3.15,1175:3.15,891:3.15,1185:3.03,343:3.02,87:2.99,485:2.7,908:2.54,1105:0.01,1016:0.01,402:0.01,921:0.01
739	0	1187:2.43,666:2.36,667:2.34,1129:2.28,1186:2.21,930:2.15,909:2.14,145:2.13,1018:2.1,822:2.08,144:2.07,646:2.07,1227:2.05,592:2.02,1127:1.99,637:1.93,920:1.88,493:1.87,1128:1.85,146:1.73,1056:1.69,334:1.67,848:1.64,824:1.57,1117:1.55,805:1.53,655:1.52,455:1.52,130:1.5,359:1.5,6:1.49,829:1.46,905:1.44,451:1.44,992:1.44,987:1.41,123:1.39,169:1.39,722:1.38,726:1.36,494:1.34,497:1.3,1149:1.3,866:1.28,1211:1.27,758:1.26,653:1.26,1044:1.23,142:1.23,801:1.23,423:1.23,688:1.22,230:1.22,998:1.21,966:1.13,907:1.12,1202:1.12,1176:1.11,867:1.09,586:1.09,226:1.08,546:1.08,1036:1.05,716:0.98
747	0	612:2.93,198:2.92,207:2.9,591:2.88,956:2.61,932:2.56,799:2.53,278:2.52,446:2.47,413:2.47,466:2.46,855:2.45,581:2.43,836:2.4,176:2.39,153:2.35,22:2.34,480:2.31,687:2.24,521:2.2,192:2.19,164:2.16,676:2.14,305:2.12,42:2.1,439:2.06,12:2.05,70:2.01,553:1.99,312:1.93,189:1.93,363:1.91,302:1.9,307:1.9,114:1.9,2:1.83,44:1.82,369:1.8,310:1.75,691:1.68,193:1.67,166:1.64,566:1.61,781:1.58,292:1.51,438:1.24,47:1.22
748	749	1186:1.76,666:1.72,1227:1.7,1018:1.68,1187:1.66,1129:1.54,1127:1.54,144:1.51,667:1.48,822:1.47,930:1.42,1128:1.39,1056:1.38,592:1.37,1042:1.37,823:1.34,145:1.34,1011:1.33,740:1.31,812:1.31,665:1.29,837:1.25,146:1.21,522:1.2,490:1.19,1026:1.16,279:1.15,123:1.14,493:1.13,1172:1.12,987:1.1,455:1.07,655:1.06,497:1.05,1176:1.04,848:1.02,451:1,653:0.99,698:0.99,359:0.98,130:0.98,142:0.98,788:0.98,494:0.97,574:0.96,1044:0.96,154:0.96,1117:0.95,779:0.94,103:0.94,423:0.93,998:0.92,758:0.92,1231:0.91,1233:0.91,495:0.9,688:0.89,6:0.89,974:0.88,169:0.88,866:0.86,1232:0.85,677:0.85,1036:0.84,572:0.82,45:0.81,567:0.81,414:0.8,182:0.79,726:0.79,546:0.78,736:0.78,1146:0.78,933:0.77,1199:0.77,537:0.76,806:0.76,71:0.76,586:0.76,955:0.74,966:0.74,1211:0.74,432:0.74,623:0.73,18:0.73,867:0.72,3:0.72,1149:0.71,1200:0.7,1141:0.66,972:0.64,300:0.64,1177:0.63,923:0.62,1201:0.6,1038:0.6,389:0.59,297:0.59,226:0.57,485:0.55,977:0.49
748	1153	1227:1.76,145:1.65,666:1.63,667:1.61,930:1.58,1186:1.57,144:1.53,1127:1.52,822:1.51,1129:1.49,1042:1.47,665:1.46,740:1.43,1018:1.42,493:1.37,1187:1.36,1056:1.33,592:1.33,1011:1.32,1128:1.24,823:1.23,1026:1.2,812:1.19,758:1.19,455:1.18,279:1.18,490:1.15,698:1.15,655:1.14,779:1.14,146:1.13,123:1.12,494:1.03,1117:1.03,1233:1.03,574:1.02,837:0.98,142:0.96,18:0.96,1149:0.96,1232:0.95,653:0.95,1036:0.95,688:0.95,1044:0.94,3:0.94,495:0.93,522:0.93,677:0.92,130:0.91,1211:0.91,1231:0.9,359:0.89,788:0.88,848:0.88,987:0.87,726:0.87,1176:0.87,497:0.87,1172:0.87,736:0.86,586:0.85,966:0.85,169:0.85,154:0.85,6:0.84,414:0.84,933:0.84,998:0.83,866:0.83,389:0.82,423:0.82,867:0.81,1201:0.78,1146:0.78,537:0.78,572:0.77,546:0.76,182:0.75,1200:0.75,623:0.74,567:0.74,451:0.73,432:0.72,1199:0.71,485:0.71,923:0.71,974:0.7,972:0.7,103:0.69,1177:0.68,71:0.67,1038:0.66,977:0.66,300:0.65,1141:0.65,45:0.64,955:0.62,806:0.62,226:0.56,297:0.45
750	0	679:7.86,935:7.75,839:7.42,1162:7.3,156:7.07,5:6.97,77:6.93,219:6.64,687:6.63,1118:6.13,863:6.11,416:6.09,281:5.83,524:5.58,340:5.55,580:0.03,321:0.03,661:0.02,240:0.02,783:0.01,633:0.01,692:0.01,766:0.01
751	0	580:3.2,146:3.17,244:3.1,1019:3.06,662:3.05,59:2.94,831:2.94,1139:2.87,1029:2.81,492:2.8,157:2.8,136:2.7,126:2.68,539:2.65,1082:2.61,840:2.6,656:2.59,78:2.54,38:2.5,1232:2.45,1184:2.43,961:2.38,801:2.28,680:2.25,417:2.21,6:2.17,282:2.08,876:2.07,1173:2.06,783:2.06,525:2.01,1142:1.93,936:1.91,1185:1.88,688:1.87,634:1.87,1158:1.87,864:1.83,229:1.82,962:1.81,693:1.61,977:1.54
753	0	61:4.06,527:3.98,8:3.79,159:3.75,682:3.71,419:3.7,1183:3.7,986:3.62,1182:3.61,482:3.49,938:3.46,842:3.43,796:3.42,119:3.42,575:3.42,989:3.41,313:3.4,561:3.33,1163:3.24,117:3.23,184:2.92,222:2.92,284:2.82,171:2.8,425:2.74,342:2.72,310:2.55,195:2.53,331:2.4,211:2.29,777:2.14
754	0	245:2.92,1081:2.66,672:2.62,1016:2.32,843:2.29,813:2.25,329:2.22,9:2.22,1002:2.12,1222:2.11,134:2.1,160:2.07,528:2.07,1145:2.06,374:1.94,514:1.92,683:1.91,224:1.89,314:1.88,1231:1.81,718:1.8,230:1.79,55:1.78,420:1.73,131:1.72,444:1.7,375:1.69,130:1.68,872:1.67,186:1.65,121:1.65,793:1.65,343:1.64,285:1.58,927:1.57,541:1.55,1226:1.53,939:1.45,91:1.43,62:1.42,381:1.42,226:1.41,562:1.39,1001:1.34,73:1.33,1174:1.33,199:1.32,1159:1.31,141:1.3,907:1.3,908:1.27,139:1.26,714:1.19,590:1.19,773:1.19,859:1.18,618:1.16,297:1.07,80:0.98
756	0	177:3.97,133:3.86,225:3.81,216:3.67,450:3.63,847:3.62,552:3.53,784:3.52,532:3.51,371:3.46,545:3.45,747:3.45,1147:3.42,188:3.42,610:3.38,17:3.35,308:3.34,83:3.32,190:3.28,483:3.27,954:3.27,652:3.23,452:3.18,471:3.09,422:2.99,654:2.89,108:2.77,692:2.48,687:2.18,166:1.88,193:1.78
757	0	857:1.64,115:1.6,217:1.57,950:1.55,701:1.47,234:1.47,241:1.45,799:1.44,372:1.43,655:1.43,533:1.33,1007:1.33,233:1.31,800:1.31,1049:1.3,598:1.3,651:1.3,128:1.27,453:1.27,449:1.27,113:1.26,1228:1.26,845:1.26,556:1.26,992:1.25,123:1.25,941:1.25,1207:1.24,586:1.24,848:1.23,365:1.23,380:1.22,494:1.22,423:1.22,457:1.21,22:1.21,359:1.2,766:1.2,85:1.19,488:1.18,1206:1.17,497:1.16,887:1.16,1176:1.16,805:1.15,455:1.15,1149:1.14,53:1.13,1205:1.12,924:1.12,189:1.1,317:1.09,653:1.08,726:1.08,1006:1.08,966:1.06,302:1.04,870:1.04,1148:1.03,42:1,1211:1,693:0.98,998:0.98,451:0.98,606:0.98,310:0.97,227:0.97,970:0.97,987:0.97,546:0.96,142:0.96,178:0.96,441:0.95,18:0.94,1217:0.92,305:0.91,312:0.9,688:0.89,790:0.87,164:0.86,785:0.84,226:0.84,203:0.84,369:0.83,901:0.83,720:0.79,955:0.74,611:0.69
759	0	83:4.06,385:3.77,466:3.68,206:3.67,108:3.63,53:3.6,289:3.6,530:3.59,137:3.58,162:3.54,316:3.53,471:3.51,956:3.49,365:3.48,20:3.4,1160:3.37,556:3.33,380:3.24,317:3.13,457:3.03,305:2.99,1102:2.91,1133:2.89,113:2.83,22:2.83,685:2.74,40:2.71,1049:2.62,164:2.58,425:2.43,203:2.24
761	0	661:7,569:6.1,943:5.98,439:5.82,427:5.46,387:5.22,386:4.99,292:4.98,166:4.97,691:4.97,12:4.96,1171:4.65,168:4.44,193:4.4,294:4.35,566:4.3,15:4.23,1170:4.2,438:3.53,47:3.03,390:0.52,582:0.34,850:0.23,476:0.22,945:0.21,302:0.18,312:0.15,441:0.12,49:0.11,979:0.09,621:0.08,898:0.05,777:0.05,205:0.04,768:0.03
762	0	491:2.81,181:2.37,127:2.34,430:2.32,861:2.3,125:2.15,338:2.13,548:2.12,642:2.1,26:2.09,135:2.05,494:2.04,964:1.96,629:1.92,212:1.89,1175:1.88,101:1.86,1176:1.8,662:1.76,123:1.76,487:1.74,1205:1.69,925:1.64,214:1.63,906:1.59,312:1.58,441:1.58,82:1.58,874:1.55,621:1.55,391:1.54,657:1.53,1215:1.51,905:1.5,793:1.48,567:1.48,876:1.47,614:1.46,583:1.42,768:1.42,1173:1.4,966:1.39,213:1.39,851:1.37,1174:1.36,643:1.36,979:1.32,171:1.3,898:1.3,570:1.26,1177:1.26,1055:1.26,1103:1.23,720:1.22,1114:1.19,302:1.19,1141:1.18,948:1.17,205:1.09,777:1.08,49:1.05,945:1.04
764	0	107:4.66,106:4.56,237:4.51,68:3.99,336:3.99,559:3.93,57:3.89,645:3.88,878:3.63,791:3.61,1154:3.61,890:3.56,563:3.56,564:3.51,895:3.48,473:3.23,700:2.83,1079:2.76,726:2.72,585:2.68,500:2.63,998:2.56,1158:2.49,479:2.31,307:2.31,785:2.31,928:2.29,948:2.29,214:2.25,62:2.1,1146:1.94,1159:1.93
767	0	894:2.95,708:2.66,952:2.64,36:2.58,127:2.55,789:2.55,710:2.49,210:2.45,212:2.35,642:2.34,984:2.28,439:2.18,886:2.12,727:2.09,123:2.08,732:1.96,1077:1.96,883:1.91,441:1.9,122:1.9,614:1.84,213:1.81,925:1.79,851:1.79,387:1.75,386:1.74,1107:1.73,583:1.73,803:1.71,763:1.71,214:1.7,728:1.7,621:1.69,49:1.66,570:1.65,1121:1.64,898:1.64,205:1.61,1125:1.61,40:1.59,657:1.57,979:1.57,184:1.55,391:1.54,567:1.47,302:1.47,1055:1.45,312:1.44,1171:1.44,1170:1.43,572:1.35,945:1.35,777:1.22,438:1.12
769	1208	899:4.56,959:3.96,551:3.95,434:3.9,501:3.58,436:3.54,975:3.41,384:3.33,799:3.26,489:3.2,722:3.15,76:3.09,925:3.09,112:3.04,213:2.93,1114:2.88,391:2.85,1152:2.83,1211:2.82,728:2.78,348:2.78,142:2.76,995:2.71,724:2.7,583:2.64,349:2.61,864:2.49,389:2.39,381:2.29,859:2.17,141:2.15,590:2.12,714:2.08,139:1.96
769	770	434:4.17,959:4.13,899:3.8,384:3.8,551:3.73,436:3.58,799:3.57,722:3.41,975:3.4,489:3.37,728:3.21,76:3.11,1211:3.08,501:3.07,112:3.05,142:2.95,925:2.94,349:2.94,1152:2.92,348:2.91,213:2.68,995:2.68,724:2.66,391:2.54,1114:2.51,583:2.44,714:2.37,389:2.29,590:2.27,864:2.24,859:2.13,141:2.08,381:2.01,139:1.96
769	1209	899:4.1,959:4.07,434:4,551:3.89,722:3.76,975:3.72,799:3.6,436:3.53,501:3.3,384:3.26,76:3.22,925:3.03,1211:3.03,583:3,489:2.99,213:2.96,1152:2.9,349:2.89,142:2.81,112:2.8,348:2.79,728:2.63,1114:2.58,391:2.58,864:2.55,724:2.53,995:2.31,859:2.25,590:2.24,714:2.2,389:2.2,381:2.15,141:2.08,139:2.02,830:0.01,1139:0.01,1233:0.01
772	0	24:1.42,134:1.4,594:1.33,829:1.32,9:1.31,1182:1.25,230:1.23,1183:1.22,99:1.21,375:1.2,514:1.2,1003:1.19,130:1.19,368:1.17,843:1.16,160:1.16,329:1.16,379:1.15,619:1.15,541:1.15,314:1.15,89:1.12,55:1.11,169:1.1,34:1.09,1002:1.08,110:1.08,224:1.07,1145:1.07,716:1.05,528:1.03,991:1.03,324:1.03,718:1.02,575:1.01,477:1,872:1,444:0.99,929:0.99,460:0.97,870:0.97,31:0.97,1226:0.96,374:0.95,131:0.95,928:0.95,1116:0.95,683:0.95,793:0.94,448:0.94,62:0.94,420:0.93,119:0.93,186:0.93,1125:0.93,482:0.92,562:0.92,783:0.92,995:0.91,989:0.91,87:0.9,343:0.89,226:0.89,171:0.89,616:0.89,1215:0.88,381:0.87,139:0.86,755:0.85,927:0.85,1130:0.85,327:0.84,3:0.82,939:0.82,874:0.82,606:0.8,285:0.8,331:0.79,42:0.77,91:0.77,479:0.77,907:0.77,73:0.76,570:0.76,777:0.75,45:0.74,1174:0.74,1123:0.74,804:0.73,590:0.73,1055:0.73,859:0.72,94:0.71,121:0.71,432:0.71,970:0.69,49:0.69,1001:0.69,80:0.68,199:0.67,908:0.66,618:0.65,141:0.65,71:0.64,714:0.63,1159:0.62,297:0.48
774	0	475:4.43,334:4.4,232:4.36,869:4.34,28:3.94,208:3.81,498:3.6,555:3.58,926:3.51,578:3.42,1202:3.42,497:3.35,76:3.15,489:3.08,795:3.07,31:3.06,643:3.06,221:2.98,285:2.98,340:2.94,1137:2.86,648:2.85,112:2.82,324:2.8,892:2.74,34:2.72,448:2.69,319:2.61,974:2.57,414:2.55,562:2.31
776	0	642:1.95,527:1.84,986:1.83,482:1.76,99:1.73,444:1.72,1183:1.72,117:1.72,938:1.66,754:1.63,842:1.57,375:1.54,1182:1.53,327:1.51,872:1.51,989:1.5,614:1.49,619:1.49,1003:1.48,1055:1.47,448:1.44,374:1.43,119:1.43,898:1.42,387:1.42,979:1.42,1163:1.41,224:1.38,606:1.37,441:1.34,870:1.33,439:1.33,514:1.33,391:1.33,312:1.31,796:1.3,570:1.29,1171:1.28,583:1.27,171:1.27,945:1.27,425:1.24,575:1.24,657:1.23,222:1.22,386:1.21,621:1.19,195:1.19,324:1.18,342:1.18,541:1.17,302:1.16,184:1.16,691:1.14,331:1.14,310:1.13,139:1.12,1170:1.11,205:1.1,226:1.1,381:1.08,859:1.07,211:1.06,618:1.04,773:1.04,49:1.04,1001:1.03,590:1.02,768:1.02,1159:1.01,199:0.99,87:0.97,80:0.97,804:0.94,438:0.89,141:0.82,297:0.78
778	0	154:2.79,581:2.7,522:2.69,855:2.67,446:2.62,1172:2.62,480:2.56,182:2.51,537:2.49,574:2.36,866:2.35,345:2.31,788:2.29,495:2.28,114:2.25,1038:2.25,1036:2.22,572:2.16,189:2.12,806:2.06,369:2.05,432:2.04,623:2.01,616:1.99,867:1.98,3:1.95,414:1.93,734:1.89,1200:1.89,1199:1.88,1177:1.88,300:1.87,611:1.85,974:1.84,977:1.84,1201:1.79,307:1.76,955:1.76,485:1.73,736:1.7,923:1.7,1146:1.67,45:1.6,71:1.59,567:1.56,972:1.56,1141:1.5,389:1.42,297:1.39,933:0.03,698:0.02,279:0.01,836:0.01,837:0.01
780	0	695:6,983:5.41,355:5.29,885:5.02,176:4.71,727:4.69,521:4.54,413:4.46,676:4.18,278:4.18,153:4.09,932:4.09,192:4.05,836:4,363:3.58,748:3.52,44:3.52,40:3.52,70:3.46,184:3.44,114:3.26,2:3.26,566:2.81,438:2.79,47:2.12,581:0.01
782	0	321:2.69,24:2.62,580:2.5,126:2.3,539:2.24,594:2.18,136:2.16,656:2.14,110:2.11,379:2.1,368:2.06,766:2.04,38:1.96,42:1.9,801:1.87,78:1.85,89:1.79,1143:1.78,477:1.74,995:1.74,929:1.74,525:1.73,31:1.67,1116:1.66,961:1.66,688:1.65,716:1.65,874:1.64,1173:1.63,928:1.62,876:1.59,991:1.57,864:1.55,616:1.55,340:1.54,94:1.53,229:1.52,962:1.51,34:1.5,1125:1.49,460:1.49,479:1.49,693:1.48,49:1.45,570:1.41,1158:1.41,1123:1.4,1215:1.36,634:1.35,1130:1.33,3:1.31,1055:1.28,432:1.26,45:1.21,977:1.2,211:1.2,773:1.19,71:1.14,970:1.14,73:1.13
784	0	237:1.72,106:1.62,57:1.56,143:1.54,107:1.54,499:1.47,890:1.45,563:1.43,242:1.42,797:1.37,68:1.34,564:1.32,336:1.26,449:1.24,645:1.23,895:1.22,559:1.22,950:1.22,857:1.21,473:1.21,1007:1.2,233:1.19,128:1.18,457:1.18,1154:1.17,1228:1.16,800:1.16,941:1.15,845:1.15,791:1.14,651:1.14,115:1.14,533:1.13,217:1.13,917:1.13,234:1.13,598:1.11,372:1.09,926:1.09,1153:1.08,1222:1.08,380:1.06,1217:1.04,1096:1.03,653:1.03,453:1.03,700:1.02,525:1.01,805:0.99,500:0.99,1004:0.99,423:0.97,720:0.97,1148:0.97,992:0.97,488:0.97,417:0.96,546:0.96,701:0.96,1049:0.96,878:0.95,939:0.95,85:0.95,164:0.94,241:0.94,214:0.92,282:0.92,585:0.92,1158:0.92,948:0.91,18:0.9,758:0.9,203:0.9,113:0.89,726:0.88,1079:0.88,887:0.88,1006:0.86,677:0.86,479:0.86,955:0.85,1146:0.85,305:0.84,924:0.84,765:0.83,62:0.82,307:0.81,998:0.78,693:0.77,1159:0.72,928:0.71,901:0.7,790:0.69,611:0.64,970:0.62
786	0	69:4.67,536:4.49,976:4.45,573:4.41,835:4.41,412:4.32,431:4.25,306:4.21,733:4.21,571:4.19,520:4.18,277:4.15,675:4.15,971:4.15,152:4.12,622:4.11,1037:4.08,780:4.02,46:4.01,931:3.99,615:3.91,445:3.91,1:3.87,565:3.74
787	0	1042:2.65,490:2.51,837:2.46,698:2.45,522:2.29,279:2.28,1233:2.23,1117:2.21,154:2.19,1172:2.1,1044:2.05,855:2.03,495:1.94,574:1.91,1231:1.9,933:1.85,537:1.81,677:1.81,581:1.8,103:1.77,749:1.73,779:1.69,182:1.69,1153:1.68,1232:1.67,867:1.67,345:1.63,734:1.6,866:1.6,414:1.58,189:1.55,806:1.51,300:1.51,3:1.47,623:1.43,972:1.42,1177:1.4,572:1.39,307:1.39,955:1.39,611:1.38,1036:1.38,1199:1.37,736:1.36,1141:1.35,1038:1.35,485:1.34,1200:1.34,616:1.33,71:1.31,1201:1.31,567:1.31,389:1.3,974:1.26,369:1.26,432:1.24,977:1.21,45:1.16,1146:1.14,923:1.04,297:1.02
792	0	820:2.15,1013:2.07,819:2.01,245:1.84,672:1.79,813:1.76,1016:1.71,127:1.69,329:1.69,662:1.68,843:1.68,642:1.63,1222:1.53,212:1.51,1081:1.5,9:1.49,123:1.41,224:1.4,1002:1.39,755:1.38,683:1.38,160:1.38,375:1.33,528:1.32,494:1.31,230:1.3,420:1.28,213:1.28,285:1.28,718:1.27,186:1.27,130:1.26,514:1.26,614:1.26,872:1.25,374:1.24,925:1.22,851:1.21,391:1.19,131:1.19,343:1.18,562:1.18,134:1.18,1231:1.16,583:1.15,657:1.14,763:1.13,939:1.12,226:1.12,55:1.12,1159:1.11,876:1.1,444:1.09,541:1.08,907:1.06,1226:1.06,314:1.05,618:1.05,121:1.05,91:1.04,1174:1.03,381:1.02,1145:1.02,570:1.02,1055:1,214:1,73:0.98,62:0.95,908:0.95,859:0.95,590:0.94,141:0.89,139:0.87,927:0.84,773:0.84,567:0.82,714:0.82,1001:0.82,80:0.8,199:0.74,297:0.74
794	0	869:2.63,475:2.57,775:2.43,200:2.37,378:2.32,362:2.28,880:2.26,997:2.24,502:2.23,588:2.19,334:2.18,454:2.1,504:2.05,555:2.01,889:2,208:1.96,232:1.95,221:1.93,705:1.89,467:1.81,706:1.8,1207:1.75,578:1.72,28:1.7,76:1.63,1195:1.63,1137:1.62,1202:1.62,112:1.61,497:1.58,803:1.57,648:1.57,340:1.55,892:1.55,324:1.53,562:1.52,806:1.5,1076:1.48,634:1.47,94:1.45,503:1.44,643:1.44,451:1.44,31:1.41,448:1.38,962:1.37,974:1.35,1148:1.33,414:1.31,34:1.29,734:1.29,319:1.26,972:1.26,618:1.25,1038:1.23,736:1.23,1201:1.2,1200:1.17,1199:1.1
797	0	673:6.89,1191:6.86,1060:6.53,1234:6.47,1056:6.21,242:6.2,143:6.02,499:5.89,1091:5.78,1225:5.45,1007:5.31,1096:5.21,233:5.18,488:5.05,887:4.74,926:4.68,924:4.05,1006:3.48
807	0	730:13.24,636:12.86,148:11.96,396:11.65,1150:10.12,911:10.03,1022:9.28,659:8.85,469:8.69,721:1.36,333:0.48,1003:0.37,646:0.27,867:0.14,359:0.14,1036:0.11,801:0.1,1202:0.09,716:0.09,866:0.08,805:0.05,992:0.04
808	0	1031:2.68,827:2.59,820:2.55,1073:2.55,1072:2.53,1093:2.41,664:2.37,731:2.36,660:2.32,1066:2.3,1045:2.29,407:2.28,912:2.27,470:2.27,1069:2.27,149:2.27,1023:2.23,637:2.19,1095:2.19,663:2.18,743:2.18,1017:2.17,819:2.16,1009:2.15,665:2.15,920:2.15,1013:2.12,397:2.12,1052:2.1,1083:2.08,1043:2.08,1151:2.06,1034:2.06,1191:2.06,1046:2.05,408:2.03,1128:1.94,672:1.91,824:1.9,1039:1.88,917:1.81,1091:1.77,1030:1.75,829:1.73,1222:1.59,1044:1.53,230:1.37
814	0	882:12.59,1120:11.86,603:11.74,202:11.53,600:11.48,64:10.63,553:10.2,357:9.5,399:9.12,702:0.37,411:0.24,349:0.16,348:0.14,124:0.14,1126:0.14,122:0.07,203:0.05,552:0.02,630:0.01,96:0.01
815	816	1088:32.98,1075:32.28,1095:31.71,251:0.23,1048:0.2,507:0.18,1047:0.17,513:0.17,1166:0.16,519:0.15,505:0.15,409:0.14,825:0.14,673:0.13,410:0.13,506:0.12,1165:0.11,1057:0.11,1167:0.11,745:0.09,1127:0.09,1058:0.08,408:0.08,407:0.08,151:0.07,400:0.07,1035:0.07
815	817	513:4.23,1035:4.19,825:4.17,410:4.09,1165:4.08,251:4.04,1058:3.97,1167:3.96,1127:3.94,1047:3.92,507:3.86,1057:3.84,400:3.84,151:3.84,409:3.82,519:3.81,506:3.71,1166:3.69,1048:3.66,505:3.64,407:3.54,745:3.46,673:3.35,408:3.33,1088:2.89,1075:2.66,1095:2.47
828	0	818:5.73,1041:4.98,1040:4.85,1019:4.45,1039:4.29,110:3.91,89:3.65,169:3.48,991:3.48,929:3.33,1116:3.29,716:3.2,874:3.04,477:3.01,995:2.96,94:2.95,34:2.95,928:2.94,1055:2.92,73:2.82,3:2.77,31:2.76,1215:2.74,1125:2.63,1130:2.57,432:2.53,45:2.53,1123:2.51,479:2.41,71:2.21,773:2.09,1059:0.01,594:0.01
835	0	581:5.2,480:5.04,932:4.99,855:4.83,153:4.77,446:4.75,278:4.74,676:4.63,413:4.61,521:4.49,748:4.32,70:4.24,114:4.12,2:4.12,363:4.11,192:4.1,44:4.01,307:3.84,369:3.79,189:3.66,781:3.17,566:2.93,47:2.82,438:2.46,734:0.03,574:0.03,972:0.03,697:0.02,345:0.02,616:0.02,296:0.02,388:0.01,779:0.01,1199:0.01,300:0.01,572:0.01,188:0.01,954:0.01,299:0.01,611:0.01
836	0	1042:2.84,1011:2.74,665:2.73,1026:2.72,812:2.7,490:2.53,823:2.48,279:2.36,1233:2.14,698:2.14,788:2.13,1117:2.12,1044:2.12,574:2.09,154:1.89,933:1.87,1172:1.86,495:1.85,182:1.84,677:1.83,414:1.82,779:1.8,1231:1.77,1232:1.77,749:1.77,522:1.77,537:1.74,1153:1.71,103:1.71,866:1.67,867:1.65,623:1.6,567:1.6,1038:1.6,1036:1.59,1146:1.56,974:1.55,1199:1.49,972:1.48,432:1.46,806:1.46,572:1.42,485:1.39,3:1.36,736:1.36,1177:1.35,1200:1.35,1141:1.33,1201:1.29,300:1.29,923:1.27,389:1.24,45:1.23,71:1.22,977:1.17,955:1.17,297:1.01
838	0	935:8.06,5:7.82,679:7.61,156:7.37,1162:7.31,77:6.79,751:6.73,219:6.69,863:6.31,416:6.26,1118:6.15,687:5.86,281:5.85,524:5.83,340:5.22,240:0.05,321:0.03,633:0.02,580:0.01,661:0.01,692:0.01,783:0.01
839	0	244:3.5,146:3.31,1029:3.28,78:3.08,656:2.98,1019:2.9,1139:2.89,580:2.88,126:2.87,59:2.86,539:2.79,157:2.69,136:2.67,831:2.66,492:2.56,38:2.55,662:2.49,936:2.44,1082:2.43,282:2.4,752:2.38,6:2.29,525:2.21,1185:2.14,1142:2.14,1184:2.13,229:2.13,634:2.12,1232:2.11,876:2.06,688:2.03,801:2.02,417:1.96,864:1.92,962:1.91,680:1.89,1158:1.86,693:1.85,783:1.78,961:1.75,977:1.56,1173:1.53
841	0	8:3.98,61:3.9,419:3.82,159:3.81,938:3.8,313:3.79,682:3.77,754:3.75,527:3.71,1163:3.69,796:3.69,482:3.49,1182:3.46,986:3.41,1183:3.4,119:3.35,575:3.21,117:3.17,561:3.17,989:3.04,342:2.93,284:2.91,171:2.87,425:2.78,184:2.71,222:2.64,310:2.61,211:2.52,331:2.43,195:2.4,777:1.79
842	0	245:2.9,813:2.6,672:2.55,329:2.41,1081:2.37,1222:2.18,1016:2.17,1002:2.05,9:2.03,134:2.02,224:1.97,314:1.96,160:1.92,541:1.9,718:1.85,285:1.84,230:1.84,528:1.84,375:1.83,343:1.82,186:1.81,420:1.81,444:1.78,755:1.77,514:1.76,939:1.74,683:1.73,55:1.73,374:1.73,130:1.69,1231:1.66,872:1.66,1145:1.65,793:1.62,907:1.62,927:1.61,1174:1.53,91:1.53,714:1.51,1226:1.49,62:1.49,131:1.48,121:1.46,859:1.43,562:1.39,618:1.36,73:1.36,908:1.34,1001:1.33,226:1.31,381:1.3,199:1.29,1159:1.26,139:1.26,141:1.17,773:1.13,80:1.09,590:1.08,297:0.99
844	0	162:2.4,1160:2.29,128:2.27,760:2.26,800:2.25,530:2.2,217:2.19,53:2.16,956:2.15,598:2.13,206:2.11,289:2.11,385:2.1,701:2.1,533:2.08,1228:2.06,372:2.05,380:2.03,234:2.02,857:2.01,758:1.98,950:1.98,449:1.98,317:1.97,453:1.94,651:1.93,241:1.93,423:1.92,115:1.88,457:1.86,805:1.86,365:1.85,992:1.83,556:1.82,85:1.8,113:1.79,941:1.78,1133:1.77,18:1.7,22:1.69,305:1.64,1049:1.56,685:1.53,40:1.49,790:1.48,720:1.43,546:1.42,1217:1.41,203:1.4,164:1.35,901:1.32,611:1.29,970:1.25,785:1.2
846	0	225:7.59,483:7.17,17:6.91,188:6.89,545:6.78,654:6.73,422:6.63,652:6.61,450:6.55,757:6.43,83:5.56,591:5.54,687:4.75,292:4.25,166:3.89,12:3.88,193:3.84
847	0	740:3.07,655:2.94,359:2.85,497:2.8,455:2.73,987:2.69,169:2.62,494:2.55,1176:2.49,142:2.47,164:2.45,130:2.44,1207:2.43,451:2.36,423:2.32,1206:2.28,653:2.27,586:2.25,441:2.25,546:2.24,6:2.23,85:2.23,1211:2.22,42:2.19,966:2.16,227:2.16,123:2.15,766:2.14,18:2.13,998:2.11,688:2.1,758:2.1,305:2.08,226:2.07,1149:2.05,302:1.99,726:1.98,1205:1.97,606:1.95,369:1.94,870:1.92,312:1.89,178:1.87,189:1.87
849	0	613:9.84,48:9.59,875:9.51,641:9.35,620:8.97,476:8.84,582:8.56,565:8.48,767:7.97,390:6.68,661:6.5,569:5.71
850	0	196:2,127:1.93,1040:1.89,604:1.83,411:1.82,1194:1.81,65:1.78,703:1.75,394:1.59,981:1.59,601:1.58,614:1.58,642:1.57,212:1.55,883:1.55,793:1.54,631:1.53,925:1.53,500:1.53,543:1.53,97:1.52,352:1.52,123:1.46,662:1.43,494:1.42,657:1.37,1079:1.36,961:1.35,876:1.35,1121:1.33,1184:1.33,121:1.32,213:1.32,1206:1.31,103:1.3,1126:1.29,583:1.29,891:1.26,1006:1.26,441:1.26,462:1.23,124:1.23,712:1.23,122:1.22,349:1.22,924:1.19,763:1.18,621:1.18,586:1.17,979:1.17,1149:1.17,348:1.15,391:1.15,214:1.15,203:1.14,205:1.14,680:1.14,302:1.12,1103:1.12,319:1.1,898:1.1,570:1.09,768:1.08,567:1.07,199:1.07,178:1.05,1130:1.04,901:1.04,1055:1.03,1001:1.01,1123:0.99,1217:0.99,790:0.94,804:0.91,80:0.88,923:0.78
852	0	287:5.44,1111:5.12,535:4.92,376:4.69,1218:4.55,902:4.38,1102:4.2,215:3.98,1143:3.88,650:3.85,477:3.65,1116:3.57,1133:3.51,467:3.46,700:3.44,1076:3.44,987:3.38,460:3.26,712:3.19,945:3.16,659:3.16,345:3.09,585:3.07,327:3.05,229:2.95,300:2.87,331:2.74
854	0	581:3.46,192:3.32,836:3.18,182:3.15,574:3.1,446:3.09,480:3.05,866:2.98,779:2.97,537:2.88,114:2.85,369:2.67,867:2.66,734:2.64,1036:2.61,345:2.59,189:2.57,623:2.44,616:2.43,748:2.43,736:2.4,1201:2.39,307:2.34,389:2.31,300:2.29,1200:2.28,611:2.2,1199:2.19,572:2.18,567:2.12,1141:2.11,972:2.09,45:2.05,923:2.05,1146:2.03,977:2,485:1.96,71:1.93,438:1.93,297:1.9,788:0.03,413:0.03,153:0.02,932:0.02,521:0.02,154:0.01,44:0.01,2:0.01,495:0.01,278:0.01,974:0.01
856	0	499:2.58,797:2.57,598:2.44,453:2.38,233:2.32,533:2.32,372:2.31,449:2.29,488:2.27,941:2.26,1007:2.24,457:2.23,950:2.23,115:2.2,556:2.18,992:2.15,241:2.12,1228:2.09,128:2.08,845:2.07,1049:2.07,217:2.04,380:2.03,800:2.01,113:1.98,701:1.95,887:1.87,234:1.87,651:1.86,758:1.84,546:1.83,22:1.82,423:1.81,805:1.79,653:1.78,924:1.68,18:1.67,203:1.66,1148:1.66,1006:1.63,85:1.62,305:1.59,164:1.59,790:1.58,1217:1.57,785:1.52,720:1.5,970:1.46,693:1.46,901:1.37,955:1.31,611:1.25
858	0	134:2.14,528:2.03,99:2,482:1.9,718:1.89,9:1.88,843:1.85,619:1.84,575:1.83,1182:1.8,1002:1.78,514:1.78,160:1.77,989:1.77,1145:1.75,186:1.74,224:1.72,1003:1.68,117:1.67,907:1.64,375:1.63,327:1.62,420:1.57,119:1.56,541:1.56,755:1.55,55:1.53,939:1.53,927:1.52,1183:1.52,310:1.51,314:1.5,870:1.48,606:1.45,448:1.45,331:1.44,683:1.44,374:1.44,444:1.39,872:1.39,1226:1.36,324:1.36,343:1.34,793:1.33,804:1.3,121:1.27,908:1.27,91:1.26,381:1.25,87:1.21,714:1.2,141:1.2,618:1.18,62:1.18,73:1.18,562:1.14,1159:1.12,590:1.11,1001:1.1,226:1.08,211:1.08,80:1.08,139:1.08,171:1.07,199:1.01,1174:1,777:0.96,297:0.93,773:0.81
860	0	26:4.26,430:4.22,338:4.19,135:4.17,125:4.06,548:4.01,101:3.95,629:3.93,487:3.85,964:3.78,181:3.77,905:3.24,966:3.09,82:3.09,621:3.02,1176:2.82,1205:2.8,763:2.78,1114:2.74,1215:2.7,643:2.7,948:2.7,1175:2.62,874:2.58,1103:2.55,906:2.48,1173:2.44,1141:2.37,720:2.36,171:2.25,1174:2.23,1177:2.22,504:0.01,1218:0.01,902:0.01
862	0	185:9.68,550:9.43,320:9.05,383:8.69,975:7.83,591:7.76,75:7.63,95:7.61,1113:7.18,799:6.96,247:6.81,219:6.13,222:5.19,138:0.02,958:0.01,433:0.01,723:0.01
863	0	59:2,321:1.89,1208:1.88,580:1.87,157:1.87,492:1.84,551:1.74,1209:1.68,899:1.65,1139:1.65,840:1.64,434:1.63,126:1.62,656:1.61,78:1.61,38:1.59,801:1.59,1082:1.59,539:1.58,1233:1.56,489:1.51,136:1.51,722:1.47,501:1.47,662:1.46,770:1.46,766:1.45,959:1.43,142:1.41,876:1.41,282:1.41,384:1.4,1142:1.39,1184:1.37,752:1.35,1232:1.35,213:1.32,417:1.29,525:1.27,936:1.27,391:1.26,1211:1.26,436:1.25,925:1.25,229:1.25,583:1.24,634:1.24,962:1.24,1152:1.22,728:1.2,961:1.19,6:1.19,1114:1.18,76:1.14,724:1.13,340:1.13,1173:1.11,112:1.1,1185:1.08,349:1.07,783:1.07,348:1.03,680:1.03,139:1.03,693:1.01,995:1,1158:0.98,141:0.97,688:0.96,381:0.92,859:0.89,714:0.88,590:0.87,977:0.78,389:0.76
865	867	646:2.69,730:2.13,334:2.04,698:2.03,905:2.02,722:1.92,522:1.91,1202:1.91,837:1.85,359:1.82,581:1.78,1117:1.77,279:1.75,805:1.75,480:1.74,855:1.73,446:1.73,1172:1.71,182:1.7,154:1.7,788:1.63,779:1.63,537:1.61,495:1.61,574:1.61,801:1.58,1153:1.56,933:1.55,992:1.48,369:1.47,749:1.44,734:1.44,1003:1.43,103:1.38,1150:1.36,1038:1.35,414:1.34,345:1.33,3:1.33,307:1.32,907:1.3,189:1.26,623:1.26,955:1.26,806:1.25,616:1.24,677:1.23,972:1.22,974:1.22,716:1.2,432:1.19,389:1.17,1200:1.17,567:1.16,572:1.15,977:1.14,1199:1.13,1201:1.1,485:1.1,1146:1.1,300:1.1,923:1.08,1177:1.07,736:1.05,45:0.98,611:0.95,297:0.95,71:0.93,1141:0.91
865	866	646:2.73,837:2.11,359:1.96,581:1.94,730:1.92,1117:1.85,279:1.85,1172:1.84,334:1.83,722:1.83,698:1.81,480:1.76,154:1.75,992:1.75,182:1.74,495:1.72,801:1.7,522:1.68,574:1.66,855:1.64,805:1.6,446:1.6,749:1.59,1202:1.55,788:1.55,1150:1.54,933:1.53,1153:1.5,1003:1.5,905:1.47,3:1.47,103:1.47,369:1.46,716:1.46,537:1.45,779:1.43,623:1.42,572:1.4,974:1.39,677:1.38,189:1.37,734:1.34,307:1.33,616:1.32,806:1.31,1038:1.27,1146:1.25,414:1.25,389:1.24,345:1.24,972:1.23,907:1.19,955:1.18,1199:1.15,1177:1.14,1200:1.12,567:1.1,485:1.07,1201:1.07,45:1.06,300:1.04,71:1.03,611:1.03,432:1.01,977:1,1141:0.98,923:0.97,297:0.94,736:0.94
865	1036	646:2.5,698:2.18,334:2.08,581:2.03,722:1.96,359:1.9,855:1.9,1117:1.88,154:1.87,837:1.84,495:1.83,730:1.83,905:1.83,801:1.81,446:1.8,1202:1.79,992:1.79,480:1.75,537:1.68,749:1.68,779:1.67,279:1.64,805:1.59,933:1.58,103:1.57,1150:1.57,788:1.54,1172:1.52,734:1.5,974:1.49,907:1.48,1003:1.4,574:1.4,1153:1.4,522:1.39,182:1.39,1146:1.38,716:1.37,1200:1.34,369:1.28,677:1.26,307:1.25,345:1.25,189:1.23,389:1.23,300:1.21,414:1.2,3:1.19,955:1.17,623:1.16,572:1.15,1038:1.15,923:1.15,71:1.13,616:1.11,1201:1.1,972:1.1,1199:1.1,611:1.09,1141:1.09,432:1.07,736:1.06,1177:1.06,567:1.05,297:1.02,485:1.01,45:1,977:0.99,806:0.99
868	0	475:4.71,334:4.24,232:4.23,775:4.21,926:3.83,1082:3.7,555:3.59,208:3.5,497:3.49,578:3.46,498:3.46,1225:3.34,1202:3.3,112:3.25,489:3.23,1137:3.06,76:3.02,31:2.95,340:2.94,643:2.92,795:2.89,648:2.89,285:2.87,34:2.81,324:2.75,892:2.69,448:2.69,414:2.63,319:2.57,562:2.49,974:2.27,1028:0.02
871	0	843:2.21,134:2.09,482:2.06,99:1.95,1002:1.92,619:1.89,575:1.88,160:1.83,528:1.83,9:1.82,989:1.81,1183:1.8,718:1.8,1182:1.71,374:1.7,755:1.68,420:1.67,186:1.67,119:1.66,375:1.64,444:1.63,314:1.59,131:1.59,683:1.57,327:1.57,285:1.55,1145:1.53,514:1.51,1003:1.51,224:1.51,606:1.51,343:1.5,870:1.5,55:1.46,541:1.46,1226:1.46,793:1.46,171:1.45,907:1.4,226:1.37,448:1.35,62:1.35,859:1.31,562:1.31,91:1.31,141:1.3,927:1.3,908:1.3,939:1.27,139:1.27,324:1.26,331:1.23,1174:1.23,804:1.19,777:1.19,121:1.17,590:1.17,618:1.16,73:1.15,1001:1.13,87:1.12,199:1.11,714:1.08,381:1.08,773:1.03,1159:1.03,80:1,297:0.85
873	874	491:2.74,135:2.4,181:2.25,629:2.19,101:2.18,338:2.08,548:2.08,110:2.07,964:1.97,430:1.96,125:1.96,861:1.91,379:1.9,26:1.87,368:1.79,905:1.78,169:1.75,594:1.71,487:1.7,89:1.7,1116:1.68,829:1.67,966:1.64,477:1.63,991:1.58,929:1.55,1176:1.53,928:1.46,82:1.45,1205:1.45,3:1.43,1174:1.41,1175:1.41,1114:1.39,948:1.37,460:1.37,1055:1.36,783:1.33,570:1.32,621:1.31,34:1.31,479:1.3,906:1.29,616:1.29,42:1.29,716:1.27,720:1.27,643:1.26,94:1.24,763:1.24,73:1.23,1141:1.23,1103:1.23,171:1.21,31:1.19,1125:1.18,970:1.17,1177:1.17,1123:1.13,432:1.13,1173:1.1,1130:1.08,995:1.04,71:0.99,773:0.92,45:0.91
873	1215	26:2.33,491:2.31,135:2.24,110:2.18,338:2.13,368:2.09,629:1.98,89:1.94,548:1.94,829:1.92,964:1.88,169:1.87,430:1.86,861:1.85,594:1.85,181:1.84,379:1.81,125:1.77,487:1.76,34:1.74,101:1.73,1116:1.67,905:1.65,477:1.55,42:1.54,928:1.53,991:1.53,716:1.49,929:1.48,82:1.48,1055:1.48,643:1.46,1176:1.45,31:1.44,763:1.43,966:1.42,720:1.41,906:1.38,1114:1.38,995:1.38,570:1.33,948:1.33,1130:1.33,621:1.32,1205:1.32,1125:1.31,432:1.29,1175:1.29,3:1.29,1173:1.27,970:1.23,94:1.23,171:1.22,783:1.19,616:1.17,1123:1.16,73:1.12,1103:1.11,45:1.1,460:1.09,1177:1.09,479:1.06,1174:1.04,773:1.02,1141:1,71:0.92
875	0	819:2.74,1013:2.46,820:2.32,1029:2.15,157:2.08,59:2.04,580:2.04,831:1.97,212:1.87,840:1.86,38:1.83,78:1.81,492:1.8,539:1.74,1019:1.74,1139:1.74,642:1.74,752:1.71,656:1.68,282:1.68,766:1.67,494:1.66,1082:1.65,962:1.64,662:1.63,441:1.59,126:1.59,127:1.58,851:1.58,123:1.57,614:1.53,136:1.5,1142:1.5,417:1.46,1232:1.46,525:1.44,213:1.44,936:1.43,783:1.42,6:1.41,925:1.38,801:1.37,1184:1.35,763:1.35,680:1.35,229:1.35,634:1.33,793:1.33,961:1.32,1055:1.31,657:1.31,864:1.3,898:1.28,688:1.26,1185:1.24,693:1.24,1173:1.2,391:1.19,583:1.18,977:1.16,1158:1.15,570:1.14,214:1.13,567:1.03
877	0	237:4.61,107:4.38,106:4.28,559:4.08,645:3.86,57:3.82,895:3.82,890:3.81,336:3.68,68:3.66,564:3.59,563:3.51,1154:3.42,791:3.19,473:3.11,585:2.74,500:2.7,700:2.63,307:2.58,948:2.56,214:2.55,765:2.54,525:2.53,1079:2.5,998:2.48,928:2.44,726:2.37,62:2.28,1158:2.18,479:2.13,785:2.01,1159:1.99,1146:1.97
879	0	1084:4.47,502:3.88,1025:3.74,588:3.68,889:3.66,454:3.62,997:3.41,1004:2.98,706:2.96,892:2.82,1195:2.82,503:2.8,795:2.77,467:2.74,1207:2.66,1076:2.55,936:2.54,927:2.5,1142:2.5,451:2.49,749:2.49,734:2.42,803:2.39,634:2.39,962:2.36,648:2.35,1226:2.34,1148:2.33,736:2.28,1038:2.22,972:2.2,94:2.2,1201:2.17,1199:2.09,806:2.09,618:2.05,1200:2.03,378:0.01
881	0	201:13.41,850:13.37,630:12.94,702:12.24,603:9.99,64:9.96,815:9.48,202:9.37,600:9.24
882	0	1040:3.22,196:3.07,1194:2.84,703:2.83,352:2.71,65:2.62,981:2.58,97:2.58,543:2.58,500:2.53,601:2.51,631:2.48,604:2.47,1206:2.27,1079:2.24,103:2.23,178:2.2,348:2.17,1184:2.16,1149:2.1,462:2.1,122:2.06,349:2.05,1121:2.04,680:2.01,394:2.01,1126:1.97,961:1.96,121:1.91,891:1.9,586:1.88,901:1.85,924:1.85,1006:1.83,319:1.82,804:1.77,1103:1.7,923:1.69,979:1.69,851:1.68,1123:1.68,712:1.65,1130:1.64,790:1.51,1217:1.44,1001:1.42,80:1.32,199:1.18
884	0	649:8.24,967:8.2,299:8.1,584:7.73,577:7.51,709:7.02,707:6.97,695:6.84,654:6.79,322:6.32,983:6.09,198:5.85,355:5.29,176:5.1,781:3.95
885	0	1193:2.69,725:2.63,696:2.62,197:2.58,710:2.46,376:2.43,493:2.31,1041:2.23,1008:2.17,596:2.16,708:2.08,968:2.06,894:2.02,578:1.96,789:1.94,1096:1.92,36:1.91,1081:1.91,952:1.9,917:1.86,455:1.85,650:1.79,655:1.76,883:1.75,887:1.75,752:1.68,1076:1.66,984:1.64,987:1.61,122:1.58,683:1.58,467:1.57,732:1.56,929:1.53,1107:1.51,486:1.51,1121:1.5,755:1.47,1077:1.46,712:1.46,394:1.45,585:1.42,477:1.42,933:1.41,1125:1.39,460:1.39,327:1.37,345:1.37,1116:1.35,803:1.34,728:1.31,768:1.31,300:1.29,331:1.29,1145:1.28,700:1.27,229:1.22,572:1.06
893	0	725:6.61,210:6.09,710:5.66,36:5.6,708:5.54,952:5.43,789:5.27,886:4.94,984:4.9,1077:4.64,394:4.23,732:4.22,122:4.01,755:3.99,1107:3.84,883:3.82,728:3.72,1121:3.59,1125:3.57,803:3.56,572:3.55,768:3.22
897	0	127:2.81,900:2.59,738:2.59,1216:2.57,639:2.54,642:2.52,640:2.5,347:2.38,1000:2.34,215:2.31,1135:2.25,494:2.22,212:2.11,1105:2.06,124:2.05,486:2.01,123:2,1152:1.97,391:1.97,614:1.94,925:1.87,214:1.87,441:1.84,213:1.83,221:1.83,621:1.82,851:1.8,657:1.77,1126:1.75,724:1.74,312:1.71,503:1.68,570:1.68,1107:1.68,765:1.67,583:1.64,387:1.64,891:1.61,979:1.6,386:1.56,945:1.54,1175:1.54,768:1.52,302:1.47,1055:1.45,763:1.44,87:1.44,49:1.42,906:1.42,908:1.33,205:1.31,567:1.31,777:1.29,485:1.2
903	0	626:4.65,909:4.2,993:3.76,1025:3.73,1008:3.69,555:3.57,650:3.47,212:3.33,436:3.33,984:3.28,1105:3.27,473:3.26,208:3.22,706:3.2,1195:3.14,614:3.13,501:3.1,487:3.09,848:3.09,384:3.04,227:2.96,462:2.91,732:2.89,420:2.85,991:2.8,82:2.79,1137:2.67,1077:2.56,657:2.55,205:2.22,1150:2.18,623:2.07
909	0	400:2.91,1093:2.76,834:2.65,674:2.61,1068:2.5,1066:2.48,731:2.47,409:2.47,1015:2.44,1078:2.44,1048:2.42,397:2.4,510:2.35,470:2.35,826:2.34,403:2.31,920:2.3,1067:2.3,1151:2.29,830:2.26,408:2.25,912:2.25,663:2.23,1072:2.23,1030:2.23,637:2.22,407:2.21,1045:2.18,809:2.17,1046:2.15,822:2.14,1023:2.1,743:2.08,1052:2.07,660:2.06,823:2.05,149:2.05,824:2,1034:1.99,1083:1.88,1008:1.83,1025:1.81,1044:1.69,829:1.67,230:1.41
910	0	1131:9.13,200:8.53,322:7.96,633:7.83,93:7.57,504:7.34,705:6.67,396:6.46,636:6.41,148:6.37,659:5.68,1118:5.68,1022:5.06,469:4.6,808:4.59,378:0.04,721:0.03,362:0.02,730:0.02,503:0.01
911	0	1059:3.45,1066:3.41,149:3.22,1050:3.21,397:3.2,1072:3.19,1023:3.17,922:3.17,1083:3.05,1043:3.03,809:2.99,1151:2.96,407:2.95,1012:2.95,745:2.95,731:2.94,827:2.93,470:2.93,660:2.91,408:2.9,1045:2.87,1084:2.86,824:2.85,637:2.77,1052:2.77,920:2.71,743:2.67,1030:2.63,1025:2.62,831:2.59,1034:2.46,1046:2.42,1044:2.22,829:2.15,230:1.9
916	1222	1031:3.6,820:3.5,819:3.44,827:3.38,809:3.34,664:3.32,663:3.25,1191:3.23,1069:3.22,1013:3.22,1128:3.11,1017:3.09,68:3.01,559:2.95,1039:2.89,645:2.88,665:2.84,1009:2.78,890:2.73,1091:2.67,672:2.57,1004:2.48,473:2.37,282:2.29,677:2.28,417:2.26,500:2.23,998:2.14,700:2.03,928:2.02,939:1.99,1153:1.98,1079:1.96,525:1.96,785:1.95,726:1.69,214:1.68,62:1.67
916	917	1069:3.66,827:3.66,1031:3.63,820:3.43,1128:3.39,1017:3.31,819:3.24,664:3.17,809:3.16,1013:3.16,1191:3.11,663:3.09,1091:3.05,1009:3.01,890:2.92,68:2.89,1039:2.89,672:2.87,645:2.83,665:2.82,559:2.77,473:2.52,1004:2.21,282:2.16,417:2.14,726:2.06,500:2.05,1153:2.03,939:1.98,998:1.96,700:1.96,928:1.93,677:1.92,525:1.85,785:1.85,1079:1.81,62:1.78,214:1.73
931	0	676:6.98,153:6.57,413:6.54,278:6.5,446:6.34,521:6.24,836:6.13,2:5.97,192:5.84,114:5.33,44:5.18,748:5.17,363:4.99,70:4.77,566:4.65,781:4.26,47:3.77,438:3.4,697:0.32,954:0.28,388:0.16,480:0.14,855:0.14,369:0.07,189:0.07,581:0.07,307:0.07,616:0.02,735:0.02,299:0.01
932	0	665:3.04,1026:2.7,1042:2.69,1011:2.57,812:2.51,823:2.49,279:2.47,154:2.19,837:2.19,698:2.15,495:2.13,490:2.09,1233:1.99,522:1.98,1153:1.97,1172:1.96,1044:1.92,1117:1.9,103:1.88,574:1.84,779:1.82,749:1.8,1231:1.79,537:1.79,1036:1.75,677:1.73,182:1.73,866:1.69,414:1.68,623:1.66,1232:1.64,788:1.63,432:1.62,972:1.61,572:1.6,806:1.55,1201:1.52,300:1.5,974:1.49,485:1.47,867:1.47,1200:1.44,736:1.42,567:1.42,977:1.41,1199:1.41,1177:1.4,955:1.4,389:1.33,3:1.3,1038:1.27,1141:1.25,71:1.22,297:1.2,1146:1.17,45:1.11,923:1.05
934	0	679:7.69,77:7.61,1162:7.6,156:7.55,839:7.28,751:7.21,633:7.02,5:6.84,219:6.43,1118:6.12,687:5.97,416:5.93,281:5.63,524:5.54,863:5.49,58:0.04,1138:0.02,692:0.02,240:0.01
935	0	580:3.12,244:3.11,539:2.95,146:2.95,840:2.93,492:2.87,831:2.75,157:2.75,136:2.75,59:2.74,1019:2.72,126:2.69,662:2.69,1139:2.68,1029:2.63,656:2.61,38:2.59,78:2.55,1082:2.48,417:2.44,876:2.44,1184:2.44,1142:2.39,282:2.37,525:2.37,6:2.27,1232:2.24,680:2.18,801:2.14,752:2.09,864:2,962:1.98,1185:1.91,229:1.91,693:1.91,1158:1.89,961:1.87,688:1.87,1173:1.78,634:1.76,783:1.73,977:1.46
937	0	61:5.51,682:5.47,419:5.26,527:5.1,313:4.93,159:4.88,754:4.86,986:4.82,8:4.79,796:4.55,842:4.49,1163:4.37,561:4.34,117:4.14,342:4.05,284:3.91,425:3.79,119:3.77,310:3.58,222:3.53,195:3.5,184:3.4,211:2.91,140:0.02,575:0.01,482:0.01,327:0.01
938	0	245:2.84,672:2.61,813:2.53,1016:2.34,134:2.34,1081:2.33,329:2.3,130:2.12,9:2.11,528:2.08,1222:2.03,374:2.02,160:2.02,224:2,843:1.91,1231:1.89,1002:1.86,375:1.86,514:1.81,420:1.77,314:1.76,872:1.76,55:1.75,444:1.75,1145:1.74,718:1.71,230:1.69,927:1.69,131:1.68,683:1.67,285:1.65,541:1.64,186:1.64,755:1.64,859:1.54,793:1.53,226:1.5,141:1.49,73:1.48,343:1.46,1174:1.45,562:1.43,907:1.41,62:1.41,139:1.4,714:1.38,91:1.37,121:1.37,381:1.37,1226:1.32,590:1.3,199:1.25,773:1.19,908:1.19,618:1.19,1001:1.18,1159:1.13,80:1.11,297:1.01
940	941	797:2.57,533:2.46,800:2.45,233:2.34,1049:2.32,449:2.29,499:2.28,950:2.28,380:2.28,217:2.26,372:2.21,857:2.18,1007:2.17,453:2.13,651:2.13,234:2.13,241:2.11,488:2.09,22:2.07,115:2.06,805:2.06,653:2.06,598:2.06,164:2.04,701:2.03,758:2.01,845:2,113:1.98,992:1.94,18:1.94,924:1.91,128:1.9,556:1.89,457:1.89,305:1.88,85:1.84,1148:1.84,887:1.79,423:1.79,546:1.71,1006:1.69,693:1.68,785:1.63,901:1.58,203:1.54,720:1.53,970:1.5,1217:1.42,611:1.41,790:1.33,955:1.32
940	1228	797:2.51,950:2.5,241:2.49,499:2.47,1007:2.45,217:2.41,380:2.35,233:2.34,449:2.32,533:2.3,857:2.28,453:2.25,800:2.21,115:2.2,598:2.19,845:2.19,488:2.16,113:2.15,651:2.1,372:2.09,805:2.09,234:2.09,701:2.08,556:2.04,992:2,1049:1.99,128:1.97,457:1.95,18:1.92,546:1.92,22:1.84,924:1.81,653:1.78,720:1.77,305:1.76,887:1.72,85:1.7,164:1.7,203:1.68,423:1.68,1217:1.67,1148:1.62,693:1.58,1006:1.57,790:1.54,785:1.52,758:1.52,970:1.44,611:1.41,901:1.4,955:1.28
942	0	439:7.19,386:6.4,427:6.26,387:5.84,762:5.79,12:5.7,1171:5.55,292:5.31,193:5.29,691:5.28,566:5.05,166:5.03,294:4.85,1170:4.81,168:4.6,15:4.47,438:4.01,47:3.86,390:0.86,661:0.68,569:0.55,302:0.35,582:0.34,312:0.32,49:0.27,945:0.26,850:0.26,476:0.2,768:0.16,777:0.16,621:0.06,441:0.06,205:0.06,979:0.05,657:0.04,898:0.03
944	0	642:6.01,614:4.84,391:4.61,439:4.4,441:4.35,621:4.33,657:4.3,387:4.24,583:4.18,1055:4.16,898:4.12,570:4,386:3.98,979:3.97,49:3.85,302:3.77,768:3.66,1171:3.6,691:3.6,205:3.58,312:3.48,777:3.18,1170:3.15,438:2.79,47:2.67,494:0.14,851:0.11,212:0.1,123:0.1,127:0.09,943:0.07,925:0.07,567:0.06,213:0.06,763:0.06,762:0.05,214:0.04,168:0.04,193:0.04,294:0.03,427:0.03,15:0.03,12:0.02,566:0.01,166:0.01,876:0.01,292:0.01
946	0	25:11.54,1156:11.04,81:10.76,429:10.43,620:10.08,180:9.76,239:9.61,100:9.6,170:8.97,1140:8.21
947	0	237:2.17,563:1.97,106:1.95,107:1.94,895:1.94,645:1.91,559:1.9,430:1.9,890:1.82,336:1.82,68:1.8,135:1.79,473:1.76,57:1.75,564:1.73,125:1.69,629:1.67,878:1.63,101:1.63,487:1.62,548:1.62,791:1.61,861:1.58,905:1.57,181:1.56,964:1.55,1154:1.53,338:1.49,26:1.48,1176:1.42,82:1.39,998:1.39,906:1.37,966:1.35,282:1.35,1153:1.34,525:1.33,677:1.33,1079:1.3,1004:1.25,585:1.24,500:1.24,1175:1.23,928:1.23,939:1.22,700:1.22,785:1.22,1146:1.21,1103:1.19,621:1.18,417:1.17,1205:1.16,1173:1.16,214:1.15,726:1.14,1158:1.13,874:1.13,62:1.11,763:1.11,1215:1.1,1141:1.1,765:1.1,643:1.08,1114:1.06,720:1.05,479:1.04,307:1.02,171:0.99,1177:0.99,1174:0.94,1159:0.89
949	0	453:2.63,53:2.46,380:2.39,941:2.38,1160:2.32,1049:2.3,800:2.28,217:2.27,598:2.25,845:2.24,857:2.24,234:2.23,128:2.19,701:2.18,1228:2.13,317:2.12,533:2.1,457:2.07,115:2.06,164:2.04,365:1.99,241:1.98,488:1.98,651:1.95,556:1.95,233:1.95,372:1.91,113:1.91,22:1.9,423:1.88,758:1.85,18:1.84,992:1.83,805:1.81,685:1.8,720:1.78,653:1.73,85:1.73,449:1.71,546:1.67,1148:1.67,785:1.67,305:1.6,40:1.58,790:1.52,970:1.52,693:1.51,901:1.48,1217:1.45,203:1.37,611:1.3,955:1.3
951	0	210:6.17,36:5.97,710:5.96,708:5.79,894:5.63,789:5.59,727:5.36,984:4.9,394:4.79,1077:4.5,886:4.49,883:4.16,728:4.11,122:4.08,1107:3.93,803:3.88,1121:3.71,732:3.67,40:3.56,768:3.34,1125:3.22,572:3.17,493:0.01,725:0.01
953	0	484:3.37,299:3.26,43:3.24,1197:3.24,973:3.18,344:3.17,216:3.15,296:3.14,102:3.13,784:3.1,1147:3.1,1196:3.08,371:3.03,747:3.03,1198:3.02,697:2.97,532:2.96,757:2.95,133:2.94,190:2.94,735:2.93,652:2.93,188:2.92,610:2.91,452:2.73,308:2.72,388:2.72,422:2.66,17:2.45,545:2.45,83:2.34,108:2.33,1140:2.21,692:2.11,566:1.59
954	0	242:1.54,143:1.42,797:1.34,1233:1.33,800:1.32,279:1.31,499:1.28,837:1.23,1007:1.23,701:1.22,857:1.22,495:1.21,449:1.2,950:1.2,1232:1.14,128:1.14,698:1.13,233:1.13,372:1.11,598:1.1,941:1.1,845:1.1,926:1.1,154:1.09,788:1.07,453:1.07,533:1.06,488:1.06,369:1.06,855:1.05,1225:1.05,234:1.05,1228:1.05,581:1.04,217:1.03,677:1.03,779:1.02,651:1.01,805:1,241:1,1042:0.99,1200:0.99,1044:0.99,490:0.98,522:0.97,933:0.96,1231:0.95,115:0.94,537:0.94,1096:0.93,1006:0.93,182:0.93,1117:0.92,1153:0.91,85:0.91,574:0.9,867:0.9,720:0.89,103:0.88,653:0.88,18:0.88,1172:0.86,189:0.86,1201:0.85,758:0.85,1148:0.85,749:0.85,924:0.84,887:0.84,546:0.83,611:0.83,992:0.82,1036:0.81,623:0.79,307:0.77,572:0.77,389:0.76,1177:0.75,3:0.74,866:0.74,1038:0.74,693:0.74,414:0.74,923:0.74,423:0.73,806:0.73,972:0.72,785:0.72,901:0.72,567:0.72,974:0.72,616:0.7,734:0.7,1146:0.7,736:0.7,970:0.69,300:0.69,432:0.69,977:0.67,345:0.67,485:0.65,1217:0.64,297:0.64,1141:0.64,1199:0.62,45:0.6,71:0.59,790:0.57
957	0	382:6.53,433:6.26,1138:6.08,582:6.06,994:5.75,111:5.7,435:5.67,721:5.65,140:5.39,550:5.3,388:5.25,138:5.21,589:5.16,723:5.09,320:4.83,95:4.18,75:4.06,390:4.03,1113:3.8
958	0	1209:4.07,770:3.96,1208:3.96,551:3.66,899:3.59,975:3.53,1233:3.37,434:3.35,501:3.34,489:3.29,722:3.11,436:3.09,384:3,213:2.76,583:2.73,142:2.72,391:2.71,724:2.66,1211:2.61,1114:2.6,995:2.59,348:2.57,925:2.56,349:2.47,728:2.45,76:2.4,112:2.39,1152:2.32,714:2.18,139:2.09,864:2.07,141:2.01,381:2,389:1.99,859:1.98,590:1.82
960	962	1029:3.24,580:3.21,59:3.18,831:3.14,157:3.1,492:3.06,1019:2.91,656:2.91,1082:2.86,38:2.84,539:2.84,766:2.82,840:2.81,126:2.81,78:2.77,136:2.67,1139:2.64,1232:2.53,525:2.51,6:2.51,662:2.48,1142:2.48,282:2.43,1184:2.38,752:2.38,801:2.35,417:2.24,1185:2.23,876:2.22,688:2.18,680:2.17,1158:2.14,936:2.14,229:2.05,634:2.03,783:1.91,864:1.85,693:1.73,1173:1.69,977:1.56
960	961	157:3.35,580:3.3,831:3.23,1019:3.11,1139:3.07,662:2.98,38:2.97,59:2.9,492:2.9,136:2.88,126:2.86,539:2.85,656:2.8,1082:2.79,78:2.79,840:2.76,417:2.59,1029:2.57,766:2.5,1232:2.49,1184:2.47,752:2.43,1142:2.38,1185:2.32,801:2.21,6:2.21,680:2.2,936:2.17,229:2.17,282:2.16,688:2.09,876:2.08,864:2.07,1173:2.06,634:2.04,1158:1.95,525:1.92,783:1.9,693:1.88,977:1.6
963	0	491:4.73,125:3.97,548:3.93,135:3.93,430:3.91,26:3.75,101:3.73,181:3.63,861:3.61,338:3.47,629:3.47,487:3.42,905:3.23,82:3.07,621:3.04,763:2.97,1114:2.97,1205:2.94,1176:2.79,966:2.67,948:2.63,643:2.53,874:2.52,1215:2.49,720:2.44,1175:2.43,1173:2.42,906:2.38,1103:2.3,1177:2.22,171:2.22,1174:2.22,1141:1.97
965	0	740:2.09,430:1.85,181:1.84,629:1.8,338:1.77,655:1.76,125:1.75,26:1.72,848:1.67,964:1.63,135:1.63,101:1.61,455:1.61,861:1.6,169:1.57,548:1.57,905:1.54,123:1.5,18:1.48,359:1.46,142:1.45,653:1.44,1176:1.44,487:1.43,494:1.43,1207:1.39,766:1.38,227:1.38,82:1.36,85:1.36,758:1.35,164:1.35,441:1.34,178:1.34,451:1.34,1211:1.33,6:1.33,688:1.33,1149:1.32,22:1.32,621:1.32,870:1.3,606:1.3,726:1.29,497:1.28,423:1.27,987:1.27,1206:1.27,1205:1.26,42:1.24,305:1.24,906:1.23,720:1.23,763:1.21,998:1.21,1114:1.2,189:1.2,369:1.18,546:1.15,312:1.15,874:1.11,586:1.1,226:1.09,1173:1.08,1103:1.07,643:1.07,948:1.02,1174:1.01,171:1.01,1175:1.01,1141:1,1215:0.99,302:0.9,1177:0.88
967	0	596:4.82,197:4.48,376:4.4,853:4.27,1008:4.02,917:3.87,650:3.55,578:3.54,455:3.4,655:3.26,987:3.16,752:3.16,933:3.14,887:3.08,886:3.05,486:3.03,1116:2.97,929:2.81,229:2.77,467:2.77,477:2.77,683:2.75,700:2.7,1076:2.65,585:2.63,327:2.58,712:2.52,300:2.45,1145:2.44,345:2.43,460:2.37,331:2.16
969	0	1228:1.58,845:1.51,89:1.49,800:1.48,380:1.47,24:1.44,241:1.42,598:1.41,488:1.41,651:1.4,128:1.4,533:1.39,317:1.38,950:1.36,941:1.35,887:1.34,857:1.34,115:1.33,379:1.32,217:1.31,653:1.31,53:1.31,701:1.29,457:1.29,368:1.28,234:1.27,716:1.26,758:1.25,372:1.25,305:1.23,556:1.23,1007:1.23,1116:1.23,449:1.22,365:1.2,1049:1.2,113:1.19,233:1.19,22:1.18,110:1.17,992:1.17,929:1.16,928:1.14,477:1.14,85:1.14,453:1.13,18:1.13,805:1.11,720:1.11,924:1.11,901:1.1,42:1.08,1006:1.08,423:1.06,991:1.06,34:1.05,546:1.05,460:1.05,1143:1,594:1,1125:0.99,995:0.99,785:0.98,31:0.97,783:0.93,1123:0.93,1148:0.92,164:0.91,1215:0.89,49:0.88,45:0.88,1217:0.88,432:0.88,693:0.87,73:0.87,874:0.87,790:0.86,203:0.85,1130:0.84,211:0.83,479:0.81,570:0.79,94:0.79,3:0.79,955:0.78,71:0.72,616:0.7,773:0.69,1055:0.59,611:0.54
971	0	378:2.4,997:2.05,362:1.98,502:1.91,880:1.9,200:1.9,480:1.74,504:1.72,454:1.72,154:1.67,581:1.64,1172:1.63,889:1.58,855:1.58,574:1.54,446:1.53,537:1.52,495:1.51,588:1.51,779:1.49,705:1.49,114:1.47,522:1.47,788:1.45,1195:1.42,648:1.42,369:1.39,1148:1.37,182:1.36,867:1.34,706:1.33,892:1.32,503:1.32,94:1.31,623:1.29,634:1.29,451:1.29,1036:1.28,806:1.27,611:1.26,962:1.26,803:1.26,734:1.24,467:1.24,189:1.24,1207:1.23,1076:1.23,866:1.23,795:1.21,974:1.2,736:1.2,1038:1.16,414:1.15,1201:1.14,618:1.13,3:1.11,1146:1.08,307:1.08,923:1.05,572:1.04,616:1.04,345:1.04,432:1.03,45:1.02,567:0.99,977:0.98,300:0.95,955:0.93,1200:0.92,1141:0.9,389:0.89,1199:0.86,71:0.85,485:0.84,297:0.82,1177:0.8
973	0	1042:1.98,232:1.87,475:1.73,208:1.72,578:1.7,698:1.63,775:1.62,837:1.59,279:1.57,1225:1.56,334:1.53,1117:1.51,1233:1.47,490:1.46,1044:1.45,869:1.44,182:1.43,1082:1.43,555:1.42,926:1.39,522:1.36,806:1.35,1202:1.35,1153:1.34,154:1.33,1172:1.3,537:1.27,76:1.26,489:1.24,112:1.24,497:1.24,1232:1.23,734:1.23,498:1.21,677:1.2,495:1.19,623:1.18,749:1.17,574:1.17,933:1.17,1231:1.15,795:1.14,285:1.13,892:1.13,866:1.13,567:1.13,779:1.13,1036:1.1,867:1.09,648:1.09,324:1.08,448:1.08,3:1.08,31:1.08,103:1.07,34:1.07,319:1.05,616:1.03,414:1.02,1201:1,1200:0.99,1038:0.97,788:0.97,45:0.96,611:0.93,562:0.92,1137:0.92,1199:0.92,1146:0.92,345:0.91,300:0.9,955:0.89,432:0.89,1141:0.87,736:0.87,972:0.87,71:0.86,572:0.85,1177:0.84,389:0.78,923:0.78,643:0.76,485:0.76,977:0.7,297:0.66
976	0	1117:2.58,279:2.56,581:2.55,855:2.41,446:2.36,837:2.34,480:2.31,1172:2.31,154:2.26,522:2.19,788:2.12,495:2.12,1153:2.09,698:2.09,779:2.06,574:2.01,537:1.99,749:1.96,677:1.92,933:1.89,182:1.87,414:1.85,623:1.76,189:1.74,103:1.72,1036:1.7,611:1.7,345:1.69,3:1.68,867:1.67,307:1.65,866:1.65,974:1.65,369:1.64,1201:1.6,432:1.6,1038:1.55,736:1.53,806:1.51,1199:1.51,389:1.46,955:1.44,567:1.44,616:1.43,734:1.4,1141:1.4,1200:1.39,300:1.36,45:1.35,485:1.31,972:1.31,71:1.3,1177:1.29,572:1.27,1146:1.25,923:1.14,297:1.06,1233:0.01
978	0	127:4.61,642:4.11,494:3.84,212:3.67,614:3.53,213:3.52,123:3.31,391:3.29,441:3.28,439:3.23,925:3.22,657:3.19,851:3.19,898:3.05,302:3.04,621:3.04,386:2.98,214:2.92,763:2.92,312:2.91,570:2.9,1055:2.78,567:2.78,583:2.66,1171:2.62,945:2.62,387:2.61,205:2.58,49:2.55,768:2.43,1170:2.43,438:2.05,777:2.01,876:0.03,662:0.03,168:0.02,943:0.02,691:0.01,762:0.01,12:0.01
980	0	703:3.14,196:3.06,352:2.96,1194:2.9,543:2.81,411:2.8,601:2.78,631:2.77,97:2.76,394:2.53,604:2.51,65:2.43,883:2.39,1121:2.37,1149:2.3,1206:2.25,500:2.21,462:2.2,891:2.2,1126:2.17,712:2.04,348:2.03,924:1.98,979:1.95,1006:1.95,349:1.95,586:1.95,1079:1.95,178:1.93,122:1.93,203:1.91,319:1.87,851:1.85,124:1.84,1217:1.79,804:1.79,961:1.76,1130:1.75,901:1.74,121:1.7,923:1.67,1103:1.64,1123:1.62,790:1.62,199:1.47,1001:1.43,80:1.35
982	0	435:20.95,695:17.87,885:16.73,176:15.8,355:15.61,781:9.96,707:0.37,35:0.34,382:0.31,709:0.27,704:0.23,903:0.22,649:0.2,81:0.2,1109:0.17,802:0.15,727:0.13,383:0.13,184:0.12,40:0.11,399:0.07,1171:0.06
983	0	725:2.73,696:2.71,626:2.54,1193:2.5,904:2.5,894:2.48,36:2.42,493:2.42,952:2.34,1025:2.28,710:2.25,708:2.21,1096:2.2,909:2.2,993:2.13,1041:2.08,789:2.02,650:2.01,1008:1.97,462:1.92,501:1.91,473:1.88,487:1.86,555:1.85,227:1.85,394:1.79,436:1.77,883:1.77,384:1.75,208:1.75,212:1.72,82:1.71,886:1.69,1077:1.68,1195:1.67,755:1.66,848:1.63,728:1.59,614:1.57,420:1.56,1121:1.56,122:1.52,706:1.52,1107:1.51,1137:1.5,803:1.46,991:1.45,1125:1.44,732:1.35,572:1.35,657:1.34,623:1.15,205:1.14,768:1.14
985	0	61:4.06,938:3.99,527:3.93,682:3.89,1183:3.72,8:3.69,419:3.66,796:3.61,989:3.59,313:3.55,159:3.54,561:3.53,119:3.52,575:3.47,1182:3.46,482:3.44,842:3.43,1163:3.28,754:3.26,117:2.97,284:2.86,222:2.81,184:2.81,195:2.78,342:2.76,310:2.7,425:2.51,171:2.46,331:2.38,211:2.37,777:1.97
988	0	527:2.72,754:2.64,986:2.6,842:2.6,99:2.48,619:2.46,718:2.42,1163:2.39,1183:2.33,55:2.31,482:2.27,1003:2.17,375:2.16,444:2.15,119:2.15,575:2.15,514:2.14,224:2.11,1182:2.1,186:2.09,606:2.05,314:2.05,117:2.02,872:1.91,870:1.84,310:1.83,327:1.8,195:1.8,374:1.76,141:1.75,184:1.75,1159:1.75,541:1.74,381:1.71,324:1.71,331:1.69,211:1.63,171:1.57,87:1.55,804:1.54,448:1.54,714:1.51,590:1.5,80:1.49,199:1.46,226:1.45,618:1.45,773:1.37,139:1.36,777:1.36,859:1.32,1001:1.21,297:1.06,682:0.02,313:0.01
990	0	626:2.59,904:2.41,993:1.99,909:1.95,1025:1.94,89:1.91,110:1.9,473:1.86,829:1.82,487:1.8,379:1.8,1008:1.79,594:1.75,848:1.74,212:1.71,208:1.69,501:1.65,984:1.64,368:1.63,555:1.6,82:1.59,650:1.53,1105:1.53,1195:1.52,420:1.52,477:1.5,227:1.5,462:1.5,42:1.48,706:1.47,169:1.46,1137:1.45,384:1.44,929:1.44,436:1.43,614:1.42,928:1.41,783:1.4,732:1.39,31:1.37,995:1.36,1130:1.35,1125:1.34,205:1.34,716:1.32,1116:1.32,1150:1.32,1077:1.31,874:1.31,460:1.29,3:1.27,34:1.27,657:1.27,1215:1.26,616:1.21,94:1.2,1055:1.2,570:1.18,479:1.15,71:1.11,432:1.09,623:1.08,45:1.08,1123:1.05,970:1,73:0.98,49:0.94,773:0.88
994	0	592:2.34,818:2.3,830:2.23,1041:2.08,1040:2.08,434:2.07,1020:2.01,594:1.94,1208:1.9,1019:1.85,959:1.81,1209:1.79,1039:1.78,722:1.77,1139:1.75,770:1.74,829:1.73,551:1.73,89:1.64,489:1.59,384:1.58,169:1.52,1233:1.51,991:1.5,110:1.49,724:1.46,391:1.46,501:1.45,716:1.42,112:1.38,925:1.37,928:1.34,31:1.29,436:1.28,864:1.27,1152:1.26,34:1.25,213:1.24,76:1.24,477:1.24,1114:1.23,929:1.23,1211:1.23,142:1.22,1116:1.22,583:1.18,3:1.16,94:1.16,874:1.15,728:1.14,1215:1.13,479:1.13,570:1.12,970:1.12,783:1.09,71:1.09,389:1.09,1125:1.07,45:1.07,859:1.07,1055:1.06,432:1.06,1130:0.98,139:0.98,714:0.97,590:0.96,1123:0.95,73:0.93,773:0.9,381:0.9,460:0.89,141:0.84
996	0	378:4.02,588:3.82,880:3.71,362:3.68,889:3.48,502:3.34,454:3.25,1004:3.12,706:3,705:2.95,504:2.86,1195:2.75,1207:2.68,803:2.59,936:2.56,467:2.53,451:2.5,795:2.49,1076:2.41,1142:2.4,503:2.36,962:2.36,634:2.28,892:2.26,734:2.23,648:2.23,1201:2.22,1148:2.18,927:2.13,806:2.13,1226:2.09,749:2.03,94:2,736:1.98,1199:1.94,1038:1.93,972:1.92,618:1.84,1200:1.75
999	0	1027:4.94,900:4.58,738:4.53,609:4.43,496:4.38,347:4.31,640:4.26,1135:4.24,639:4.23,1216:4.13,1016:3.73,891:3.49,498:3.26,486:3.25,724:3.14,343:3.14,1152:3.13,765:3.12,503:3.09,1107:3.05,131:2.96,1185:2.92,898:2.72,906:2.68,1175:2.67,87:2.58,91:2.44,908:2.44,485:2.16
1021	0	608:10.31,1164:8.09,730:6.58,636:6.15,396:5.97,215:5.92,148:5.9,1105:5.81,911:5.6,124:5.5,1126:5.38,221:5.23,659:5.23,1150:4.96,469:4.57,342:4.51,808:4.18,867:0.02,646:0.02,347:0.01,723:0.01,801:0.01,900:0.01,1003:0.01,721:0.01,866:0.01
1022	0	402:3.59,731:3.52,1094:3.48,921:3.35,1086:3.3,1072:3.24,397:3.23,1043:3.2,470:3.17,144:3.16,1046:3.1,149:3.09,1066:3.06,660:3.02,743:3.02,1083:2.99,407:2.98,1045:2.95,1052:2.93,637:2.93,920:2.91,809:2.91,408:2.9,912:2.89,1030:2.84,1151:2.81,1027:2.73,1034:2.72,824:2.6,829:2.52,1016:2.48,1044:2.21,1185:2.17,230:2
1024	0	922:5.31,745:5.26,1050:5.2,1059:5.14,827:4.97,1084:4.75,1012:4.74,912:4.7,880:4.23,502:3.81,889:3.8,454:3.65,831:3.56,706:3.19,1004:3.15,936:2.86,451:2.8,94:2.79,749:2.79,1195:2.78,634:2.72,927:2.69,1226:2.65,1142:2.65,962:2.63,1148:2.56,1038:2.44,806:2.18
1036	0	1094:2.62,1035:2.61,909:2.2,1030:2.14,920:2.04,1046:2.04,637:2.03,812:2,1083:1.93,823:1.9,1042:1.85,1045:1.85,665:1.84,1026:1.79,824:1.79,1011:1.79,740:1.75,1034:1.75,490:1.74,334:1.72,1117:1.67,359:1.6,829:1.57,698:1.52,992:1.52,837:1.51,1233:1.46,495:1.45,905:1.45,279:1.45,154:1.44,1038:1.42,1172:1.41,677:1.4,788:1.39,522:1.38,749:1.36,722:1.34,1202:1.33,933:1.33,432:1.32,1153:1.31,182:1.31,1232:1.29,103:1.28,230:1.26,623:1.25,1231:1.24,907:1.21,537:1.19,414:1.18,716:1.16,1177:1.09,389:1.06,1200:1.05,567:1.04,736:1.02,977:1.01,1201:1.01,974:1,45:0.99,485:0.99,3:0.97,71:0.97,923:0.95,1199:0.95,806:0.9,1141:0.82,955:0.8
1037	0	1084:2.03,1042:1.79,454:1.71,880:1.67,889:1.59,1025:1.51,588:1.51,997:1.48,837:1.46,855:1.44,490:1.42,502:1.42,1004:1.37,1153:1.34,1117:1.33,522:1.33,677:1.32,279:1.29,698:1.27,933:1.25,537:1.24,154:1.22,962:1.22,706:1.22,788:1.2,451:1.2,1233:1.19,1231:1.19,1195:1.18,1232:1.18,779:1.17,574:1.16,1076:1.16,495:1.15,867:1.15,648:1.14,1044:1.14,103:1.13,892:1.12,1226:1.12,1172:1.12,749:1.1,581:1.09,467:1.09,345:1.08,1142:1.08,936:1.07,182:1.07,974:1.07,189:1.05,803:1.03,503:1.03,866:1.02,369:1.02,734:1.01,1199:1.01,432:1.01,795:1,1207:1,1036:0.98,3:0.98,1177:0.98,618:0.98,955:0.97,634:0.97,1148:0.96,300:0.96,414:0.95,927:0.95,1200:0.95,94:0.93,611:0.92,623:0.92,297:0.9,71:0.89,806:0.87,1141:0.87,977:0.85,567:0.83,572:0.83,45:0.8,972:0.8,1146:0.79,1201:0.78,616:0.77,485:0.77,307:0.76,923:0.73,389:0.72,736:0.68
1101	0	322:3.36,535:3.27,316:3.23,287:3.23,1111:3.01,760:2.99,198:2.99,20:2.97,83:2.93,902:2.88,162:2.88,137:2.86,289:2.84,206:2.82,108:2.78,466:2.77,1218:2.69,530:2.65,365:2.57,385:2.55,471:2.54,1160:2.53,457:2.47,1133:2.47,113:2.44,317:2.44,956:2.39,1049:2.31,1143:2.3,215:2.25,556:2.21,53:2.2,40:1.99,425:1.94,659:1.94,22:1.88,164:1.87,685:1.86,945:1.7
1104	0	888:3.8,625:3.79,1164:3.63,802:3.34,993:3.33,1216:3.32,383:3.29,347:3.13,1135:3.1,650:3.03,900:2.99,1109:2.8,215:2.76,221:2.75,436:2.7,732:2.66,848:2.65,1077:2.59,82:2.53,614:2.48,227:2.46,124:2.46,705:2.41,342:2.37,898:2.36,1126:2.36,657:2.28,503:2.24,1171:2.16,1022:2.16,1150:2.14,1137:2.14,399:2.04,87:2.04,623:2.03,205:1.99,765:1.93,485:1.76
1106	0	347:4.89,609:4.86,1216:4.41,640:4.37,738:4.36,1135:4.34,900:4.28,1000:4.24,639:4.15,496:4.08,498:3.6,486:3.44,891:3.35,898:3.2,343:3.08,131:3.08,1126:3.07,503:3,1185:2.96,124:2.95,724:2.93,91:2.87,1152:2.86,765:2.83,1175:2.79,906:2.68,908:2.68,87:2.59,485:2.05,1086:0.01
1108	0	888:5.07,625:4.73,774:4.62,51:4.6,105:4.26,802:4.18,383:3.98,28:3.96,95:3.93,705:3.79,75:3.65,207:3.54,247:3.53,399:3.34,1105:3.24,1150:3.19,227:3.14,221:3.01,82:2.98,1005:2.96,561:2.93,340:2.89,284:2.81,195:2.77,685:2.77,469:2.75,1171:2.6,1170:2.43,205:2.35
1110	0	287:7.51,535:6.88,1218:6.14,198:6.12,853:6.05,376:6.01,902:5.98,1102:5.31,1133:4.98,215:4.94,1143:4.81,460:4.41,712:4.28,1076:4.25,327:4.04,659:4.01,345:3.89,945:3.63,300:3.43,331:3.26,455:0.02,322:0.02,650:0.01,467:0.01,1116:0.01
1112	0	958:4.81,354:4.78,353:4.75,628:4.59,721:4.58,442:4.38,140:4.38,180:4.17,723:4.17,589:4.02,429:4.01,138:4.01,388:4,239:3.83,185:3.81,612:3.78,550:3.75,591:3.71,390:3.7,320:3.67,95:3.36,75:3.23,247:3.19,222:2.58,863:2.51,762:2.23
1113	0	491:2.54,1209:2.19,770:2.1,959:1.96,135:1.95,964:1.92,26:1.9,861:1.87,1208:1.85,629:1.85,125:1.82,722:1.81,181:1.75,899:1.75,384:1.74,434:1.73,975:1.73,551:1.73,487:1.71,501:1.68,430:1.68,548:1.64,1175:1.63,101:1.6,489:1.57,1211:1.56,112:1.54,338:1.54,1205:1.54,905:1.49,728:1.48,142:1.47,82:1.41,436:1.4,1152:1.39,349:1.37,391:1.37,948:1.36,583:1.34,76:1.34,348:1.32,1176:1.32,966:1.31,1141:1.31,763:1.31,213:1.29,643:1.28,1103:1.24,864:1.23,1215:1.23,995:1.22,389:1.2,906:1.19,859:1.19,724:1.18,714:1.17,621:1.16,1173:1.16,925:1.13,139:1.12,590:1.1,1177:1.08,171:1.05,381:1.02,874:0.99,141:0.98,1174:0.98,720:0.94
1115	0	968:2.7,596:2.55,197:2.32,917:2.1,376:2.09,1008:2.05,594:2.03,655:2.03,886:2,89:1.98,853:1.97,110:1.94,379:1.93,368:1.92,829:1.77,578:1.74,455:1.74,991:1.71,650:1.67,169:1.66,42:1.56,460:1.56,929:1.52,486:1.5,477:1.49,716:1.49,467:1.47,327:1.47,34:1.43,887:1.43,987:1.43,683:1.4,31:1.4,933:1.38,783:1.38,585:1.38,1145:1.37,1076:1.37,752:1.37,94:1.37,345:1.36,229:1.36,995:1.35,945:1.33,479:1.33,1125:1.33,3:1.32,712:1.3,331:1.29,1130:1.28,970:1.28,570:1.27,700:1.26,1123:1.24,928:1.23,300:1.16,1055:1.15,874:1.15,616:1.14,432:1.11,1215:1.1,49:1.08,73:1.06,71:0.98,773:0.96,45:0.91
1119	0	625:8.75,802:7.81,993:7.73,383:7.36,1109:6.42,705:5.9,1105:5.62,732:5.47,657:5.33,1077:5.32,1137:5.18,82:5.11,227:5.03,399:5.01,1150:4.94,1171:4.59,205:4.25,904:0.03,355:0.03,983:0.02,848:0.02,436:0.02,991:0.02,614:0.02,650:0.01,984:0.01
1120	0	196:3,703:2.76,631:2.75,411:2.69,352:2.62,981:2.6,97:2.59,543:2.49,604:2.45,1194:2.45,601:2.37,65:2.36,891:2.35,500:2.2,1184:2.17,394:2.13,1149:2.13,124:2.09,1126:2.06,348:2.06,883:2.06,462:2.01,924:1.99,178:1.97,586:1.94,1079:1.93,319:1.9,349:1.89,1206:1.84,680:1.83,851:1.83,122:1.82,712:1.77,1006:1.76,103:1.72,979:1.7,1103:1.65,961:1.65,121:1.65,804:1.65,1123:1.64,790:1.63,1217:1.59,1001:1.57,203:1.52,1130:1.51,901:1.51,199:1.49,80:1.42,923:1.24
1122	1123	196:3.11,411:2.91,1194:2.88,352:2.84,631:2.77,703:2.74,981:2.67,543:2.54,604:2.53,97:2.49,394:2.38,1126:2.37,65:2.34,601:2.34,680:2.2,103:2.19,924:2.18,891:2.17,124:2.13,462:2.13,883:2.09,178:2.05,1149:2.02,349:2.02,1079:2,122:1.96,1121:1.95,586:1.92,1006:1.92,851:1.89,500:1.88,348:1.88,979:1.79,961:1.78,1206:1.78,712:1.77,319:1.76,1103:1.74,1217:1.73,121:1.71,1001:1.69,804:1.66,203:1.65,790:1.59,80:1.54,199:1.51,901:1.5,923:1.31
1122	1130	196:2.86,703:2.8,1194:2.79,411:2.69,604:2.69,543:2.66,631:2.6,981:2.59,601:2.57,394:2.57,97:2.56,352:2.51,65:2.41,462:2.33,883:2.31,500:2.22,1126:2.21,124:2.16,178:2.14,891:2.05,1079:2.05,586:2.03,851:2.03,319:2.01,961:2,1149:2,103:1.99,1206:1.96,1121:1.93,1103:1.93,1006:1.91,804:1.91,349:1.87,924:1.86,901:1.86,680:1.86,121:1.8,122:1.79,979:1.76,203:1.76,348:1.71,1217:1.69,712:1.61,790:1.52,1001:1.43,923:1.4,199:1.34,80:1.27
1124	0	68:3.83,559:3.56,645:3.49,1154:3.46,895:3.45,563:3.44,1039:3.4,336:3.35,564:3.28,917:3.27,878:3.17,1004:3.03,473:3,1222:2.72,791:2.72,765:2.65,700:2.62,585:2.62,500:2.55,677:2.41,417:2.39,282:2.38,525:2.35,928:2.34,1079:2.34,1153:2.33,307:2.23,948:2.19,998:2.14,939:2.08,1158:2.04,726:2.04,785:2.01,214:1.97,479:1.91,1146:1.81,62:1.77,1159:1.66
1126	0	811:2.58,1010:2.45,1040:1.98,1027:1.96,601:1.92,609:1.9,347:1.87,640:1.85,496:1.85,196:1.82,738:1.79,352:1.74,900:1.73,1000:1.72,1016:1.72,639:1.7,631:1.69,1216:1.66,1135:1.64,97:1.61,65:1.54,543:1.46,1107:1.44,1184:1.44,498:1.44,604:1.43,486:1.4,500:1.38,979:1.38,178:1.38,1079:1.37,394:1.36,1006:1.34,1149:1.34,1206:1.33,981:1.33,851:1.32,680:1.3,712:1.3,1185:1.29,924:1.27,131:1.24,765:1.24,462:1.23,898:1.23,1103:1.21,883:1.19,1121:1.17,87:1.17,1152:1.16,503:1.16,343:1.14,103:1.13,319:1.12,121:1.11,804:1.1,901:1.09,906:1.08,724:1.08,91:1.07,790:1.05,1175:1.04,485:1.02,586:1,961:1,908:0.98,1130:0.97,1217:0.97,1001:0.89,1123:0.86,923:0.79,80:0.76,199:0.73
1131	0	1084:4.39,502:3.97,1025:3.79,997:3.74,588:3.73,454:3.6,880:3.39,706:3.24,1004:3.03,1195:2.94,1207:2.78,1142:2.58,795:2.58,648:2.57,962:2.56,749:2.55,467:2.55,936:2.54,451:2.51,1148:2.49,803:2.47,1076:2.44,503:2.42,892:2.42,972:2.41,1199:2.39,1226:2.37,634:2.35,734:2.35,94:2.31,1038:2.3,806:2.19,618:2.08,1201:2.06,927:2.04,1200:1.94,736:1.91,200:0.01,922:0.01
1132	0	535:2.89,287:2.86,1111:2.85,137:2.79,289:2.71,853:2.7,316:2.68,760:2.67,162:2.64,198:2.62,20:2.62,845:2.6,471:2.59,206:2.56,322:2.54,902:2.44,1218:2.43,530:2.42,385:2.39,108:2.39,380:2.37,466:2.37,317:2.32,1102:2.18,1160:2.17,956:2.15,457:2.14,365:2.13,53:2.12,1049:2.11,215:2.1,113:2.08,556:2,22:1.97,1143:1.94,659:1.88,40:1.83,305:1.8,685:1.8,425:1.68,331:1.65,164:1.64,203:1.62,945:1.56
1133	0	1085:1.99,1018:1.75,968:1.69,1027:1.64,1028:1.63,596:1.59,1011:1.58,798:1.55,598:1.5,197:1.48,242:1.47,1007:1.45,143:1.45,1008:1.44,1026:1.43,655:1.42,241:1.37,1029:1.36,857:1.36,499:1.35,1081:1.35,797:1.34,115:1.34,533:1.33,917:1.32,701:1.32,941:1.31,1096:1.29,824:1.28,455:1.26,987:1.24,467:1.22,800:1.22,217:1.22,886:1.21,1225:1.2,578:1.2,233:1.2,933:1.19,950:1.19,758:1.18,453:1.18,651:1.18,128:1.17,486:1.15,1145:1.14,488:1.14,85:1.13,372:1.13,650:1.13,229:1.1,449:1.1,752:1.09,926:1.08,1228:1.06,18:1.05,805:1.01,546:1,423:1,924:0.98,712:0.96,611:0.96,785:0.96,992:0.96,1076:0.96,790:0.95,700:0.94,345:0.94,460:0.93,1006:0.92,1148:0.91,693:0.91,970:0.9,1116:0.9,585:0.89,929:0.88,720:0.88,327:0.87,683:0.85,901:0.85,1217:0.84,955:0.8,653:0.8,477:0.76,300:0.75
1134	0	640:5.22,1000:5.19,738:5.01,496:4.92,639:4.87,900:4.87,1216:4.8,347:4.64,1105:4.27,221:3.79,503:3.77,1152:3.58,1107:3.52,765:3.5,486:3.49,87:3.46,1175:3.45,891:3.39,124:3.35,898:3.35,1126:3.29,724:3.25,906:2.97,908:2.74,91:2.74,485:2.57
1136	0	378:2.32,880:2.31,200:2.3,889:2.29,775:2.27,869:2.22,475:2.09,362:2.06,502:2.06,705:1.95,28:1.93,454:1.9,588:1.89,997:1.88,555:1.86,232:1.83,706:1.8,498:1.79,578:1.78,497:1.69,334:1.63,1202:1.63,504:1.63,1195:1.62,795:1.61,221:1.58,208:1.54,1076:1.51,927:1.48,76:1.47,749:1.45,112:1.43,1137:1.43,503:1.43,803:1.4,1207:1.4,448:1.39,451:1.39,648:1.39,319:1.38,467:1.36,324:1.36,1038:1.36,34:1.36,340:1.35,31:1.34,414:1.34,962:1.32,1199:1.32,972:1.3,634:1.29,806:1.27,562:1.26,734:1.25,1226:1.24,936:1.21,643:1.19,94:1.19,974:1.16,1148:1.16,736:1.12,1200:1.11,618:1.08,1201:1.05
1138	0	746:2.39,744:2.39,519:2.39,401:2.29,510:2.28,1070:2.26,248:2.19,818:2.14,592:2.13,1047:2.04,244:2.02,1045:1.98,1020:1.92,664:1.85,830:1.84,59:1.82,831:1.8,959:1.79,492:1.7,146:1.7,1029:1.69,136:1.65,722:1.65,38:1.63,551:1.62,1082:1.61,157:1.6,840:1.59,662:1.57,489:1.56,384:1.55,1019:1.53,1184:1.5,1185:1.49,1233:1.45,78:1.44,1232:1.44,142:1.44,417:1.39,876:1.38,501:1.38,864:1.37,752:1.36,680:1.35,1142:1.33,724:1.31,925:1.31,728:1.3,213:1.27,282:1.26,229:1.24,995:1.24,961:1.21,1173:1.21,1211:1.21,6:1.2,936:1.19,693:1.17,1152:1.17,634:1.17,525:1.14,962:0.99,714:0.92
1140	0	26:1.72,548:1.65,135:1.65,522:1.62,181:1.61,125:1.59,338:1.59,779:1.55,855:1.51,964:1.51,629:1.5,446:1.48,430:1.46,861:1.45,279:1.43,487:1.4,677:1.39,837:1.39,574:1.35,698:1.34,101:1.31,763:1.29,1153:1.29,154:1.29,490:1.27,495:1.26,788:1.23,1176:1.22,933:1.2,82:1.2,621:1.17,966:1.16,537:1.16,749:1.15,581:1.15,1117:1.14,1205:1.14,906:1.13,905:1.12,1172:1.12,103:1.12,480:1.11,307:1.11,1038:1.1,182:1.09,189:1.09,1036:1.06,1215:1.06,734:1.04,414:1.03,866:1.03,974:1.03,643:1.02,867:1.02,955:1.01,1114:1.01,720:1,1173:1,432:0.99,972:0.99,171:0.98,369:0.98,1103:0.97,948:0.96,1175:0.96,611:0.94,874:0.93,572:0.92,345:0.92,1177:0.92,806:0.91,1201:0.89,1174:0.89,736:0.89,3:0.89,616:0.89,300:0.89,567:0.88,623:0.86,1200:0.81,1146:0.79,923:0.78,1199:0.78,977:0.77,485:0.77,71:0.7,389:0.7,45:0.69,297:0.64
1143	0	197:2.7,596:2.42,968:2.35,1041:2.3,1040:2.26,89:2.09,1081:2.06,376:2.06,1039:2,1008:1.98,368:1.97,917:1.96,594:1.9,829:1.83,655:1.81,169:1.8,650:1.79,886:1.76,578:1.73,752:1.72,585:1.64,455:1.63,327:1.61,467:1.57,1116:1.56,486:1.56,987:1.53,683:1.53,887:1.53,229:1.48,110:1.48,933:1.47,928:1.46,700:1.44,991:1.43,34:1.41,570:1.4,1125:1.39,874:1.39,331:1.38,3:1.37,716:1.36,460:1.32,1076:1.31,94:1.3,1130:1.28,1055:1.27,783:1.24,477:1.24,479:1.23,616:1.23,432:1.23,345:1.22,1215:1.21,995:1.2,970:1.2,1145:1.19,31:1.12,1123:1.1,73:1.08,773:1.06,300:1.03,45:1,71:0.92,712:0.91
1144	0	1040:2.19,68:2.08,563:2.05,645:2.05,564:2.04,1041:2.04,878:2,368:1.99,1039:1.98,559:1.91,895:1.87,917:1.87,1154:1.81,890:1.79,1004:1.69,89:1.68,336:1.66,929:1.65,500:1.65,829:1.59,791:1.57,110:1.56,594:1.53,473:1.5,34:1.46,1222:1.44,477:1.41,169:1.4,417:1.4,1079:1.37,282:1.35,677:1.34,998:1.34,1116:1.34,991:1.33,716:1.32,765:1.32,726:1.3,525:1.28,585:1.27,1153:1.25,3:1.23,700:1.23,939:1.23,785:1.21,570:1.21,995:1.18,214:1.18,460:1.17,31:1.17,1158:1.15,783:1.14,94:1.13,479:1.11,1125:1.1,73:1.1,874:1.08,970:1.08,1146:1.07,71:1.07,1055:1.03,948:1.02,1215:1.01,1130:1,307:0.99,773:0.99,432:0.95,1159:0.94,45:0.93,1123:0.89,616:0.88,62:0.86
1147	0	1084:1.86,143:1.83,889:1.74,857:1.73,1025:1.68,454:1.64,880:1.6,797:1.57,1004:1.53,588:1.52,651:1.52,217:1.5,1007:1.48,242:1.48,449:1.44,502:1.43,997:1.41,950:1.4,499:1.4,453:1.4,598:1.37,128:1.37,372:1.36,533:1.36,233:1.36,701:1.35,488:1.34,1225:1.33,241:1.32,941:1.3,1195:1.26,115:1.25,800:1.25,706:1.24,234:1.23,1228:1.21,936:1.2,992:1.19,451:1.19,926:1.17,1142:1.17,1207:1.16,423:1.13,805:1.12,758:1.12,1096:1.12,1076:1.11,18:1.11,546:1.09,648:1.08,962:1.08,94:1.07,845:1.07,653:1.06,467:1.05,85:1.03,887:1.03,749:1.03,927:1.02,1200:0.99,795:0.99,892:0.97,803:0.96,970:0.95,1006:0.94,736:0.9,972:0.9,785:0.89,611:0.88,1217:0.88,720:0.88,1199:0.88,806:0.87,503:0.87,924:0.87,1201:0.86,955:0.84,1038:0.84,1226:0.82,693:0.8,790:0.79,618:0.78,734:0.78,634:0.75,901:0.66
1150	0	1048:2.73,1067:2.7,1093:2.68,403:2.66,1072:2.58,1068:2.55,1023:2.54,826:2.54,1078:2.53,834:2.46,400:2.45,674:2.44,743:2.34,409:2.33,1052:2.32,510:2.31,822:2.29,731:2.27,397:2.26,1066:2.24,1034:2.19,1046:2.19,830:2.19,149:2.18,663:2.18,408:2.17,823:2.17,1043:2.16,1083:2.15,1025:2.15,809:2.14,920:2.12,912:2.12,470:2.11,637:2.1,407:2.09,1015:2.09,660:2.02,1008:1.97,1030:1.96,824:1.91,1045:1.85,829:1.66,1044:1.54,230:1.37
1155	0	24:4.52,105:4.24,93:4.09,828:3.99,51:3.97,379:3.46,75:3.44,28:3.43,368:3.36,207:3.33,1143:3.3,247:3.17,1109:3.09,1144:2.96,221:2.87,685:2.79,363:2.79,42:2.77,284:2.71,340:2.7,469:2.68,70:2.63,1137:2.58,2:2.5,643:2.47,44:2.47,324:2.46,195:2.4,49:2.3,15:2.2,1170:2.2,168:2.13,211:2.05,616:1.94,95:0.01
1168	439	943:5.21,387:4.97,427:4.93,386:4.84,193:4.68,312:4.67,292:4.63,302:4.46,691:4.46,1171:4.45,762:4.45,166:4.36,12:4.34,168:4.16,294:4.09,768:4.08,205:4.02,945:3.97,15:3.91,49:3.83,438:3.37,777:3.22,47:3.18,441:0.24,657:0.18,583:0.17,621:0.14,979:0.14,570:0.12,566:0.08,898:0.08,123:0.07,661:0.07,127:0.07,390:0.06,642:0.06,212:0.06,614:0.04,925:0.03,391:0.02,214:0.02,851:0.02,567:0.02,213:0.01,763:0.01,569:0.01
1168	1170	943:5.41,427:5.29,387:4.76,386:4.74,292:4.71,762:4.52,12:4.47,168:4.23,302:4.2,294:4.17,691:4.16,15:4.14,1171:4.08,312:4.07,768:4.06,193:4.05,945:4.02,205:3.95,166:3.91,49:3.7,777:3.53,47:2.96,438:2.87,441:0.46,979:0.34,657:0.34,898:0.29,570:0.29,621:0.28,583:0.25,642:0.2,390:0.19,127:0.17,212:0.16,661:0.14,123:0.14,566:0.14,213:0.1,614:0.09,391:0.09,569:0.08,925:0.07,214:0.05,1055:0.05,763:0.04,567:0.02,851:0.02
1169	439	943:5.5,427:5.39,312:4.85,386:4.8,12:4.71,387:4.69,205:4.67,292:4.64,762:4.56,691:4.51,302:4.41,193:4.32,166:4.29,768:4.2,945:4.18,49:3.84,168:3.83,294:3.82,1170:3.66,15:3.53,777:3.37,47:3.36,438:3.03,570:0.21,441:0.16,657:0.15,583:0.15,621:0.14,979:0.14,898:0.12,127:0.09,566:0.09,213:0.07,390:0.07,642:0.06,123:0.06,661:0.06,569:0.05,925:0.05,614:0.05,391:0.04,851:0.02,763:0.02,214:0.02,212:0.01,1055:0.01
1169	1171	943:5.35,427:5.23,292:5.05,387:4.84,12:4.82,386:4.78,193:4.54,312:4.42,762:4.28,691:4.25,302:4.23,768:4.13,205:4.12,294:4.12,945:4.05,49:3.99,168:3.83,1170:3.79,166:3.7,15:3.61,777:3.31,438:2.86,47:2.71,441:0.37,657:0.35,583:0.32,898:0.31,621:0.29,570:0.28,979:0.26,642:0.22,127:0.2,661:0.17,390:0.15,614:0.14,851:0.14,566:0.14,212:0.14,925:0.1,763:0.08,123:0.07,391:0.07,213:0.07,214:0.06,1055:0.03,569:0.02,567:0.01
1183	927	245:2.76,1016:2.51,672:2.5,813:2.34,9:2.34,1081:2.3,329:2.15,1222:2.15,134:2.15,1231:2.08,130:2.05,528:2.01,160:2.01,420:2,541:1.96,1002:1.95,683:1.93,843:1.93,375:1.93,285:1.91,230:1.87,374:1.86,186:1.86,314:1.82,1145:1.82,224:1.77,55:1.72,131:1.72,343:1.7,872:1.68,793:1.68,907:1.66,514:1.66,939:1.65,718:1.62,755:1.62,141:1.58,121:1.58,226:1.53,91:1.47,444:1.44,590:1.44,62:1.43,618:1.41,859:1.41,73:1.36,562:1.35,139:1.34,908:1.32,381:1.28,714:1.26,1001:1.22,773:1.19,1159:1.17,297:1.17,199:1.15,80:1.12,1174:1.11
1183	1226	245:2.93,672:2.68,813:2.6,1016:2.48,329:2.41,1081:2.34,528:2.31,843:2.14,160:2.12,1002:2.06,9:2.06,134:2.03,130:1.97,1222:1.94,793:1.91,755:1.9,907:1.89,1231:1.87,375:1.85,718:1.83,444:1.83,314:1.82,420:1.81,186:1.79,939:1.79,224:1.79,131:1.77,872:1.77,55:1.77,285:1.72,541:1.72,374:1.68,1145:1.67,514:1.63,683:1.61,343:1.6,230:1.59,121:1.53,1174:1.53,226:1.52,141:1.5,62:1.48,590:1.45,714:1.38,91:1.37,1159:1.37,73:1.28,139:1.28,859:1.27,381:1.27,908:1.26,562:1.24,618:1.22,1001:1.19,80:1.19,773:1.15,297:0.96,199:0.88
1196	0	362:1.87,378:1.86,588:1.63,889:1.62,454:1.6,698:1.59,502:1.56,997:1.49,1004:1.48,279:1.48,880:1.47,837:1.46,490:1.44,1195:1.44,581:1.43,706:1.41,1207:1.41,154:1.39,855:1.34,1172:1.33,705:1.31,495:1.29,677:1.29,480:1.27,867:1.25,1076:1.25,892:1.23,522:1.23,537:1.23,503:1.22,1117:1.21,446:1.21,933:1.19,574:1.19,414:1.18,1044:1.16,467:1.15,1153:1.15,451:1.15,779:1.15,866:1.15,1142:1.12,1038:1.1,634:1.1,936:1.1,182:1.09,962:1.08,1226:1.08,1148:1.08,749:1.08,307:1.06,795:1.04,788:1.04,389:1.03,1036:1.02,648:1.01,345:1.01,803:1.01,972:0.99,923:0.98,3:0.98,927:0.97,955:0.96,572:0.96,300:0.92,1177:0.92,94:0.92,623:0.91,736:0.91,189:0.91,103:0.9,1200:0.89,567:0.88,734:0.87,485:0.86,806:0.84,1201:0.84,1146:0.82,369:0.81,616:0.81,611:0.8,618:0.8,974:0.76,71:0.74,45:0.71,977:0.68,432:0.63,297:0.62,1141:0.6
1197	0	378:1.83,362:1.74,588:1.73,698:1.7,880:1.64,837:1.61,454:1.59,490:1.53,279:1.53,502:1.52,480:1.49,997:1.46,889:1.46,1195:1.44,1004:1.42,1117:1.4,788:1.38,1153:1.36,705:1.35,154:1.29,1172:1.29,495:1.29,414:1.27,855:1.27,574:1.27,677:1.25,446:1.24,1207:1.23,522:1.22,927:1.2,867:1.2,706:1.19,1148:1.18,974:1.17,1076:1.16,1044:1.16,1036:1.15,103:1.13,3:1.13,1142:1.12,537:1.12,779:1.11,182:1.11,734:1.09,866:1.07,581:1.07,451:1.07,933:1.07,503:1.04,962:1.04,1226:1.03,892:1.01,623:1.01,749:1,806:1,369:0.99,300:0.99,936:0.98,307:0.97,648:0.97,795:0.96,977:0.96,1038:0.95,467:0.95,572:0.94,432:0.93,616:0.93,1146:0.92,1177:0.91,485:0.91,1199:0.89,189:0.89,94:0.89,345:0.88,389:0.87,972:0.85,1201:0.85,923:0.85,955:0.85,618:0.85,736:0.84,567:0.82,634:0.81,1141:0.79,803:0.75,45:0.74,611:0.73,71:0.64,297:0.52
1198	0	362:1.84,880:1.73,490:1.7,495:1.63,997:1.59,889:1.55,454:1.55,502:1.53,705:1.51,1044:1.5,855:1.48,378:1.46,698:1.44,837:1.43,1117:1.38,279:1.38,1153:1.37,588:1.37,581:1.35,1195:1.29,154:1.29,779:1.27,1142:1.26,706:1.25,867:1.24,974:1.24,480:1.23,503:1.23,103:1.21,1004:1.21,522:1.21,1172:1.19,446:1.19,1036:1.16,537:1.16,1226:1.15,574:1.15,345:1.14,788:1.13,1199:1.11,749:1.11,936:1.1,795:1.1,933:1.09,1076:1.09,94:1.08,451:1.08,432:1.08,3:1.07,1207:1.06,1148:1.06,892:1.06,677:1.06,803:1.05,927:1.04,389:1.02,467:1.01,182:1.01,623:1.01,866:0.99,369:0.99,1146:0.99,300:0.98,307:0.97,648:0.97,414:0.96,189:0.95,634:0.95,806:0.94,1200:0.92,572:0.89,618:0.89,485:0.88,962:0.87,736:0.86,734:0.86,1038:0.85,611:0.85,567:0.84,972:0.84,616:0.81,297:0.75,955:0.75,45:0.74,923:0.71,1177:0.71,977:0.7,71:0.66,1141:0.65
1230	0	1059:5.51,922:5.26,1050:5.09,745:5.06,827:4.92,1084:4.71,1012:4.7,912:4.46,502:4.37,831:3.97,880:3.9,454:3.68,889:3.62,1004:3.41,1195:3.03,1142:2.95,706:2.83,749:2.8,936:2.76,451:2.69,962:2.67,634:2.65,1148:2.57,927:2.56,806:2.55,1226:2.51,94:2.44,1038:2.33
